ISO-10303-21;
HEADER;

/* File generated by Shapr3D Version 26.151.0.11589 */

FILE_DESCRIPTION(('HOOPS Exchange Step'),'2;1');

FILE_NAME('/Users/slvt/Library/Containers/com.shapr3d.shapr/Data/tmp/export/temp_export',
'2026-10-06T11:04:43+03:00',
('slvt'),
('Shapr3D Limited'),
'HOOPS Exchange 2026.3',
'Shapr3D',
'Authorized');

FILE_SCHEMA( ('AP242_MANAGED_MODEL_BASED_3D_ENGINEERING_MIM_LF {1 0 10303 442 1 1 4}') );

ENDSEC;

DATA;
#3=(NAMED_UNIT(*)PLANE_ANGLE_UNIT()SI_UNIT($,.RADIAN.));
#4=PLANE_ANGLE_MEASURE_WITH_UNIT(PLANE_ANGLE_MEASURE(0.0174532925),#3);
#5=(CONVERSION_BASED_UNIT('DEGREE',#4)NAMED_UNIT(#6)PLANE_ANGLE_UNIT());
#6=DIMENSIONAL_EXPONENTS(0.,0.,0.,0.,0.,0.,0.);
#7=(NAMED_UNIT(*)SI_UNIT($,.STERADIAN.)SOLID_ANGLE_UNIT());
#8=(LENGTH_UNIT()NAMED_UNIT(*)SI_UNIT(.MILLI.,.METRE.));
#9=UNCERTAINTY_MEASURE_WITH_UNIT(LENGTH_MEASURE(1.000000E-03),#8,'DISTANCE_ACCURACY_VALUE','Maximum Tolerance applied to model');
#10=(GEOMETRIC_REPRESENTATION_CONTEXT(3)GLOBAL_UNCERTAINTY_ASSIGNED_CONTEXT((#9))GLOBAL_UNIT_ASSIGNED_CONTEXT((#8,#5,#7))REPRESENTATION_CONTEXT('','root'));
#12=CARTESIAN_POINT('',(0.,0.,0.));
#13=DIRECTION('',(0.,0.,1.));
#14=DIRECTION('',(1.,0.,0.));
#15=AXIS2_PLACEMENT_3D('TS3D_PRODUCT_CSYS',#12,#13,#14);
#26=(NAMED_UNIT(*)PLANE_ANGLE_UNIT()SI_UNIT($,.RADIAN.));
#27=PLANE_ANGLE_MEASURE_WITH_UNIT(PLANE_ANGLE_MEASURE(0.0174532925),#26);
#28=(CONVERSION_BASED_UNIT('DEGREE',#27)NAMED_UNIT(#29)PLANE_ANGLE_UNIT());
#29=DIMENSIONAL_EXPONENTS(0.,0.,0.,0.,0.,0.,0.);
#30=(NAMED_UNIT(*)SI_UNIT($,.STERADIAN.)SOLID_ANGLE_UNIT());
#31=(LENGTH_UNIT()NAMED_UNIT(*)SI_UNIT(.MILLI.,.METRE.));
#32=UNCERTAINTY_MEASURE_WITH_UNIT(LENGTH_MEASURE(1.000000E-03),#31,'DISTANCE_ACCURACY_VALUE','Maximum Tolerance applied to model');
#33=(GEOMETRIC_REPRESENTATION_CONTEXT(3)GLOBAL_UNCERTAINTY_ASSIGNED_CONTEXT((#32))GLOBAL_UNIT_ASSIGNED_CONTEXT((#31,#28,#30))REPRESENTATION_CONTEXT('','trackball.x_t'));
#45=CARTESIAN_POINT('',(0.,0.,0.));
#46=DIRECTION('',(0.,0.,1.));
#47=DIRECTION('',(1.,0.,-0.));
#48=AXIS2_PLACEMENT_3D('',#45,#46,#47);
#49=ITEM_DEFINED_TRANSFORMATION('','',#48,#15);
#50=(REPRESENTATION_RELATIONSHIP('','',#35,#16)REPRESENTATION_RELATIONSHIP_WITH_TRANSFORMATION(#49)SHAPE_REPRESENTATION_RELATIONSHIP());
#51=NEXT_ASSEMBLY_USAGE_OCCURRENCE('trackball.x_t_1','trackball.x_t','trackball.x_t',#25,#44,$);
#52=PRODUCT_DEFINITION_SHAPE('','',#51);
#53=CONTEXT_DEPENDENT_SHAPE_REPRESENTATION(#50,#52);
#54=(NAMED_UNIT(*)PLANE_ANGLE_UNIT()SI_UNIT($,.RADIAN.));
#55=PLANE_ANGLE_MEASURE_WITH_UNIT(PLANE_ANGLE_MEASURE(0.0174532925),#54);
#56=(CONVERSION_BASED_UNIT('DEGREE',#55)NAMED_UNIT(#57)PLANE_ANGLE_UNIT());
#57=DIMENSIONAL_EXPONENTS(0.,0.,0.,0.,0.,0.,0.);
#58=(NAMED_UNIT(*)SI_UNIT($,.STERADIAN.)SOLID_ANGLE_UNIT());
#59=(LENGTH_UNIT()NAMED_UNIT(*)SI_UNIT(.MILLI.,.METRE.));
#60=UNCERTAINTY_MEASURE_WITH_UNIT(LENGTH_MEASURE(1.000000E-03),#59,'DISTANCE_ACCURACY_VALUE','Maximum Tolerance applied to model');
#61=(GEOMETRIC_REPRESENTATION_CONTEXT(3)GLOBAL_UNCERTAINTY_ASSIGNED_CONTEXT((#60))GLOBAL_UNIT_ASSIGNED_CONTEXT((#59,#56,#58))REPRESENTATION_CONTEXT('','trackball.x_t'));
#73=CARTESIAN_POINT('',(0.,0.,0.));
#74=DIRECTION('',(0.,0.,1.));
#75=DIRECTION('',(1.,0.,-0.));
#76=AXIS2_PLACEMENT_3D('',#73,#74,#75);
#77=ITEM_DEFINED_TRANSFORMATION('','',#76,#15);
#78=(REPRESENTATION_RELATIONSHIP('','',#63,#35)REPRESENTATION_RELATIONSHIP_WITH_TRANSFORMATION(#77)SHAPE_REPRESENTATION_RELATIONSHIP());
#79=NEXT_ASSEMBLY_USAGE_OCCURRENCE('trackball.x_t_2','trackball.x_t','trackball.x_t',#44,#72,$);
#80=PRODUCT_DEFINITION_SHAPE('','',#79);
#81=CONTEXT_DEPENDENT_SHAPE_REPRESENTATION(#78,#80);
#82=(NAMED_UNIT(*)PLANE_ANGLE_UNIT()SI_UNIT($,.RADIAN.));
#83=PLANE_ANGLE_MEASURE_WITH_UNIT(PLANE_ANGLE_MEASURE(0.0174532925),#82);
#84=(CONVERSION_BASED_UNIT('DEGREE',#83)NAMED_UNIT(#85)PLANE_ANGLE_UNIT());
#85=DIMENSIONAL_EXPONENTS(0.,0.,0.,0.,0.,0.,0.);
#86=(NAMED_UNIT(*)SI_UNIT($,.STERADIAN.)SOLID_ANGLE_UNIT());
#87=(LENGTH_UNIT()NAMED_UNIT(*)SI_UNIT(.MILLI.,.METRE.));
#88=UNCERTAINTY_MEASURE_WITH_UNIT(LENGTH_MEASURE(1.000000E-05),#87,'DISTANCE_ACCURACY_VALUE','Maximum Tolerance applied to model');
#89=(GEOMETRIC_REPRESENTATION_CONTEXT(3)GLOBAL_UNCERTAINTY_ASSIGNED_CONTEXT((#88))GLOBAL_UNIT_ASSIGNED_CONTEXT((#87,#84,#86))REPRESENTATION_CONTEXT('','trackball.x_t'));
#101=CARTESIAN_POINT('',(0.,0.,0.));
#102=DIRECTION('',(0.,0.,1.));
#103=DIRECTION('',(1.,0.,-0.));
#104=AXIS2_PLACEMENT_3D('',#101,#102,#103);
#105=ITEM_DEFINED_TRANSFORMATION('','',#104,#15);
#106=(REPRESENTATION_RELATIONSHIP('','',#91,#63)REPRESENTATION_RELATIONSHIP_WITH_TRANSFORMATION(#105)SHAPE_REPRESENTATION_RELATIONSHIP());
#107=NEXT_ASSEMBLY_USAGE_OCCURRENCE('trackball.x_t_3','trackball.x_t','trackball.x_t',#72,#100,$);
#108=PRODUCT_DEFINITION_SHAPE('','',#107);
#109=CONTEXT_DEPENDENT_SHAPE_REPRESENTATION(#106,#108);
#111=CARTESIAN_POINT('',(4745.7,-284.7,-6.3));
#112=DIRECTION('',(-0.,1.,0.));
#113=DIRECTION('',(-1.,-0.,-0.));
#114=AXIS2_PLACEMENT_3D('',#111,#112,#113);
#115=PLANE('',#114);
#116=CARTESIAN_POINT('',(4696.371956918,-284.7,10.3));
#117=VERTEX_POINT('',#116);
#118=CARTESIAN_POINT('',(4696.371956918,-284.7,7.9));
#119=VERTEX_POINT('',#118);
#120=CARTESIAN_POINT('',(4696.371956918,-284.7,10.3));
#121=DIRECTION('',(0.,0.,-1.));
#122=VECTOR('',#121,2.4);
#123=LINE('',#120,#122);
#124=EDGE_CURVE('',#117,#119,#123,.T.);
#125=ORIENTED_EDGE('',*,*,#124,.F.);
#126=CARTESIAN_POINT('',(4692.3,-284.7,10.3));
#127=VERTEX_POINT('',#126);
#128=CARTESIAN_POINT('',(4692.3,-284.7,10.3));
#129=DIRECTION('',(1.,0.,0.));
#130=VECTOR('',#129,4.071956918);
#131=LINE('',#128,#130);
#132=EDGE_CURVE('',#127,#117,#131,.T.);
#133=ORIENTED_EDGE('',*,*,#132,.F.);
#134=CARTESIAN_POINT('',(4692.3,-284.7,7.9));
#135=VERTEX_POINT('',#134);
#136=CARTESIAN_POINT('',(4692.3,-284.7,10.3));
#137=DIRECTION('',(0.,0.,-1.));
#138=VECTOR('',#137,2.4);
#139=LINE('',#136,#138);
#140=EDGE_CURVE('',#127,#135,#139,.T.);
#141=ORIENTED_EDGE('',*,*,#140,.T.);
#142=CARTESIAN_POINT('',(4692.3,-284.7,7.9));
#143=DIRECTION('',(1.,0.,0.));
#144=VECTOR('',#143,4.071956918);
#145=LINE('',#142,#144);
#146=EDGE_CURVE('',#135,#119,#145,.T.);
#147=ORIENTED_EDGE('',*,*,#146,.T.);
#148=EDGE_LOOP('',(#125,#133,#141,#147));
#149=FACE_BOUND('',#148,.T.);
#150=ADVANCED_FACE('',(#149),#115,.F.);
#151=CARTESIAN_POINT('',(4745.7,-284.7,-6.3));
#152=DIRECTION('',(-0.,1.,0.));
#153=DIRECTION('',(-1.,-0.,-0.));
#154=AXIS2_PLACEMENT_3D('',#151,#152,#153);
#155=PLANE('',#154);
#156=CARTESIAN_POINT('',(4706.028043082,-284.7,7.9));
#157=VERTEX_POINT('',#156);
#158=CARTESIAN_POINT('',(4706.028043082,-284.7,10.3));
#159=VERTEX_POINT('',#158);
#160=CARTESIAN_POINT('',(4706.028043082,-284.7,7.9));
#161=DIRECTION('',(-0.,-0.,1.));
#162=VECTOR('',#161,2.4);
#163=LINE('',#160,#162);
#164=EDGE_CURVE('',#157,#159,#163,.T.);
#165=ORIENTED_EDGE('',*,*,#164,.F.);
#166=CARTESIAN_POINT('',(4710.1,-284.7,7.9));
#167=VERTEX_POINT('',#166);
#168=CARTESIAN_POINT('',(4706.028043082,-284.7,7.9));
#169=DIRECTION('',(1.,0.,0.));
#170=VECTOR('',#169,4.071956918);
#171=LINE('',#168,#170);
#172=EDGE_CURVE('',#157,#167,#171,.T.);
#173=ORIENTED_EDGE('',*,*,#172,.T.);
#174=CARTESIAN_POINT('',(4710.1,-284.7,10.3));
#175=VERTEX_POINT('',#174);
#176=CARTESIAN_POINT('',(4710.1,-284.7,7.9));
#177=DIRECTION('',(-0.,-0.,1.));
#178=VECTOR('',#177,2.4);
#179=LINE('',#176,#178);
#180=EDGE_CURVE('',#167,#175,#179,.T.);
#181=ORIENTED_EDGE('',*,*,#180,.T.);
#182=CARTESIAN_POINT('',(4706.028043082,-284.7,10.3));
#183=DIRECTION('',(1.,0.,0.));
#184=VECTOR('',#183,4.071956918);
#185=LINE('',#182,#184);
#186=EDGE_CURVE('',#159,#175,#185,.T.);
#187=ORIENTED_EDGE('',*,*,#186,.F.);
#188=EDGE_LOOP('',(#165,#173,#181,#187));
#189=FACE_BOUND('',#188,.T.);
#190=ADVANCED_FACE('',(#189),#155,.F.);
#191=CARTESIAN_POINT('',(4694.8,-366.8,-6.3));
#192=DIRECTION('',(-1.,-0.,-0.));
#193=DIRECTION('',(0.,-1.,-0.));
#194=AXIS2_PLACEMENT_3D('',#191,#192,#193);
#195=PLANE('',#194);
#196=CARTESIAN_POINT('',(4694.8,-281.3,7.9));
#197=VERTEX_POINT('',#196);
#198=CARTESIAN_POINT('',(4694.8,-281.3,10.3));
#199=VERTEX_POINT('',#198);
#200=CARTESIAN_POINT('',(4694.8,-281.3,7.9));
#201=DIRECTION('',(-0.,-0.,1.));
#202=VECTOR('',#201,2.4);
#203=LINE('',#200,#202);
#204=EDGE_CURVE('',#197,#199,#203,.T.);
#205=ORIENTED_EDGE('',*,*,#204,.F.);
#206=CARTESIAN_POINT('',(4694.8,-279.7,7.9));
#207=VERTEX_POINT('',#206);
#208=CARTESIAN_POINT('',(4694.8,-281.3,7.9));
#209=DIRECTION('',(-0.,1.,0.));
#210=VECTOR('',#209,1.6);
#211=LINE('',#208,#210);
#212=EDGE_CURVE('',#197,#207,#211,.T.);
#213=ORIENTED_EDGE('',*,*,#212,.T.);
#214=CARTESIAN_POINT('',(4694.8,-279.7,10.3));
#215=VERTEX_POINT('',#214);
#216=CARTESIAN_POINT('',(4694.8,-279.7,10.3));
#217=DIRECTION('',(0.,0.,-1.));
#218=VECTOR('',#217,2.4);
#219=LINE('',#216,#218);
#220=EDGE_CURVE('',#215,#207,#219,.T.);
#221=ORIENTED_EDGE('',*,*,#220,.F.);
#222=CARTESIAN_POINT('',(4694.8,-281.3,10.3));
#223=DIRECTION('',(-0.,1.,0.));
#224=VECTOR('',#223,1.6);
#225=LINE('',#222,#224);
#226=EDGE_CURVE('',#199,#215,#225,.T.);
#227=ORIENTED_EDGE('',*,*,#226,.F.);
#228=EDGE_LOOP('',(#205,#213,#221,#227));
#229=FACE_BOUND('',#228,.T.);
#230=ADVANCED_FACE('',(#229),#195,.F.);
#231=CARTESIAN_POINT('',(4745.7,-279.7,-6.3));
#232=DIRECTION('',(0.,-1.,-0.));
#233=DIRECTION('',(-0.,-0.,1.));
#234=AXIS2_PLACEMENT_3D('',#231,#232,#233);
#235=PLANE('',#234);
#236=CARTESIAN_POINT('',(4692.3,-279.7,7.9));
#237=VERTEX_POINT('',#236);
#238=CARTESIAN_POINT('',(4694.8,-279.7,7.9));
#239=DIRECTION('',(-1.,-0.,-0.));
#240=VECTOR('',#239,2.5);
#241=LINE('',#238,#240);
#242=EDGE_CURVE('',#207,#237,#241,.T.);
#243=ORIENTED_EDGE('',*,*,#242,.T.);
#244=CARTESIAN_POINT('',(4692.3,-279.7,10.3));
#245=VERTEX_POINT('',#244);
#246=CARTESIAN_POINT('',(4692.3,-279.7,7.9));
#247=DIRECTION('',(-0.,-0.,1.));
#248=VECTOR('',#247,2.4);
#249=LINE('',#246,#248);
#250=EDGE_CURVE('',#237,#245,#249,.T.);
#251=ORIENTED_EDGE('',*,*,#250,.T.);
#252=CARTESIAN_POINT('',(4694.8,-279.7,10.3));
#253=DIRECTION('',(-1.,-0.,-0.));
#254=VECTOR('',#253,2.5);
#255=LINE('',#252,#254);
#256=EDGE_CURVE('',#215,#245,#255,.T.);
#257=ORIENTED_EDGE('',*,*,#256,.F.);
#258=ORIENTED_EDGE('',*,*,#220,.T.);
#259=EDGE_LOOP('',(#243,#251,#257,#258));
#260=FACE_BOUND('',#259,.T.);
#261=ADVANCED_FACE('',(#260),#235,.F.);
#262=CARTESIAN_POINT('',(4832.7,-598.8,10.3));
#263=DIRECTION('',(-0.,-0.,1.));
#264=DIRECTION('',(-1.,-0.,-0.));
#265=AXIS2_PLACEMENT_3D('',#262,#263,#264);
#266=PLANE('',#265);
#267=CARTESIAN_POINT('',(4711.6,-282.2,10.3));
#268=VERTEX_POINT('',#267);
#269=CARTESIAN_POINT('',(4710.1,-282.2,10.3));
#270=DIRECTION('',(0.,0.,-1.));
#271=DIRECTION('',(1.,0.,0.));
#272=AXIS2_PLACEMENT_3D('',#269,#270,#271);
#273=CIRCLE('',#272,1.5);
#274=EDGE_CURVE('',#268,#268,#273,.T.);
#275=ORIENTED_EDGE('',*,*,#274,.T.);
#276=EDGE_LOOP('',(#275));
#277=FACE_BOUND('',#276,.T.);
#278=CARTESIAN_POINT('',(4693.8,-282.2,10.3));
#279=VERTEX_POINT('',#278);
#280=CARTESIAN_POINT('',(4692.3,-282.2,10.3));
#281=DIRECTION('',(0.,0.,-1.));
#282=DIRECTION('',(1.,0.,0.));
#283=AXIS2_PLACEMENT_3D('',#280,#281,#282);
#284=CIRCLE('',#283,1.5);
#285=EDGE_CURVE('',#279,#279,#284,.T.);
#286=ORIENTED_EDGE('',*,*,#285,.T.);
#287=EDGE_LOOP('',(#286));
#288=FACE_BOUND('',#287,.T.);
#289=ORIENTED_EDGE('',*,*,#132,.T.);
#290=CARTESIAN_POINT('',(4701.2,-301.,10.3));
#291=DIRECTION('',(0.,0.,-1.));
#292=DIRECTION('',(1.,0.,0.));
#293=AXIS2_PLACEMENT_3D('',#290,#291,#292);
#294=CIRCLE('',#293,17.);
#295=EDGE_CURVE('',#117,#159,#294,.T.);
#296=ORIENTED_EDGE('',*,*,#295,.T.);
#297=ORIENTED_EDGE('',*,*,#186,.T.);
#298=CARTESIAN_POINT('',(4712.6,-282.2,10.3));
#299=VERTEX_POINT('',#298);
#300=CARTESIAN_POINT('',(4710.1,-282.2,10.3));
#301=DIRECTION('',(-0.,-0.,1.));
#302=DIRECTION('',(1.,0.,0.));
#303=AXIS2_PLACEMENT_3D('',#300,#301,#302);
#304=CIRCLE('',#303,2.5);
#305=EDGE_CURVE('',#175,#299,#304,.T.);
#306=ORIENTED_EDGE('',*,*,#305,.T.);
#307=CARTESIAN_POINT('',(4710.1,-279.7,10.3));
#308=VERTEX_POINT('',#307);
#309=CARTESIAN_POINT('',(4710.1,-282.2,10.3));
#310=DIRECTION('',(-0.,-0.,1.));
#311=DIRECTION('',(1.,0.,0.));
#312=AXIS2_PLACEMENT_3D('',#309,#310,#311);
#313=CIRCLE('',#312,2.5);
#314=EDGE_CURVE('',#299,#308,#313,.T.);
#315=ORIENTED_EDGE('',*,*,#314,.T.);
#316=CARTESIAN_POINT('',(4707.6,-279.7,10.3));
#317=VERTEX_POINT('',#316);
#318=CARTESIAN_POINT('',(4710.1,-279.7,10.3));
#319=DIRECTION('',(-1.,-0.,-0.));
#320=VECTOR('',#319,2.5);
#321=LINE('',#318,#320);
#322=EDGE_CURVE('',#308,#317,#321,.T.);
#323=ORIENTED_EDGE('',*,*,#322,.T.);
#324=CARTESIAN_POINT('',(4707.6,-281.3,10.3));
#325=VERTEX_POINT('',#324);
#326=CARTESIAN_POINT('',(4707.6,-279.7,10.3));
#327=DIRECTION('',(0.,-1.,-0.));
#328=VECTOR('',#327,1.6);
#329=LINE('',#326,#328);
#330=EDGE_CURVE('',#317,#325,#329,.T.);
#331=ORIENTED_EDGE('',*,*,#330,.T.);
#332=CARTESIAN_POINT('',(4707.6,-281.3,10.3));
#333=DIRECTION('',(-1.,-0.,-0.));
#334=VECTOR('',#333,12.8);
#335=LINE('',#332,#334);
#336=EDGE_CURVE('',#325,#199,#335,.T.);
#337=ORIENTED_EDGE('',*,*,#336,.T.);
#338=ORIENTED_EDGE('',*,*,#226,.T.);
#339=ORIENTED_EDGE('',*,*,#256,.T.);
#340=CARTESIAN_POINT('',(4689.8,-282.2,10.3));
#341=VERTEX_POINT('',#340);
#342=CARTESIAN_POINT('',(4692.3,-282.2,10.3));
#343=DIRECTION('',(-0.,-0.,1.));
#344=DIRECTION('',(1.,0.,0.));
#345=AXIS2_PLACEMENT_3D('',#342,#343,#344);
#346=CIRCLE('',#345,2.5);
#347=EDGE_CURVE('',#245,#341,#346,.T.);
#348=ORIENTED_EDGE('',*,*,#347,.T.);
#349=CARTESIAN_POINT('',(4692.3,-282.2,10.3));
#350=DIRECTION('',(-0.,-0.,1.));
#351=DIRECTION('',(1.,0.,0.));
#352=AXIS2_PLACEMENT_3D('',#349,#350,#351);
#353=CIRCLE('',#352,2.5);
#354=EDGE_CURVE('',#341,#127,#353,.T.);
#355=ORIENTED_EDGE('',*,*,#354,.T.);
#356=EDGE_LOOP('',(#289,#296,#297,#306,#315,#323,#331,#337,#338,#339,#348,#355));
#357=FACE_BOUND('',#356,.T.);
#358=ADVANCED_FACE('',(#277,#288,#357),#266,.T.);
#359=CARTESIAN_POINT('',(4832.7,-598.8,7.9));
#360=DIRECTION('',(-0.,-0.,1.));
#361=DIRECTION('',(-1.,-0.,-0.));
#362=AXIS2_PLACEMENT_3D('',#359,#360,#361);
#363=PLANE('',#362);
#364=CARTESIAN_POINT('',(4701.2,-301.,7.9));
#365=DIRECTION('',(0.,0.,-1.));
#366=DIRECTION('',(1.,0.,0.));
#367=AXIS2_PLACEMENT_3D('',#364,#365,#366);
#368=CIRCLE('',#367,17.);
#369=EDGE_CURVE('',#119,#157,#368,.T.);
#370=ORIENTED_EDGE('',*,*,#369,.F.);
#371=ORIENTED_EDGE('',*,*,#146,.F.);
#372=CARTESIAN_POINT('',(4689.8,-282.2,7.9));
#373=VERTEX_POINT('',#372);
#374=CARTESIAN_POINT('',(4692.3,-282.2,7.9));
#375=DIRECTION('',(0.,0.,-1.));
#376=DIRECTION('',(1.,0.,0.));
#377=AXIS2_PLACEMENT_3D('',#374,#375,#376);
#378=CIRCLE('',#377,2.5);
#379=EDGE_CURVE('',#135,#373,#378,.T.);
#380=ORIENTED_EDGE('',*,*,#379,.T.);
#381=CARTESIAN_POINT('',(4692.3,-282.2,7.9));
#382=DIRECTION('',(0.,0.,-1.));
#383=DIRECTION('',(1.,0.,0.));
#384=AXIS2_PLACEMENT_3D('',#381,#382,#383);
#385=CIRCLE('',#384,2.5);
#386=EDGE_CURVE('',#373,#237,#385,.T.);
#387=ORIENTED_EDGE('',*,*,#386,.T.);
#388=ORIENTED_EDGE('',*,*,#242,.F.);
#389=ORIENTED_EDGE('',*,*,#212,.F.);
#390=CARTESIAN_POINT('',(4707.6,-281.3,7.9));
#391=VERTEX_POINT('',#390);
#392=CARTESIAN_POINT('',(4707.6,-281.3,7.9));
#393=DIRECTION('',(-1.,-0.,-0.));
#394=VECTOR('',#393,12.8);
#395=LINE('',#392,#394);
#396=EDGE_CURVE('',#391,#197,#395,.T.);
#397=ORIENTED_EDGE('',*,*,#396,.F.);
#398=CARTESIAN_POINT('',(4707.6,-279.7,7.9));
#399=VERTEX_POINT('',#398);
#400=CARTESIAN_POINT('',(4707.6,-279.7,7.9));
#401=DIRECTION('',(0.,-1.,-0.));
#402=VECTOR('',#401,1.6);
#403=LINE('',#400,#402);
#404=EDGE_CURVE('',#399,#391,#403,.T.);
#405=ORIENTED_EDGE('',*,*,#404,.F.);
#406=CARTESIAN_POINT('',(4710.1,-279.7,7.9));
#407=VERTEX_POINT('',#406);
#408=CARTESIAN_POINT('',(4710.1,-279.7,7.9));
#409=DIRECTION('',(-1.,-0.,-0.));
#410=VECTOR('',#409,2.5);
#411=LINE('',#408,#410);
#412=EDGE_CURVE('',#407,#399,#411,.T.);
#413=ORIENTED_EDGE('',*,*,#412,.F.);
#414=CARTESIAN_POINT('',(4712.6,-282.2,7.9));
#415=VERTEX_POINT('',#414);
#416=CARTESIAN_POINT('',(4710.1,-282.2,7.9));
#417=DIRECTION('',(0.,0.,-1.));
#418=DIRECTION('',(1.,0.,0.));
#419=AXIS2_PLACEMENT_3D('',#416,#417,#418);
#420=CIRCLE('',#419,2.5);
#421=EDGE_CURVE('',#407,#415,#420,.T.);
#422=ORIENTED_EDGE('',*,*,#421,.T.);
#423=CARTESIAN_POINT('',(4710.1,-282.2,7.9));
#424=DIRECTION('',(0.,0.,-1.));
#425=DIRECTION('',(1.,0.,0.));
#426=AXIS2_PLACEMENT_3D('',#423,#424,#425);
#427=CIRCLE('',#426,2.5);
#428=EDGE_CURVE('',#415,#167,#427,.T.);
#429=ORIENTED_EDGE('',*,*,#428,.T.);
#430=ORIENTED_EDGE('',*,*,#172,.F.);
#431=EDGE_LOOP('',(#370,#371,#380,#387,#388,#389,#397,#405,#413,#422,#429,#430));
#432=FACE_BOUND('',#431,.T.);
#433=CARTESIAN_POINT('',(4711.6,-282.2,7.9));
#434=VERTEX_POINT('',#433);
#435=CARTESIAN_POINT('',(4710.1,-282.2,7.9));
#436=DIRECTION('',(0.,0.,-1.));
#437=DIRECTION('',(1.,0.,0.));
#438=AXIS2_PLACEMENT_3D('',#435,#436,#437);
#439=CIRCLE('',#438,1.5);
#440=EDGE_CURVE('',#434,#434,#439,.T.);
#441=ORIENTED_EDGE('',*,*,#440,.F.);
#442=EDGE_LOOP('',(#441));
#443=FACE_BOUND('',#442,.T.);
#444=CARTESIAN_POINT('',(4693.8,-282.2,7.9));
#445=VERTEX_POINT('',#444);
#446=CARTESIAN_POINT('',(4692.3,-282.2,7.9));
#447=DIRECTION('',(0.,0.,-1.));
#448=DIRECTION('',(1.,0.,0.));
#449=AXIS2_PLACEMENT_3D('',#446,#447,#448);
#450=CIRCLE('',#449,1.5);
#451=EDGE_CURVE('',#445,#445,#450,.T.);
#452=ORIENTED_EDGE('',*,*,#451,.F.);
#453=EDGE_LOOP('',(#452));
#454=FACE_BOUND('',#453,.T.);
#455=ADVANCED_FACE('',(#432,#443,#454),#363,.F.);
#456=CARTESIAN_POINT('',(4763.1,-281.3,-6.3));
#457=DIRECTION('',(0.,-1.,-0.));
#458=DIRECTION('',(-0.,-0.,1.));
#459=AXIS2_PLACEMENT_3D('',#456,#457,#458);
#460=PLANE('',#459);
#461=ORIENTED_EDGE('',*,*,#396,.T.);
#462=ORIENTED_EDGE('',*,*,#204,.T.);
#463=ORIENTED_EDGE('',*,*,#336,.F.);
#464=CARTESIAN_POINT('',(4707.6,-281.3,7.9));
#465=DIRECTION('',(-0.,-0.,1.));
#466=VECTOR('',#465,2.4);
#467=LINE('',#464,#466);
#468=EDGE_CURVE('',#391,#325,#467,.T.);
#469=ORIENTED_EDGE('',*,*,#468,.F.);
#470=EDGE_LOOP('',(#461,#462,#463,#469));
#471=FACE_BOUND('',#470,.T.);
#472=ADVANCED_FACE('',(#471),#460,.F.);
#473=CARTESIAN_POINT('',(4707.6,-366.8,-6.3));
#474=DIRECTION('',(1.,0.,0.));
#475=DIRECTION('',(-0.,1.,0.));
#476=AXIS2_PLACEMENT_3D('',#473,#474,#475);
#477=PLANE('',#476);
#478=ORIENTED_EDGE('',*,*,#404,.T.);
#479=ORIENTED_EDGE('',*,*,#468,.T.);
#480=ORIENTED_EDGE('',*,*,#330,.F.);
#481=CARTESIAN_POINT('',(4707.6,-279.7,10.3));
#482=DIRECTION('',(0.,0.,-1.));
#483=VECTOR('',#482,2.4);
#484=LINE('',#481,#483);
#485=EDGE_CURVE('',#317,#399,#484,.T.);
#486=ORIENTED_EDGE('',*,*,#485,.T.);
#487=EDGE_LOOP('',(#478,#479,#480,#486));
#488=FACE_BOUND('',#487,.T.);
#489=ADVANCED_FACE('',(#488),#477,.F.);
#490=CARTESIAN_POINT('',(4763.5,-279.7,-6.3));
#491=DIRECTION('',(0.,-1.,-0.));
#492=DIRECTION('',(-0.,-0.,1.));
#493=AXIS2_PLACEMENT_3D('',#490,#491,#492);
#494=PLANE('',#493);
#495=ORIENTED_EDGE('',*,*,#322,.F.);
#496=CARTESIAN_POINT('',(4710.1,-279.7,10.3));
#497=DIRECTION('',(0.,0.,-1.));
#498=VECTOR('',#497,2.4);
#499=LINE('',#496,#498);
#500=EDGE_CURVE('',#308,#407,#499,.T.);
#501=ORIENTED_EDGE('',*,*,#500,.T.);
#502=ORIENTED_EDGE('',*,*,#412,.T.);
#503=ORIENTED_EDGE('',*,*,#485,.F.);
#504=EDGE_LOOP('',(#495,#501,#502,#503));
#505=FACE_BOUND('',#504,.T.);
#506=ADVANCED_FACE('',(#505),#494,.F.);
#507=CARTESIAN_POINT('',(4710.1,-282.2,-6.3));
#508=DIRECTION('',(0.,0.,-1.));
#509=DIRECTION('',(-1.,-0.,-0.));
#510=AXIS2_PLACEMENT_3D('',#507,#508,#509);
#511=CYLINDRICAL_SURFACE('',#510,2.5);
#512=ORIENTED_EDGE('',*,*,#500,.F.);
#513=ORIENTED_EDGE('',*,*,#314,.F.);
#514=CARTESIAN_POINT('',(4712.6,-282.2,7.9));
#515=DIRECTION('',(-0.,-0.,1.));
#516=VECTOR('',#515,2.4);
#517=LINE('',#514,#516);
#518=EDGE_CURVE('',#415,#299,#517,.T.);
#519=ORIENTED_EDGE('',*,*,#518,.F.);
#520=ORIENTED_EDGE('',*,*,#421,.F.);
#521=EDGE_LOOP('',(#512,#513,#519,#520));
#522=FACE_BOUND('',#521,.T.);
#523=ADVANCED_FACE('',(#522),#511,.T.);
#524=CARTESIAN_POINT('',(4710.1,-282.2,-6.3));
#525=DIRECTION('',(0.,0.,-1.));
#526=DIRECTION('',(-1.,-0.,-0.));
#527=AXIS2_PLACEMENT_3D('',#524,#525,#526);
#528=CYLINDRICAL_SURFACE('',#527,2.5);
#529=ORIENTED_EDGE('',*,*,#305,.F.);
#530=ORIENTED_EDGE('',*,*,#180,.F.);
#531=ORIENTED_EDGE('',*,*,#428,.F.);
#532=ORIENTED_EDGE('',*,*,#518,.T.);
#533=EDGE_LOOP('',(#529,#530,#531,#532));
#534=FACE_BOUND('',#533,.T.);
#535=ADVANCED_FACE('',(#534),#528,.T.);
#536=CARTESIAN_POINT('',(4692.3,-282.2,-6.3));
#537=DIRECTION('',(0.,0.,-1.));
#538=DIRECTION('',(-1.,-0.,-0.));
#539=AXIS2_PLACEMENT_3D('',#536,#537,#538);
#540=CYLINDRICAL_SURFACE('',#539,2.5);
#541=CARTESIAN_POINT('',(4689.8,-282.2,10.3));
#542=DIRECTION('',(0.,0.,-1.));
#543=VECTOR('',#542,2.4);
#544=LINE('',#541,#543);
#545=EDGE_CURVE('',#341,#373,#544,.T.);
#546=ORIENTED_EDGE('',*,*,#545,.F.);
#547=ORIENTED_EDGE('',*,*,#347,.F.);
#548=ORIENTED_EDGE('',*,*,#250,.F.);
#549=ORIENTED_EDGE('',*,*,#386,.F.);
#550=EDGE_LOOP('',(#546,#547,#548,#549));
#551=FACE_BOUND('',#550,.T.);
#552=ADVANCED_FACE('',(#551),#540,.T.);
#553=CARTESIAN_POINT('',(4692.3,-282.2,-6.3));
#554=DIRECTION('',(0.,0.,-1.));
#555=DIRECTION('',(-1.,-0.,-0.));
#556=AXIS2_PLACEMENT_3D('',#553,#554,#555);
#557=CYLINDRICAL_SURFACE('',#556,2.5);
#558=ORIENTED_EDGE('',*,*,#354,.F.);
#559=ORIENTED_EDGE('',*,*,#545,.T.);
#560=ORIENTED_EDGE('',*,*,#379,.F.);
#561=ORIENTED_EDGE('',*,*,#140,.F.);
#562=EDGE_LOOP('',(#558,#559,#560,#561));
#563=FACE_BOUND('',#562,.T.);
#564=ADVANCED_FACE('',(#563),#557,.T.);
#565=CARTESIAN_POINT('',(4692.3,-282.2,-1.5));
#566=DIRECTION('',(0.,0.,-1.));
#567=DIRECTION('',(1.,0.,0.));
#568=AXIS2_PLACEMENT_3D('',#565,#566,#567);
#569=CYLINDRICAL_SURFACE('',#568,1.5);
#570=CARTESIAN_POINT('',(4693.8,-282.2,7.9));
#571=DIRECTION('',(-0.,-0.,1.));
#572=VECTOR('',#571,2.4);
#573=LINE('',#570,#572);
#574=EDGE_CURVE('',#445,#279,#573,.T.);
#575=ORIENTED_EDGE('',*,*,#574,.F.);
#576=ORIENTED_EDGE('',*,*,#451,.T.);
#577=ORIENTED_EDGE('',*,*,#574,.T.);
#578=ORIENTED_EDGE('',*,*,#285,.F.);
#579=EDGE_LOOP('',(#575,#576,#577,#578));
#580=FACE_BOUND('',#579,.T.);
#581=ADVANCED_FACE('',(#580),#569,.F.);
#582=CARTESIAN_POINT('',(4710.1,-282.2,-1.5));
#583=DIRECTION('',(0.,0.,-1.));
#584=DIRECTION('',(1.,0.,0.));
#585=AXIS2_PLACEMENT_3D('',#582,#583,#584);
#586=CYLINDRICAL_SURFACE('',#585,1.5);
#587=CARTESIAN_POINT('',(4711.6,-282.2,7.9));
#588=DIRECTION('',(-0.,-0.,1.));
#589=VECTOR('',#588,2.4);
#590=LINE('',#587,#589);
#591=EDGE_CURVE('',#434,#268,#590,.T.);
#592=ORIENTED_EDGE('',*,*,#591,.F.);
#593=ORIENTED_EDGE('',*,*,#440,.T.);
#594=ORIENTED_EDGE('',*,*,#591,.T.);
#595=ORIENTED_EDGE('',*,*,#274,.F.);
#596=EDGE_LOOP('',(#592,#593,#594,#595));
#597=FACE_BOUND('',#596,.T.);
#598=ADVANCED_FACE('',(#597),#586,.F.);
#599=CARTESIAN_POINT('',(4701.2,-301.,-5.3));
#600=DIRECTION('',(-0.,-0.,1.));
#601=DIRECTION('',(-1.,-0.,-0.));
#602=AXIS2_PLACEMENT_3D('',#599,#600,#601);
#603=CYLINDRICAL_SURFACE('',#602,17.);
#604=ORIENTED_EDGE('',*,*,#124,.T.);
#605=ORIENTED_EDGE('',*,*,#369,.T.);
#606=ORIENTED_EDGE('',*,*,#164,.T.);
#607=ORIENTED_EDGE('',*,*,#295,.F.);
#608=EDGE_LOOP('',(#604,#605,#606,#607));
#609=FACE_BOUND('',#608,.T.);
#610=ADVANCED_FACE('',(#609),#603,.F.);
#611=CLOSED_SHELL('',(#150,#190,#230,#261,#358,#455,#472,#489,#506,#523,#535,#552,#564,#581,#598,#610));
#612=MANIFOLD_SOLID_BREP('usbc-retainer',#611);
#613=COLOUR_RGB('',0.823529422,0.70588237,0.549019635);
#614=FILL_AREA_STYLE_COLOUR('',#613);
#615=FILL_AREA_STYLE('',(#614));
#616=SURFACE_STYLE_FILL_AREA(#615);
#617=SURFACE_SIDE_STYLE('',(#616));
#618=SURFACE_STYLE_USAGE(.BOTH.,#617);
#619=PRESENTATION_STYLE_ASSIGNMENT((#618));
#110=STYLED_ITEM('',(#619),#612);
#620=(NAMED_UNIT(*)PLANE_ANGLE_UNIT()SI_UNIT($,.RADIAN.));
#621=PLANE_ANGLE_MEASURE_WITH_UNIT(PLANE_ANGLE_MEASURE(0.0174532925),#620);
#622=(CONVERSION_BASED_UNIT('DEGREE',#621)NAMED_UNIT(#623)PLANE_ANGLE_UNIT());
#623=DIMENSIONAL_EXPONENTS(0.,0.,0.,0.,0.,0.,0.);
#624=(NAMED_UNIT(*)SI_UNIT($,.STERADIAN.)SOLID_ANGLE_UNIT());
#625=(LENGTH_UNIT()NAMED_UNIT(*)SI_UNIT(.MILLI.,.METRE.));
#626=UNCERTAINTY_MEASURE_WITH_UNIT(LENGTH_MEASURE(1.000000E-03),#625,'DISTANCE_ACCURACY_VALUE','Maximum Tolerance applied to model');
#627=(GEOMETRIC_REPRESENTATION_CONTEXT(3)GLOBAL_UNCERTAINTY_ASSIGNED_CONTEXT((#626))GLOBAL_UNIT_ASSIGNED_CONTEXT((#625,#622,#624))REPRESENTATION_CONTEXT('','planck + macropad (nice!nano).x_t'));
#639=CARTESIAN_POINT('',(0.,0.,0.));
#640=DIRECTION('',(0.,0.,1.));
#641=DIRECTION('',(1.,0.,-0.));
#642=AXIS2_PLACEMENT_3D('',#639,#640,#641);
#643=ITEM_DEFINED_TRANSFORMATION('','',#642,#15);
#644=(REPRESENTATION_RELATIONSHIP('','',#629,#91)REPRESENTATION_RELATIONSHIP_WITH_TRANSFORMATION(#643)SHAPE_REPRESENTATION_RELATIONSHIP());
#645=NEXT_ASSEMBLY_USAGE_OCCURRENCE('planck + macropad (nice!nano).x_t_4','planck + macropad (nice!nano).x_t','planck + macropad (nice!nano).x_t',#100,#638,$);
#646=PRODUCT_DEFINITION_SHAPE('','',#645);
#647=CONTEXT_DEPENDENT_SHAPE_REPRESENTATION(#644,#646);
#648=(NAMED_UNIT(*)PLANE_ANGLE_UNIT()SI_UNIT($,.RADIAN.));
#649=PLANE_ANGLE_MEASURE_WITH_UNIT(PLANE_ANGLE_MEASURE(0.0174532925),#648);
#650=(CONVERSION_BASED_UNIT('DEGREE',#649)NAMED_UNIT(#651)PLANE_ANGLE_UNIT());
#651=DIMENSIONAL_EXPONENTS(0.,0.,0.,0.,0.,0.,0.);
#652=(NAMED_UNIT(*)SI_UNIT($,.STERADIAN.)SOLID_ANGLE_UNIT());
#653=(LENGTH_UNIT()NAMED_UNIT(*)SI_UNIT(.MILLI.,.METRE.));
#654=UNCERTAINTY_MEASURE_WITH_UNIT(LENGTH_MEASURE(1.000000E-05),#653,'DISTANCE_ACCURACY_VALUE','Maximum Tolerance applied to model');
#655=(GEOMETRIC_REPRESENTATION_CONTEXT(3)GLOBAL_UNCERTAINTY_ASSIGNED_CONTEXT((#654))GLOBAL_UNIT_ASSIGNED_CONTEXT((#653,#650,#652))REPRESENTATION_CONTEXT('','planck + macropad (nice!nano).x_t'));
#667=CARTESIAN_POINT('',(0.,0.,0.));
#668=DIRECTION('',(0.,0.,1.));
#669=DIRECTION('',(1.,0.,-0.));
#670=AXIS2_PLACEMENT_3D('',#667,#668,#669);
#671=ITEM_DEFINED_TRANSFORMATION('','',#670,#15);
#672=(REPRESENTATION_RELATIONSHIP('','',#657,#629)REPRESENTATION_RELATIONSHIP_WITH_TRANSFORMATION(#671)SHAPE_REPRESENTATION_RELATIONSHIP());
#673=NEXT_ASSEMBLY_USAGE_OCCURRENCE('planck + macropad (nice!nano).x_t_5','planck + macropad (nice!nano).x_t','planck + macropad (nice!nano).x_t',#638,#666,$);
#674=PRODUCT_DEFINITION_SHAPE('','',#673);
#675=CONTEXT_DEPENDENT_SHAPE_REPRESENTATION(#672,#674);
#677=CARTESIAN_POINT('',(4751.7,81.7,15.9));
#678=DIRECTION('',(0.,-0.,1.));
#679=DIRECTION('',(-1.,0.,0.));
#680=AXIS2_PLACEMENT_3D('',#677,#678,#679);
#681=PLANE('',#680);
#682=CARTESIAN_POINT('',(4727.1,-333.3,15.9));
#683=VERTEX_POINT('',#682);
#684=CARTESIAN_POINT('',(4727.1,-308.786909896,15.9));
#685=VERTEX_POINT('',#684);
#686=CARTESIAN_POINT('',(4727.1,-333.3,15.9));
#687=DIRECTION('',(0.,1.,0.));
#688=VECTOR('',#687,24.513090104);
#689=LINE('',#686,#688);
#690=EDGE_CURVE('',#683,#685,#689,.T.);
#691=ORIENTED_EDGE('',*,*,#690,.F.);
#692=CARTESIAN_POINT('',(4713.3,-333.3,15.9));
#693=VERTEX_POINT('',#692);
#694=CARTESIAN_POINT('',(4727.1,-333.3,15.9));
#695=DIRECTION('',(-1.,0.,0.));
#696=VECTOR('',#695,13.8);
#697=LINE('',#694,#696);
#698=EDGE_CURVE('',#683,#693,#697,.T.);
#699=ORIENTED_EDGE('',*,*,#698,.T.);
#700=CARTESIAN_POINT('',(4713.3,-345.5,15.9));
#701=VERTEX_POINT('',#700);
#702=CARTESIAN_POINT('',(4713.3,-333.3,15.9));
#703=DIRECTION('',(-0.,-1.,0.));
#704=VECTOR('',#703,12.2);
#705=LINE('',#702,#704);
#706=EDGE_CURVE('',#693,#701,#705,.T.);
#707=ORIENTED_EDGE('',*,*,#706,.T.);
#708=CARTESIAN_POINT('',(4710.7,-342.9,15.9));
#709=VERTEX_POINT('',#708);
#710=CARTESIAN_POINT('',(4710.7,-345.5,15.9));
#711=DIRECTION('',(0.,0.,1.));
#712=DIRECTION('',(-1.,0.,0.));
#713=AXIS2_PLACEMENT_3D('',#710,#711,#712);
#714=CIRCLE('',#713,2.6);
#715=EDGE_CURVE('',#701,#709,#714,.T.);
#716=ORIENTED_EDGE('',*,*,#715,.T.);
#717=CARTESIAN_POINT('',(4708.1,-345.5,15.9));
#718=VERTEX_POINT('',#717);
#719=CARTESIAN_POINT('',(4710.7,-345.5,15.9));
#720=DIRECTION('',(0.,0.,1.));
#721=DIRECTION('',(-1.,0.,0.));
#722=AXIS2_PLACEMENT_3D('',#719,#720,#721);
#723=CIRCLE('',#722,2.6);
#724=EDGE_CURVE('',#709,#718,#723,.T.);
#725=ORIENTED_EDGE('',*,*,#724,.T.);
#726=CARTESIAN_POINT('',(4708.1,-333.3,15.9));
#727=VERTEX_POINT('',#726);
#728=CARTESIAN_POINT('',(4708.1,-345.5,15.9));
#729=DIRECTION('',(0.,1.,-0.));
#730=VECTOR('',#729,12.2);
#731=LINE('',#728,#730);
#732=EDGE_CURVE('',#718,#727,#731,.T.);
#733=ORIENTED_EDGE('',*,*,#732,.T.);
#734=CARTESIAN_POINT('',(4694.3,-333.3,15.9));
#735=VERTEX_POINT('',#734);
#736=CARTESIAN_POINT('',(4708.1,-333.3,15.9));
#737=DIRECTION('',(-1.,0.,0.));
#738=VECTOR('',#737,13.8);
#739=LINE('',#736,#738);
#740=EDGE_CURVE('',#727,#735,#739,.T.);
#741=ORIENTED_EDGE('',*,*,#740,.T.);
#742=CARTESIAN_POINT('',(4694.3,-345.5,15.9));
#743=VERTEX_POINT('',#742);
#744=CARTESIAN_POINT('',(4694.3,-333.3,15.9));
#745=DIRECTION('',(-0.,-1.,0.));
#746=VECTOR('',#745,12.2);
#747=LINE('',#744,#746);
#748=EDGE_CURVE('',#735,#743,#747,.T.);
#749=ORIENTED_EDGE('',*,*,#748,.T.);
#750=CARTESIAN_POINT('',(4691.7,-342.9,15.9));
#751=VERTEX_POINT('',#750);
#752=CARTESIAN_POINT('',(4691.7,-345.5,15.9));
#753=DIRECTION('',(0.,0.,1.));
#754=DIRECTION('',(-1.,0.,0.));
#755=AXIS2_PLACEMENT_3D('',#752,#753,#754);
#756=CIRCLE('',#755,2.6);
#757=EDGE_CURVE('',#743,#751,#756,.T.);
#758=ORIENTED_EDGE('',*,*,#757,.T.);
#759=CARTESIAN_POINT('',(4689.1,-345.5,15.9));
#760=VERTEX_POINT('',#759);
#761=CARTESIAN_POINT('',(4691.7,-345.5,15.9));
#762=DIRECTION('',(0.,0.,1.));
#763=DIRECTION('',(-1.,0.,0.));
#764=AXIS2_PLACEMENT_3D('',#761,#762,#763);
#765=CIRCLE('',#764,2.6);
#766=EDGE_CURVE('',#751,#760,#765,.T.);
#767=ORIENTED_EDGE('',*,*,#766,.T.);
#768=CARTESIAN_POINT('',(4689.1,-333.3,15.9));
#769=VERTEX_POINT('',#768);
#770=CARTESIAN_POINT('',(4689.1,-345.5,15.9));
#771=DIRECTION('',(0.,1.,-0.));
#772=VECTOR('',#771,12.2);
#773=LINE('',#770,#772);
#774=EDGE_CURVE('',#760,#769,#773,.T.);
#775=ORIENTED_EDGE('',*,*,#774,.T.);
#776=CARTESIAN_POINT('',(4675.3,-333.3,15.9));
#777=VERTEX_POINT('',#776);
#778=CARTESIAN_POINT('',(4689.1,-333.3,15.9));
#779=DIRECTION('',(-1.,0.,0.));
#780=VECTOR('',#779,13.8);
#781=LINE('',#778,#780);
#782=EDGE_CURVE('',#769,#777,#781,.T.);
#783=ORIENTED_EDGE('',*,*,#782,.T.);
#784=CARTESIAN_POINT('',(4675.3,-308.786909896,15.9));
#785=VERTEX_POINT('',#784);
#786=CARTESIAN_POINT('',(4675.3,-333.3,15.9));
#787=DIRECTION('',(0.,1.,0.));
#788=VECTOR('',#787,24.513090104);
#789=LINE('',#786,#788);
#790=EDGE_CURVE('',#777,#785,#789,.T.);
#791=ORIENTED_EDGE('',*,*,#790,.T.);
#792=CARTESIAN_POINT('',(4681.683301179,-320.520550681,15.9));
#793=VERTEX_POINT('',#792);
#794=CARTESIAN_POINT('',(4701.2,-302.3,15.9));
#795=DIRECTION('',(0.,0.,-1.));
#796=DIRECTION('',(-0.,-1.,-0.));
#797=AXIS2_PLACEMENT_3D('',#794,#795,#796);
#798=CIRCLE('',#797,26.7);
#799=EDGE_CURVE('',#793,#785,#798,.T.);
#800=ORIENTED_EDGE('',*,*,#799,.F.);
#801=CARTESIAN_POINT('',(4682.979449319,-321.816698821,15.9));
#802=VERTEX_POINT('',#801);
#803=CARTESIAN_POINT('',(4701.2,-302.3,15.9));
#804=DIRECTION('',(0.,0.,-1.));
#805=DIRECTION('',(-0.,-1.,-0.));
#806=AXIS2_PLACEMENT_3D('',#803,#804,#805);
#807=CIRCLE('',#806,26.7);
#808=EDGE_CURVE('',#802,#793,#807,.T.);
#809=ORIENTED_EDGE('',*,*,#808,.F.);
#810=CARTESIAN_POINT('',(4719.420550681,-321.816698821,15.9));
#811=VERTEX_POINT('',#810);
#812=CARTESIAN_POINT('',(4701.2,-302.3,15.9));
#813=DIRECTION('',(0.,0.,-1.));
#814=DIRECTION('',(-0.,-1.,-0.));
#815=AXIS2_PLACEMENT_3D('',#812,#813,#814);
#816=CIRCLE('',#815,26.7);
#817=EDGE_CURVE('',#811,#802,#816,.T.);
#818=ORIENTED_EDGE('',*,*,#817,.F.);
#819=CARTESIAN_POINT('',(4720.716698821,-320.520550681,15.9));
#820=VERTEX_POINT('',#819);
#821=CARTESIAN_POINT('',(4701.2,-302.3,15.9));
#822=DIRECTION('',(0.,0.,-1.));
#823=DIRECTION('',(-0.,-1.,-0.));
#824=AXIS2_PLACEMENT_3D('',#821,#822,#823);
#825=CIRCLE('',#824,26.7);
#826=EDGE_CURVE('',#820,#811,#825,.T.);
#827=ORIENTED_EDGE('',*,*,#826,.F.);
#828=CARTESIAN_POINT('',(4701.2,-302.3,15.9));
#829=DIRECTION('',(0.,0.,-1.));
#830=DIRECTION('',(-0.,-1.,-0.));
#831=AXIS2_PLACEMENT_3D('',#828,#829,#830);
#832=CIRCLE('',#831,26.7);
#833=EDGE_CURVE('',#685,#820,#832,.T.);
#834=ORIENTED_EDGE('',*,*,#833,.F.);
#835=EDGE_LOOP('',(#691,#699,#707,#716,#725,#733,#741,#749,#758,#767,#775,#783,#791,#800,#809,#818,#827,#834));
#836=FACE_BOUND('',#835,.T.);
#837=ADVANCED_FACE('',(#836),#681,.F.);
#838=CARTESIAN_POINT('',(4724.6,148.15,13.5));
#839=DIRECTION('',(0.,0.,1.));
#840=DIRECTION('',(-1.,0.,0.));
#841=AXIS2_PLACEMENT_3D('',#838,#839,#840);
#842=PLANE('',#841);
#843=CARTESIAN_POINT('',(4713.3,-347.1,13.5));
#844=VERTEX_POINT('',#843);
#845=CARTESIAN_POINT('',(4727.1,-347.1,13.5));
#846=VERTEX_POINT('',#845);
#847=CARTESIAN_POINT('',(4713.3,-347.1,13.5));
#848=DIRECTION('',(1.,0.,-0.));
#849=VECTOR('',#848,13.8);
#850=LINE('',#847,#849);
#851=EDGE_CURVE('',#844,#846,#850,.T.);
#852=ORIENTED_EDGE('',*,*,#851,.T.);
#853=CARTESIAN_POINT('',(4727.1,-308.786909896,13.5));
#854=VERTEX_POINT('',#853);
#855=CARTESIAN_POINT('',(4727.1,-347.1,13.5));
#856=DIRECTION('',(-0.,1.,-0.));
#857=VECTOR('',#856,38.313090104);
#858=LINE('',#855,#857);
#859=EDGE_CURVE('',#846,#854,#858,.T.);
#860=ORIENTED_EDGE('',*,*,#859,.T.);
#861=CARTESIAN_POINT('',(4675.3,-308.786909896,13.5));
#862=VERTEX_POINT('',#861);
#863=CARTESIAN_POINT('',(4701.2,-302.3,13.5));
#864=DIRECTION('',(0.,0.,-1.));
#865=DIRECTION('',(-0.,1.,0.));
#866=AXIS2_PLACEMENT_3D('',#863,#864,#865);
#867=CIRCLE('',#866,26.7);
#868=EDGE_CURVE('',#854,#862,#867,.T.);
#869=ORIENTED_EDGE('',*,*,#868,.T.);
#870=CARTESIAN_POINT('',(4675.3,-347.1,13.5));
#871=VERTEX_POINT('',#870);
#872=CARTESIAN_POINT('',(4675.3,-347.1,13.5));
#873=DIRECTION('',(-0.,1.,-0.));
#874=VECTOR('',#873,38.313090104);
#875=LINE('',#872,#874);
#876=EDGE_CURVE('',#871,#862,#875,.T.);
#877=ORIENTED_EDGE('',*,*,#876,.F.);
#878=CARTESIAN_POINT('',(4689.1,-347.1,13.5));
#879=VERTEX_POINT('',#878);
#880=CARTESIAN_POINT('',(4675.3,-347.1,13.5));
#881=DIRECTION('',(1.,0.,-0.));
#882=VECTOR('',#881,13.8);
#883=LINE('',#880,#882);
#884=EDGE_CURVE('',#871,#879,#883,.T.);
#885=ORIENTED_EDGE('',*,*,#884,.T.);
#886=CARTESIAN_POINT('',(4689.1,-348.5,13.5));
#887=VERTEX_POINT('',#886);
#888=CARTESIAN_POINT('',(4689.1,-347.1,13.5));
#889=DIRECTION('',(0.,-1.,-0.));
#890=VECTOR('',#889,1.4);
#891=LINE('',#888,#890);
#892=EDGE_CURVE('',#879,#887,#891,.T.);
#893=ORIENTED_EDGE('',*,*,#892,.T.);
#894=CARTESIAN_POINT('',(4674.,-348.5,13.5));
#895=VERTEX_POINT('',#894);
#896=CARTESIAN_POINT('',(4689.1,-348.5,13.5));
#897=DIRECTION('',(-1.,0.,0.));
#898=VECTOR('',#897,15.1);
#899=LINE('',#896,#898);
#900=EDGE_CURVE('',#887,#895,#899,.T.);
#901=ORIENTED_EDGE('',*,*,#900,.T.);
#902=CARTESIAN_POINT('',(4674.,-275.1,13.5));
#903=VERTEX_POINT('',#902);
#904=CARTESIAN_POINT('',(4674.,-348.5,13.5));
#905=DIRECTION('',(0.,1.,0.));
#906=VECTOR('',#905,73.4);
#907=LINE('',#904,#906);
#908=EDGE_CURVE('',#895,#903,#907,.T.);
#909=ORIENTED_EDGE('',*,*,#908,.T.);
#910=CARTESIAN_POINT('',(4685.4,-275.1,13.5));
#911=VERTEX_POINT('',#910);
#912=CARTESIAN_POINT('',(4685.4,-275.1,13.5));
#913=DIRECTION('',(-1.,0.,0.));
#914=VECTOR('',#913,11.4);
#915=LINE('',#912,#914);
#916=EDGE_CURVE('',#911,#903,#915,.T.);
#917=ORIENTED_EDGE('',*,*,#916,.F.);
#918=CARTESIAN_POINT('',(4685.4,-277.6,13.5));
#919=VERTEX_POINT('',#918);
#920=CARTESIAN_POINT('',(4685.4,-277.6,13.5));
#921=DIRECTION('',(-0.,1.,-0.));
#922=VECTOR('',#921,2.5);
#923=LINE('',#920,#922);
#924=EDGE_CURVE('',#919,#911,#923,.T.);
#925=ORIENTED_EDGE('',*,*,#924,.F.);
#926=CARTESIAN_POINT('',(4690.4,-277.6,13.5));
#927=VERTEX_POINT('',#926);
#928=CARTESIAN_POINT('',(4687.9,-277.6,13.5));
#929=DIRECTION('',(0.,0.,1.));
#930=DIRECTION('',(-1.,0.,0.));
#931=AXIS2_PLACEMENT_3D('',#928,#929,#930);
#932=CIRCLE('',#931,2.5);
#933=EDGE_CURVE('',#919,#927,#932,.T.);
#934=ORIENTED_EDGE('',*,*,#933,.T.);
#935=CARTESIAN_POINT('',(4690.4,-280.08626551,13.5));
#936=VERTEX_POINT('',#935);
#937=CARTESIAN_POINT('',(4690.4,-277.6,13.5));
#938=DIRECTION('',(0.,-1.,0.));
#939=VECTOR('',#938,2.48626551);
#940=LINE('',#937,#939);
#941=EDGE_CURVE('',#927,#936,#940,.T.);
#942=ORIENTED_EDGE('',*,*,#941,.T.);
#943=CARTESIAN_POINT('',(4676.5,-302.3,13.5));
#944=VERTEX_POINT('',#943);
#945=CARTESIAN_POINT('',(4701.2,-302.3,13.5));
#946=DIRECTION('',(0.,0.,-1.));
#947=DIRECTION('',(-0.,1.,0.));
#948=AXIS2_PLACEMENT_3D('',#945,#946,#947);
#949=CIRCLE('',#948,24.7);
#950=EDGE_CURVE('',#944,#936,#949,.T.);
#951=ORIENTED_EDGE('',*,*,#950,.F.);
#952=CARTESIAN_POINT('',(4712.,-280.08626551,13.5));
#953=VERTEX_POINT('',#952);
#954=CARTESIAN_POINT('',(4701.2,-302.3,13.5));
#955=DIRECTION('',(0.,0.,-1.));
#956=DIRECTION('',(-0.,1.,0.));
#957=AXIS2_PLACEMENT_3D('',#954,#955,#956);
#958=CIRCLE('',#957,24.7);
#959=EDGE_CURVE('',#953,#944,#958,.T.);
#960=ORIENTED_EDGE('',*,*,#959,.F.);
#961=CARTESIAN_POINT('',(4712.,-277.6,13.5));
#962=VERTEX_POINT('',#961);
#963=CARTESIAN_POINT('',(4712.,-280.08626551,13.5));
#964=DIRECTION('',(-0.,1.,-0.));
#965=VECTOR('',#964,2.48626551);
#966=LINE('',#963,#965);
#967=EDGE_CURVE('',#953,#962,#966,.T.);
#968=ORIENTED_EDGE('',*,*,#967,.T.);
#969=CARTESIAN_POINT('',(4717.,-277.6,13.5));
#970=VERTEX_POINT('',#969);
#971=CARTESIAN_POINT('',(4714.5,-277.6,13.5));
#972=DIRECTION('',(0.,0.,1.));
#973=DIRECTION('',(-1.,0.,0.));
#974=AXIS2_PLACEMENT_3D('',#971,#972,#973);
#975=CIRCLE('',#974,2.5);
#976=EDGE_CURVE('',#962,#970,#975,.T.);
#977=ORIENTED_EDGE('',*,*,#976,.T.);
#978=CARTESIAN_POINT('',(4717.,-275.1,13.5));
#979=VERTEX_POINT('',#978);
#980=CARTESIAN_POINT('',(4717.,-277.6,13.5));
#981=DIRECTION('',(0.,1.,-0.));
#982=VECTOR('',#981,2.5);
#983=LINE('',#980,#982);
#984=EDGE_CURVE('',#970,#979,#983,.T.);
#985=ORIENTED_EDGE('',*,*,#984,.T.);
#986=CARTESIAN_POINT('',(4728.4,-275.1,13.5));
#987=VERTEX_POINT('',#986);
#988=CARTESIAN_POINT('',(4728.4,-275.1,13.5));
#989=DIRECTION('',(-1.,0.,0.));
#990=VECTOR('',#989,11.4);
#991=LINE('',#988,#990);
#992=EDGE_CURVE('',#987,#979,#991,.T.);
#993=ORIENTED_EDGE('',*,*,#992,.F.);
#994=CARTESIAN_POINT('',(4728.4,-348.5,13.5));
#995=VERTEX_POINT('',#994);
#996=CARTESIAN_POINT('',(4728.4,-348.5,13.5));
#997=DIRECTION('',(-0.,1.,-0.));
#998=VECTOR('',#997,73.4);
#999=LINE('',#996,#998);
#1000=EDGE_CURVE('',#995,#987,#999,.T.);
#1001=ORIENTED_EDGE('',*,*,#1000,.F.);
#1002=CARTESIAN_POINT('',(4713.3,-348.5,13.5));
#1003=VERTEX_POINT('',#1002);
#1004=CARTESIAN_POINT('',(4713.3,-348.5,13.5));
#1005=DIRECTION('',(1.,0.,0.));
#1006=VECTOR('',#1005,15.1);
#1007=LINE('',#1004,#1006);
#1008=EDGE_CURVE('',#1003,#995,#1007,.T.);
#1009=ORIENTED_EDGE('',*,*,#1008,.F.);
#1010=CARTESIAN_POINT('',(4713.3,-347.1,13.5));
#1011=DIRECTION('',(0.,-1.,-0.));
#1012=VECTOR('',#1011,1.4);
#1013=LINE('',#1010,#1012);
#1014=EDGE_CURVE('',#844,#1003,#1013,.T.);
#1015=ORIENTED_EDGE('',*,*,#1014,.F.);
#1016=EDGE_LOOP('',(#852,#860,#869,#877,#885,#893,#901,#909,#917,#925,#934,#942,#951,#960,#968,#977,#985,#993,#1001,#1009,#1015));
#1017=FACE_BOUND('',#1016,.T.);
#1018=ADVANCED_FACE('',(#1017),#842,.F.);
#1019=CARTESIAN_POINT('',(4701.2,-347.1,6.8));
#1020=DIRECTION('',(0.,-1.,0.));
#1021=DIRECTION('',(-0.,0.,-1.));
#1022=AXIS2_PLACEMENT_3D('',#1019,#1020,#1021);
#1023=PLANE('',#1022);
#1024=ORIENTED_EDGE('',*,*,#884,.F.);
#1025=CARTESIAN_POINT('',(4675.3,-347.1,18.9));
#1026=VERTEX_POINT('',#1025);
#1027=CARTESIAN_POINT('',(4675.3,-347.1,18.9));
#1028=DIRECTION('',(0.,0.,-1.));
#1029=VECTOR('',#1028,5.4);
#1030=LINE('',#1027,#1029);
#1031=EDGE_CURVE('',#1026,#871,#1030,.T.);
#1032=ORIENTED_EDGE('',*,*,#1031,.F.);
#1033=CARTESIAN_POINT('',(4689.1,-347.1,18.9));
#1034=VERTEX_POINT('',#1033);
#1035=CARTESIAN_POINT('',(4675.3,-347.1,18.9));
#1036=DIRECTION('',(1.,0.,-0.));
#1037=VECTOR('',#1036,13.8);
#1038=LINE('',#1035,#1037);
#1039=EDGE_CURVE('',#1026,#1034,#1038,.T.);
#1040=ORIENTED_EDGE('',*,*,#1039,.T.);
#1041=CARTESIAN_POINT('',(4689.1,-347.1,18.9));
#1042=DIRECTION('',(0.,0.,-1.));
#1043=VECTOR('',#1042,5.4);
#1044=LINE('',#1041,#1043);
#1045=EDGE_CURVE('',#1034,#879,#1044,.T.);
#1046=ORIENTED_EDGE('',*,*,#1045,.T.);
#1047=EDGE_LOOP('',(#1024,#1032,#1040,#1046));
#1048=FACE_BOUND('',#1047,.T.);
#1049=ADVANCED_FACE('',(#1048),#1023,.F.);
#1050=CARTESIAN_POINT('',(4687.5,-275.1,15.5));
#1051=DIRECTION('',(-0.,-1.,0.));
#1052=DIRECTION('',(-0.,-0.,-1.));
#1053=AXIS2_PLACEMENT_3D('',#1050,#1051,#1052);
#1054=PLANE('',#1053);
#1055=CARTESIAN_POINT('',(4674.,-275.1,15.9));
#1056=VERTEX_POINT('',#1055);
#1057=CARTESIAN_POINT('',(4690.4,-275.1,15.9));
#1058=VERTEX_POINT('',#1057);
#1059=CARTESIAN_POINT('',(4674.,-275.1,15.9));
#1060=DIRECTION('',(1.,0.,-0.));
#1061=VECTOR('',#1060,16.4);
#1062=LINE('',#1059,#1061);
#1063=EDGE_CURVE('',#1056,#1058,#1062,.T.);
#1064=ORIENTED_EDGE('',*,*,#1063,.T.);
#1065=CARTESIAN_POINT('',(4690.4,-275.1,7.9));
#1066=VERTEX_POINT('',#1065);
#1067=CARTESIAN_POINT('',(4690.4,-275.1,15.9));
#1068=DIRECTION('',(-0.,-0.,-1.));
#1069=VECTOR('',#1068,8.);
#1070=LINE('',#1067,#1069);
#1071=EDGE_CURVE('',#1058,#1066,#1070,.T.);
#1072=ORIENTED_EDGE('',*,*,#1071,.T.);
#1073=CARTESIAN_POINT('',(4685.4,-275.1,7.9));
#1074=VERTEX_POINT('',#1073);
#1075=CARTESIAN_POINT('',(4690.4,-275.1,7.9));
#1076=DIRECTION('',(-1.,0.,0.));
#1077=VECTOR('',#1076,5.);
#1078=LINE('',#1075,#1077);
#1079=EDGE_CURVE('',#1066,#1074,#1078,.T.);
#1080=ORIENTED_EDGE('',*,*,#1079,.T.);
#1081=CARTESIAN_POINT('',(4685.4,-275.1,13.5));
#1082=DIRECTION('',(-0.,-0.,-1.));
#1083=VECTOR('',#1082,5.6);
#1084=LINE('',#1081,#1083);
#1085=EDGE_CURVE('',#911,#1074,#1084,.T.);
#1086=ORIENTED_EDGE('',*,*,#1085,.F.);
#1087=ORIENTED_EDGE('',*,*,#916,.T.);
#1088=CARTESIAN_POINT('',(4674.,-275.1,13.5));
#1089=DIRECTION('',(0.,0.,1.));
#1090=VECTOR('',#1089,2.4);
#1091=LINE('',#1088,#1090);
#1092=EDGE_CURVE('',#903,#1056,#1091,.T.);
#1093=ORIENTED_EDGE('',*,*,#1092,.T.);
#1094=EDGE_LOOP('',(#1064,#1072,#1080,#1086,#1087,#1093));
#1095=FACE_BOUND('',#1094,.T.);
#1096=ADVANCED_FACE('',(#1095),#1054,.F.);
#1097=CARTESIAN_POINT('',(4697.3,148.15,7.9));
#1098=DIRECTION('',(0.,0.,1.));
#1099=DIRECTION('',(-1.,0.,0.));
#1100=AXIS2_PLACEMENT_3D('',#1097,#1098,#1099);
#1101=PLANE('',#1100);
#1102=CARTESIAN_POINT('',(4689.4,-277.6,7.9));
#1103=VERTEX_POINT('',#1102);
#1104=CARTESIAN_POINT('',(4686.4,-277.6,7.9));
#1105=VERTEX_POINT('',#1104);
#1106=CARTESIAN_POINT('',(4687.9,-277.6,7.9));
#1107=DIRECTION('',(0.,0.,1.));
#1108=DIRECTION('',(1.,0.,-0.));
#1109=AXIS2_PLACEMENT_3D('',#1106,#1107,#1108);
#1110=CIRCLE('',#1109,1.5);
#1111=EDGE_CURVE('',#1103,#1105,#1110,.T.);
#1112=ORIENTED_EDGE('',*,*,#1111,.T.);
#1113=CARTESIAN_POINT('',(4687.9,-277.6,7.9));
#1114=DIRECTION('',(0.,0.,1.));
#1115=DIRECTION('',(1.,0.,-0.));
#1116=AXIS2_PLACEMENT_3D('',#1113,#1114,#1115);
#1117=CIRCLE('',#1116,1.5);
#1118=EDGE_CURVE('',#1105,#1103,#1117,.T.);
#1119=ORIENTED_EDGE('',*,*,#1118,.T.);
#1120=EDGE_LOOP('',(#1112,#1119));
#1121=FACE_BOUND('',#1120,.T.);
#1122=ORIENTED_EDGE('',*,*,#1079,.F.);
#1123=CARTESIAN_POINT('',(4690.4,-277.6,7.9));
#1124=VERTEX_POINT('',#1123);
#1125=CARTESIAN_POINT('',(4690.4,-277.6,7.9));
#1126=DIRECTION('',(0.,1.,-0.));
#1127=VECTOR('',#1126,2.5);
#1128=LINE('',#1125,#1127);
#1129=EDGE_CURVE('',#1124,#1066,#1128,.T.);
#1130=ORIENTED_EDGE('',*,*,#1129,.F.);
#1131=CARTESIAN_POINT('',(4685.4,-277.6,7.9));
#1132=VERTEX_POINT('',#1131);
#1133=CARTESIAN_POINT('',(4687.9,-277.6,7.9));
#1134=DIRECTION('',(-0.,-0.,-1.));
#1135=DIRECTION('',(-0.,1.,-0.));
#1136=AXIS2_PLACEMENT_3D('',#1133,#1134,#1135);
#1137=CIRCLE('',#1136,2.5);
#1138=EDGE_CURVE('',#1124,#1132,#1137,.T.);
#1139=ORIENTED_EDGE('',*,*,#1138,.T.);
#1140=CARTESIAN_POINT('',(4685.4,-277.6,7.9));
#1141=DIRECTION('',(-0.,1.,-0.));
#1142=VECTOR('',#1141,2.5);
#1143=LINE('',#1140,#1142);
#1144=EDGE_CURVE('',#1132,#1074,#1143,.T.);
#1145=ORIENTED_EDGE('',*,*,#1144,.T.);
#1146=EDGE_LOOP('',(#1122,#1130,#1139,#1145));
#1147=FACE_BOUND('',#1146,.T.);
#1148=ADVANCED_FACE('',(#1121,#1147),#1101,.F.);
#1149=CARTESIAN_POINT('',(4687.5,-275.1,15.5));
#1150=DIRECTION('',(-0.,-1.,0.));
#1151=DIRECTION('',(-0.,-0.,-1.));
#1152=AXIS2_PLACEMENT_3D('',#1149,#1150,#1151);
#1153=PLANE('',#1152);
#1154=CARTESIAN_POINT('',(4712.,-275.1,15.9));
#1155=VERTEX_POINT('',#1154);
#1156=CARTESIAN_POINT('',(4712.,-275.1,7.9));
#1157=VERTEX_POINT('',#1156);
#1158=CARTESIAN_POINT('',(4712.,-275.1,15.9));
#1159=DIRECTION('',(-0.,-0.,-1.));
#1160=VECTOR('',#1159,8.);
#1161=LINE('',#1158,#1160);
#1162=EDGE_CURVE('',#1155,#1157,#1161,.T.);
#1163=ORIENTED_EDGE('',*,*,#1162,.F.);
#1164=CARTESIAN_POINT('',(4728.4,-275.1,15.9));
#1165=VERTEX_POINT('',#1164);
#1166=CARTESIAN_POINT('',(4712.,-275.1,15.9));
#1167=DIRECTION('',(1.,0.,-0.));
#1168=VECTOR('',#1167,16.4);
#1169=LINE('',#1166,#1168);
#1170=EDGE_CURVE('',#1155,#1165,#1169,.T.);
#1171=ORIENTED_EDGE('',*,*,#1170,.T.);
#1172=CARTESIAN_POINT('',(4728.4,-275.1,15.9));
#1173=DIRECTION('',(-0.,-0.,-1.));
#1174=VECTOR('',#1173,2.4);
#1175=LINE('',#1172,#1174);
#1176=EDGE_CURVE('',#1165,#987,#1175,.T.);
#1177=ORIENTED_EDGE('',*,*,#1176,.T.);
#1178=ORIENTED_EDGE('',*,*,#992,.T.);
#1179=CARTESIAN_POINT('',(4717.,-275.1,7.9));
#1180=VERTEX_POINT('',#1179);
#1181=CARTESIAN_POINT('',(4717.,-275.1,13.5));
#1182=DIRECTION('',(-0.,-0.,-1.));
#1183=VECTOR('',#1182,5.6);
#1184=LINE('',#1181,#1183);
#1185=EDGE_CURVE('',#979,#1180,#1184,.T.);
#1186=ORIENTED_EDGE('',*,*,#1185,.T.);
#1187=CARTESIAN_POINT('',(4717.,-275.1,7.9));
#1188=DIRECTION('',(-1.,0.,0.));
#1189=VECTOR('',#1188,5.);
#1190=LINE('',#1187,#1189);
#1191=EDGE_CURVE('',#1180,#1157,#1190,.T.);
#1192=ORIENTED_EDGE('',*,*,#1191,.T.);
#1193=EDGE_LOOP('',(#1163,#1171,#1177,#1178,#1186,#1192));
#1194=FACE_BOUND('',#1193,.T.);
#1195=ADVANCED_FACE('',(#1194),#1153,.F.);
#1196=CARTESIAN_POINT('',(4687.9,-277.6,13.5));
#1197=DIRECTION('',(0.,-0.,1.));
#1198=DIRECTION('',(-1.,-0.,0.));
#1199=AXIS2_PLACEMENT_3D('',#1196,#1197,#1198);
#1200=CYLINDRICAL_SURFACE('',#1199,1.5);
#1201=CARTESIAN_POINT('',(4686.4,-277.6,15.9));
#1202=VERTEX_POINT('',#1201);
#1203=CARTESIAN_POINT('',(4686.4,-277.6,15.9));
#1204=DIRECTION('',(-0.,0.,-1.));
#1205=VECTOR('',#1204,8.);
#1206=LINE('',#1203,#1205);
#1207=EDGE_CURVE('',#1202,#1105,#1206,.T.);
#1208=ORIENTED_EDGE('',*,*,#1207,.F.);
#1209=CARTESIAN_POINT('',(4687.9,-277.6,15.9));
#1210=DIRECTION('',(-0.,-0.,-1.));
#1211=DIRECTION('',(-1.,0.,0.));
#1212=AXIS2_PLACEMENT_3D('',#1209,#1210,#1211);
#1213=CIRCLE('',#1212,1.5);
#1214=EDGE_CURVE('',#1202,#1202,#1213,.T.);
#1215=ORIENTED_EDGE('',*,*,#1214,.F.);
#1216=ORIENTED_EDGE('',*,*,#1207,.T.);
#1217=ORIENTED_EDGE('',*,*,#1111,.F.);
#1218=ORIENTED_EDGE('',*,*,#1118,.F.);
#1219=EDGE_LOOP('',(#1208,#1215,#1216,#1217,#1218));
#1220=FACE_BOUND('',#1219,.T.);
#1221=ADVANCED_FACE('',(#1220),#1200,.F.);
#1222=CARTESIAN_POINT('',(4690.4,-340.1,15.5));
#1223=DIRECTION('',(-1.,0.,0.));
#1224=DIRECTION('',(-0.,-0.,-1.));
#1225=AXIS2_PLACEMENT_3D('',#1222,#1223,#1224);
#1226=PLANE('',#1225);
#1227=CARTESIAN_POINT('',(4690.4,-277.6,13.5));
#1228=DIRECTION('',(-0.,-0.,-1.));
#1229=VECTOR('',#1228,5.6);
#1230=LINE('',#1227,#1229);
#1231=EDGE_CURVE('',#927,#1124,#1230,.T.);
#1232=ORIENTED_EDGE('',*,*,#1231,.T.);
#1233=ORIENTED_EDGE('',*,*,#1129,.T.);
#1234=ORIENTED_EDGE('',*,*,#1071,.F.);
#1235=CARTESIAN_POINT('',(4690.4,-280.08626551,15.9));
#1236=VERTEX_POINT('',#1235);
#1237=CARTESIAN_POINT('',(4690.4,-275.1,15.9));
#1238=DIRECTION('',(0.,-1.,0.));
#1239=VECTOR('',#1238,4.98626551);
#1240=LINE('',#1237,#1239);
#1241=EDGE_CURVE('',#1058,#1236,#1240,.T.);
#1242=ORIENTED_EDGE('',*,*,#1241,.T.);
#1243=CARTESIAN_POINT('',(4690.4,-280.08626551,15.9));
#1244=DIRECTION('',(-0.,-0.,-1.));
#1245=VECTOR('',#1244,2.4);
#1246=LINE('',#1243,#1245);
#1247=EDGE_CURVE('',#1236,#936,#1246,.T.);
#1248=ORIENTED_EDGE('',*,*,#1247,.T.);
#1249=ORIENTED_EDGE('',*,*,#941,.F.);
#1250=EDGE_LOOP('',(#1232,#1233,#1234,#1242,#1248,#1249));
#1251=FACE_BOUND('',#1250,.T.);
#1252=ADVANCED_FACE('',(#1251),#1226,.F.);
#1253=CARTESIAN_POINT('',(4685.4,-204.6,18.));
#1254=DIRECTION('',(-1.,-0.,0.));
#1255=DIRECTION('',(0.,0.,1.));
#1256=AXIS2_PLACEMENT_3D('',#1253,#1254,#1255);
#1257=PLANE('',#1256);
#1258=ORIENTED_EDGE('',*,*,#1144,.F.);
#1259=CARTESIAN_POINT('',(4685.4,-277.6,7.9));
#1260=DIRECTION('',(0.,0.,1.));
#1261=VECTOR('',#1260,5.6);
#1262=LINE('',#1259,#1261);
#1263=EDGE_CURVE('',#1132,#919,#1262,.T.);
#1264=ORIENTED_EDGE('',*,*,#1263,.T.);
#1265=ORIENTED_EDGE('',*,*,#924,.T.);
#1266=ORIENTED_EDGE('',*,*,#1085,.T.);
#1267=EDGE_LOOP('',(#1258,#1264,#1265,#1266));
#1268=FACE_BOUND('',#1267,.T.);
#1269=ADVANCED_FACE('',(#1268),#1257,.T.);
#1270=CARTESIAN_POINT('',(4687.9,-277.6,18.));
#1271=DIRECTION('',(0.,0.,1.));
#1272=DIRECTION('',(1.,0.,-0.));
#1273=AXIS2_PLACEMENT_3D('',#1270,#1271,#1272);
#1274=CYLINDRICAL_SURFACE('',#1273,2.5);
#1275=ORIENTED_EDGE('',*,*,#1263,.F.);
#1276=ORIENTED_EDGE('',*,*,#1138,.F.);
#1277=ORIENTED_EDGE('',*,*,#1231,.F.);
#1278=ORIENTED_EDGE('',*,*,#933,.F.);
#1279=EDGE_LOOP('',(#1275,#1276,#1277,#1278));
#1280=FACE_BOUND('',#1279,.T.);
#1281=ADVANCED_FACE('',(#1280),#1274,.T.);
#1282=CARTESIAN_POINT('',(4701.2,-302.3,38.9));
#1283=DIRECTION('',(-0.,-0.,-1.));
#1284=DIRECTION('',(-1.,0.,0.));
#1285=AXIS2_PLACEMENT_3D('',#1282,#1283,#1284);
#1286=CYLINDRICAL_SURFACE('',#1285,24.7);
#1287=CARTESIAN_POINT('',(4676.5,-302.3,18.9));
#1288=VERTEX_POINT('',#1287);
#1289=CARTESIAN_POINT('',(4676.5,-302.3,13.5));
#1290=DIRECTION('',(0.,0.,1.));
#1291=VECTOR('',#1290,5.4);
#1292=LINE('',#1289,#1291);
#1293=EDGE_CURVE('',#944,#1288,#1292,.T.);
#1294=ORIENTED_EDGE('',*,*,#1293,.F.);
#1295=ORIENTED_EDGE('',*,*,#950,.T.);
#1296=ORIENTED_EDGE('',*,*,#1247,.F.);
#1297=CARTESIAN_POINT('',(4695.2,-278.339824708,15.9));
#1298=VERTEX_POINT('',#1297);
#1299=CARTESIAN_POINT('',(4701.2,-302.3,15.9));
#1300=DIRECTION('',(0.,-0.,1.));
#1301=DIRECTION('',(0.,-1.,-0.));
#1302=AXIS2_PLACEMENT_3D('',#1299,#1300,#1301);
#1303=CIRCLE('',#1302,24.7);
#1304=EDGE_CURVE('',#1298,#1236,#1303,.T.);
#1305=ORIENTED_EDGE('',*,*,#1304,.F.);
#1306=CARTESIAN_POINT('',(4695.2,-278.339824708,16.5));
#1307=VERTEX_POINT('',#1306);
#1308=CARTESIAN_POINT('',(4695.2,-278.339824708,16.5));
#1309=DIRECTION('',(-0.,-0.,-1.));
#1310=VECTOR('',#1309,0.6);
#1311=LINE('',#1308,#1310);
#1312=EDGE_CURVE('',#1307,#1298,#1311,.T.);
#1313=ORIENTED_EDGE('',*,*,#1312,.F.);
#1314=CARTESIAN_POINT('',(4707.2,-278.339824708,16.5));
#1315=VERTEX_POINT('',#1314);
#1316=CARTESIAN_POINT('',(4701.2,-302.3,16.5));
#1317=DIRECTION('',(0.,-0.,1.));
#1318=DIRECTION('',(0.,-1.,-0.));
#1319=AXIS2_PLACEMENT_3D('',#1316,#1317,#1318);
#1320=CIRCLE('',#1319,24.7);
#1321=EDGE_CURVE('',#1315,#1307,#1320,.T.);
#1322=ORIENTED_EDGE('',*,*,#1321,.F.);
#1323=CARTESIAN_POINT('',(4707.2,-278.339824708,15.9));
#1324=VERTEX_POINT('',#1323);
#1325=CARTESIAN_POINT('',(4707.2,-278.339824708,15.9));
#1326=DIRECTION('',(0.,0.,1.));
#1327=VECTOR('',#1326,0.6);
#1328=LINE('',#1325,#1327);
#1329=EDGE_CURVE('',#1324,#1315,#1328,.T.);
#1330=ORIENTED_EDGE('',*,*,#1329,.F.);
#1331=CARTESIAN_POINT('',(4712.,-280.08626551,15.9));
#1332=VERTEX_POINT('',#1331);
#1333=CARTESIAN_POINT('',(4701.2,-302.3,15.9));
#1334=DIRECTION('',(0.,-0.,1.));
#1335=DIRECTION('',(0.,-1.,-0.));
#1336=AXIS2_PLACEMENT_3D('',#1333,#1334,#1335);
#1337=CIRCLE('',#1336,24.7);
#1338=EDGE_CURVE('',#1332,#1324,#1337,.T.);
#1339=ORIENTED_EDGE('',*,*,#1338,.F.);
#1340=CARTESIAN_POINT('',(4712.,-280.08626551,13.5));
#1341=DIRECTION('',(0.,0.,1.));
#1342=VECTOR('',#1341,2.4);
#1343=LINE('',#1340,#1342);
#1344=EDGE_CURVE('',#953,#1332,#1343,.T.);
#1345=ORIENTED_EDGE('',*,*,#1344,.F.);
#1346=ORIENTED_EDGE('',*,*,#959,.T.);
#1347=ORIENTED_EDGE('',*,*,#1293,.T.);
#1348=CARTESIAN_POINT('',(4701.2,-302.3,18.9));
#1349=DIRECTION('',(0.,-0.,1.));
#1350=DIRECTION('',(-1.,0.,0.));
#1351=AXIS2_PLACEMENT_3D('',#1348,#1349,#1350);
#1352=CIRCLE('',#1351,24.7);
#1353=EDGE_CURVE('',#1288,#1288,#1352,.T.);
#1354=ORIENTED_EDGE('',*,*,#1353,.T.);
#1355=EDGE_LOOP('',(#1294,#1295,#1296,#1305,#1313,#1322,#1330,#1339,#1345,#1346,#1347,#1354));
#1356=FACE_BOUND('',#1355,.T.);
#1357=CARTESIAN_POINT('',(4718.665537495,-284.834462505,17.3));
#1358=VERTEX_POINT('',#1357);
#1359=CARTESIAN_POINT('',(4718.665537495,-284.834462505,17.3));
#1360=CARTESIAN_POINT('',(4718.712257515,-284.881182525,17.3));
#1361=CARTESIAN_POINT('',(4718.758008534,-284.927308193,17.293516103));
#1362=CARTESIAN_POINT('',(4718.80284065,-284.972853638,17.280814116));
#1363=CARTESIAN_POINT('',(4718.847672765,-285.018399083,17.268112128));
#1364=CARTESIAN_POINT('',(4718.892045975,-285.06384102,17.248883385));
#1365=CARTESIAN_POINT('',(4718.934197162,-285.107319842,17.223785509));
#1366=CARTESIAN_POINT('',(4718.976348349,-285.150798663,17.198687634));
#1367=CARTESIAN_POINT('',(4719.016174124,-285.192197836,17.167971716));
#1368=CARTESIAN_POINT('',(4719.053740451,-285.231492393,17.131687856));
#1369=CARTESIAN_POINT('',(4719.091306777,-285.27078695,17.095403997));
#1370=CARTESIAN_POINT('',(4719.126746316,-285.308122668,17.053169824));
#1371=CARTESIAN_POINT('',(4719.158423627,-285.3416681,17.007041914));
#1372=CARTESIAN_POINT('',(4719.221778251,-285.408758966,16.914786093));
#1373=CARTESIAN_POINT('',(4719.272587343,-285.463311558,16.803232273));
#1374=CARTESIAN_POINT('',(4719.306534097,-285.499898125,16.682906549));
#1375=CARTESIAN_POINT('',(4719.340480851,-285.536484692,16.562580824));
#1376=CARTESIAN_POINT('',(4719.35827719,-285.555837749,16.430979507));
#1377=CARTESIAN_POINT('',(4719.358324407,-285.555888954,16.300533522));
#1378=CARTESIAN_POINT('',(4719.358348016,-285.555914556,16.23531053));
#1379=CARTESIAN_POINT('',(4719.353946404,-285.551137565,16.169062059));
#1380=CARTESIAN_POINT('',(4719.34528601,-285.541760367,16.104932898));
#1381=CARTESIAN_POINT('',(4719.336625616,-285.532383169,16.040803738));
#1382=CARTESIAN_POINT('',(4719.323804395,-285.518511937,15.978464859));
#1383=CARTESIAN_POINT('',(4719.306768679,-285.500150953,15.917926005));
#1384=CARTESIAN_POINT('',(4719.289732963,-285.481789969,15.85738715));
#1385=CARTESIAN_POINT('',(4719.26839788,-285.458850723,15.798825382));
#1386=CARTESIAN_POINT('',(4719.243672342,-285.432401226,15.744639324));
#1387=CARTESIAN_POINT('',(4719.218946804,-285.405951729,15.690453265));
#1388=CARTESIAN_POINT('',(4719.190661668,-285.375808128,15.639941354));
#1389=CARTESIAN_POINT('',(4719.158622082,-285.341878261,15.593247192));
#1390=CARTESIAN_POINT('',(4719.126582497,-285.307948395,15.54655303));
#1391=CARTESIAN_POINT('',(4719.091740861,-285.271243691,15.505096303));
#1392=CARTESIAN_POINT('',(4719.054321201,-285.232099882,15.468873692));
#1393=CARTESIAN_POINT('',(4719.016901541,-285.192956072,15.432651081));
#1394=CARTESIAN_POINT('',(4718.976390165,-285.150841884,15.401339205));
#1395=CARTESIAN_POINT('',(4718.934214517,-285.107337744,15.376224825));
#1396=CARTESIAN_POINT('',(4718.892038869,-285.063833603,15.351110444));
#1397=CARTESIAN_POINT('',(4718.84848878,-285.019231851,15.33218885));
#1398=CARTESIAN_POINT('',(4718.803550368,-284.973574678,15.31938751));
#1399=CARTESIAN_POINT('',(4718.758611956,-284.927917505,15.306586171));
#1400=CARTESIAN_POINT('',(4718.711936205,-284.880862547,15.300023282));
#1401=CARTESIAN_POINT('',(4718.665789069,-284.834714082,15.300000063));
#1402=CARTESIAN_POINT('',(4718.573494798,-284.742417152,15.299953625));
#1403=CARTESIAN_POINT('',(4718.479694546,-284.650165715,15.326107772));
#1404=CARTESIAN_POINT('',(4718.393258812,-284.566363841,15.375880873));
#1405=CARTESIAN_POINT('',(4718.306823079,-284.482561967,15.425653973));
#1406=CARTESIAN_POINT('',(4718.226003408,-284.40548318,15.500097603));
#1407=CARTESIAN_POINT('',(4718.158877966,-284.342092044,15.592207983));
#1408=CARTESIAN_POINT('',(4718.125315245,-284.310396477,15.638263173));
#1409=CARTESIAN_POINT('',(4718.094487307,-284.281464474,15.689643146));
#1410=CARTESIAN_POINT('',(4718.067908133,-284.256616858,15.744006068));
#1411=CARTESIAN_POINT('',(4718.04132896,-284.231769242,15.79836899));
#1412=CARTESIAN_POINT('',(4718.01879517,-284.21081093,15.855774571));
#1413=CARTESIAN_POINT('',(4718.00036378,-284.193708915,15.916233226));
#1414=CARTESIAN_POINT('',(4717.98193239,-284.1766069,15.97669188));
#1415=CARTESIAN_POINT('',(4717.96773005,-284.163479052,16.040281184));
#1416=CARTESIAN_POINT('',(4717.958347423,-284.154813541,16.104197179));
#1417=CARTESIAN_POINT('',(4717.948964797,-284.14614803,16.168113175));
#1418=CARTESIAN_POINT('',(4717.944160363,-284.141721068,16.233031724));
#1419=CARTESIAN_POINT('',(4717.944111317,-284.141675843,16.298989355));
#1420=CARTESIAN_POINT('',(4717.944013226,-284.141585391,16.430904617));
#1421=CARTESIAN_POINT('',(4717.963054568,-284.159092652,16.560744702));
#1422=CARTESIAN_POINT('',(4717.999838788,-284.193221803,16.682040168));
#1423=CARTESIAN_POINT('',(4718.018230898,-284.210286378,16.742687901));
#1424=CARTESIAN_POINT('',(4718.040711944,-284.231194461,16.800156562));
#1425=CARTESIAN_POINT('',(4718.0671766,-284.25593301,16.85449482));
#1426=CARTESIAN_POINT('',(4718.093641257,-284.280671559,16.908833079));
#1427=CARTESIAN_POINT('',(4718.12442537,-284.309559361,16.960352915));
#1428=CARTESIAN_POINT('',(4718.157969311,-284.341233983,17.006542975));
#1429=CARTESIAN_POINT('',(4718.191513252,-284.372908605,17.052733036));
#1430=CARTESIAN_POINT('',(4718.228003702,-284.407541632,17.0941475));
#1431=CARTESIAN_POINT('',(4718.267441331,-284.445240231,17.130701413));
#1432=CARTESIAN_POINT('',(4718.30687896,-284.482938829,17.167255327));
#1433=CARTESIAN_POINT('',(4718.348916283,-284.523378029,17.198462512));
#1434=CARTESIAN_POINT('',(4718.3921066,-284.565246811,17.223454027));
#1435=CARTESIAN_POINT('',(4718.478487232,-284.648984376,17.273437057));
#1436=CARTESIAN_POINT('',(4718.572097567,-284.741022576,17.3));
#1437=CARTESIAN_POINT('',(4718.665537495,-284.834462505,17.3));
#1438=B_SPLINE_CURVE_WITH_KNOTS('',3,(#1359,#1360,#1361,#1362,#1363,#1364,#1365,#1366,#1367,#1368,#1369,#1370,#1371,#1372,#1373,#1374,#1375,#1376,#1377,#1378,#1379,#1380,#1381,#1382,#1383,#1384,
#1385,#1386,#1387,#1388,#1389,#1390,#1391,#1392,#1393,#1394,#1395,#1396,#1397,#1398,#1399,#1400,#1401,#1402,#1403,#1404,#1405,#1406,#1407,#1408,#1409,
#1410,#1411,#1412,#1413,#1414,#1415,#1416,#1417,#1418,#1419,#1420,#1421,#1422,#1423,#1424,#1425,#1426,#1427,#1428,#1429,#1430,#1431,#1432,#1433,#1434,
#1435,#1436,#1437),.UNSPECIFIED.,.T.,.F.,(4,3,3,3,3,3,3,3,3,3,3,3,3,3,3,3,3,3,3,3,3,3,3,3,3,3,
4),(0.,0.000195401,0.000390803,0.000586204,0.000781605,0.001172408,0.001563211,0.001758612,0.001954013,0.002149414,0.002344816,0.002540217,0.002735618,0.00293102,0.003126421,0.003517224,0.003908026,0.004103428,0.004298829,0.00449423,0.004689632,0.005080434,0.005275836,0.005471237,0.005666638,0.00586204,
0.006252842),.UNSPECIFIED.);
#1439=EDGE_CURVE('',#1358,#1358,#1438,.T.);
#1440=ORIENTED_EDGE('',*,*,#1439,.T.);
#1441=EDGE_LOOP('',(#1440));
#1442=FACE_BOUND('',#1441,.T.);
#1443=CARTESIAN_POINT('',(4718.665537495,-319.765537495,17.3));
#1444=VERTEX_POINT('',#1443);
#1445=CARTESIAN_POINT('',(4718.665537495,-319.765537495,17.3));
#1446=CARTESIAN_POINT('',(4718.618817475,-319.812257515,17.3));
#1447=CARTESIAN_POINT('',(4718.572691807,-319.858008534,17.293516103));
#1448=CARTESIAN_POINT('',(4718.527146362,-319.90284065,17.280814116));
#1449=CARTESIAN_POINT('',(4718.481600917,-319.947672765,17.268112128));
#1450=CARTESIAN_POINT('',(4718.43615898,-319.992045975,17.248883385));
#1451=CARTESIAN_POINT('',(4718.392680158,-320.034197162,17.223785509));
#1452=CARTESIAN_POINT('',(4718.349201337,-320.076348349,17.198687634));
#1453=CARTESIAN_POINT('',(4718.307802164,-320.116174124,17.167971716));
#1454=CARTESIAN_POINT('',(4718.268507607,-320.153740451,17.131687856));
#1455=CARTESIAN_POINT('',(4718.22921305,-320.191306777,17.095403997));
#1456=CARTESIAN_POINT('',(4718.191877332,-320.226746316,17.053169824));
#1457=CARTESIAN_POINT('',(4718.1583319,-320.258423627,17.007041914));
#1458=CARTESIAN_POINT('',(4718.091241034,-320.321778251,16.914786093));
#1459=CARTESIAN_POINT('',(4718.036688442,-320.372587343,16.803232273));
#1460=CARTESIAN_POINT('',(4718.000101875,-320.406534097,16.682906549));
#1461=CARTESIAN_POINT('',(4717.963515308,-320.440480851,16.562580824));
#1462=CARTESIAN_POINT('',(4717.944162251,-320.45827719,16.430979507));
#1463=CARTESIAN_POINT('',(4717.944111046,-320.458324407,16.300533522));
#1464=CARTESIAN_POINT('',(4717.944085444,-320.458348016,16.23531053));
#1465=CARTESIAN_POINT('',(4717.948862435,-320.453946404,16.169062059));
#1466=CARTESIAN_POINT('',(4717.958239633,-320.44528601,16.104932898));
#1467=CARTESIAN_POINT('',(4717.967616831,-320.436625616,16.040803738));
#1468=CARTESIAN_POINT('',(4717.981488063,-320.423804395,15.978464859));
#1469=CARTESIAN_POINT('',(4717.999849047,-320.406768679,15.917926005));
#1470=CARTESIAN_POINT('',(4718.018210031,-320.389732963,15.85738715));
#1471=CARTESIAN_POINT('',(4718.041149277,-320.36839788,15.798825382));
#1472=CARTESIAN_POINT('',(4718.067598774,-320.343672342,15.744639324));
#1473=CARTESIAN_POINT('',(4718.094048271,-320.318946804,15.690453265));
#1474=CARTESIAN_POINT('',(4718.124191872,-320.290661668,15.639941354));
#1475=CARTESIAN_POINT('',(4718.158121739,-320.258622082,15.593247192));
#1476=CARTESIAN_POINT('',(4718.192051605,-320.226582497,15.54655303));
#1477=CARTESIAN_POINT('',(4718.228756309,-320.191740861,15.505096303));
#1478=CARTESIAN_POINT('',(4718.267900118,-320.154321201,15.468873692));
#1479=CARTESIAN_POINT('',(4718.307043928,-320.116901541,15.432651081));
#1480=CARTESIAN_POINT('',(4718.349158116,-320.076390165,15.401339205));
#1481=CARTESIAN_POINT('',(4718.392662256,-320.034214517,15.376224825));
#1482=CARTESIAN_POINT('',(4718.436166397,-319.992038869,15.351110444));
#1483=CARTESIAN_POINT('',(4718.480768149,-319.94848878,15.33218885));
#1484=CARTESIAN_POINT('',(4718.526425322,-319.903550368,15.31938751));
#1485=CARTESIAN_POINT('',(4718.572082495,-319.858611956,15.306586171));
#1486=CARTESIAN_POINT('',(4718.619137453,-319.811936205,15.300023282));
#1487=CARTESIAN_POINT('',(4718.665285918,-319.765789069,15.300000063));
#1488=CARTESIAN_POINT('',(4718.757582848,-319.673494798,15.299953625));
#1489=CARTESIAN_POINT('',(4718.849834285,-319.579694546,15.326107772));
#1490=CARTESIAN_POINT('',(4718.933636159,-319.493258812,15.375880873));
#1491=CARTESIAN_POINT('',(4719.017438033,-319.406823079,15.425653973));
#1492=CARTESIAN_POINT('',(4719.09451682,-319.326003408,15.500097603));
#1493=CARTESIAN_POINT('',(4719.157907956,-319.258877966,15.592207983));
#1494=CARTESIAN_POINT('',(4719.189603523,-319.225315245,15.638263173));
#1495=CARTESIAN_POINT('',(4719.218535526,-319.194487307,15.689643146));
#1496=CARTESIAN_POINT('',(4719.243383142,-319.167908133,15.744006068));
#1497=CARTESIAN_POINT('',(4719.268230758,-319.14132896,15.79836899));
#1498=CARTESIAN_POINT('',(4719.28918907,-319.11879517,15.855774571));
#1499=CARTESIAN_POINT('',(4719.306291085,-319.10036378,15.916233226));
#1500=CARTESIAN_POINT('',(4719.3233931,-319.08193239,15.97669188));
#1501=CARTESIAN_POINT('',(4719.336520948,-319.06773005,16.040281184));
#1502=CARTESIAN_POINT('',(4719.345186459,-319.058347423,16.104197179));
#1503=CARTESIAN_POINT('',(4719.35385197,-319.048964797,16.168113175));
#1504=CARTESIAN_POINT('',(4719.358278932,-319.044160363,16.233031724));
#1505=CARTESIAN_POINT('',(4719.358324157,-319.044111317,16.298989355));
#1506=CARTESIAN_POINT('',(4719.358414609,-319.044013226,16.430904617));
#1507=CARTESIAN_POINT('',(4719.340907348,-319.063054568,16.560744702));
#1508=CARTESIAN_POINT('',(4719.306778197,-319.099838788,16.682040168));
#1509=CARTESIAN_POINT('',(4719.289713622,-319.118230898,16.742687901));
#1510=CARTESIAN_POINT('',(4719.268805539,-319.140711944,16.800156562));
#1511=CARTESIAN_POINT('',(4719.24406699,-319.1671766,16.85449482));
#1512=CARTESIAN_POINT('',(4719.219328441,-319.193641257,16.908833079));
#1513=CARTESIAN_POINT('',(4719.190440639,-319.22442537,16.960352915));
#1514=CARTESIAN_POINT('',(4719.158766017,-319.257969311,17.006542975));
#1515=CARTESIAN_POINT('',(4719.127091395,-319.291513252,17.052733036));
#1516=CARTESIAN_POINT('',(4719.092458368,-319.328003702,17.0941475));
#1517=CARTESIAN_POINT('',(4719.054759769,-319.367441331,17.130701413));
#1518=CARTESIAN_POINT('',(4719.017061171,-319.40687896,17.167255327));
#1519=CARTESIAN_POINT('',(4718.976621971,-319.448916283,17.198462512));
#1520=CARTESIAN_POINT('',(4718.934753189,-319.4921066,17.223454027));
#1521=CARTESIAN_POINT('',(4718.851015624,-319.578487232,17.273437057));
#1522=CARTESIAN_POINT('',(4718.758977424,-319.672097567,17.3));
#1523=CARTESIAN_POINT('',(4718.665537495,-319.765537495,17.3));
#1524=B_SPLINE_CURVE_WITH_KNOTS('',3,(#1445,#1446,#1447,#1448,#1449,#1450,#1451,#1452,#1453,#1454,#1455,#1456,#1457,#1458,#1459,#1460,#1461,#1462,#1463,#1464,#1465,#1466,#1467,#1468,#1469,#1470,
#1471,#1472,#1473,#1474,#1475,#1476,#1477,#1478,#1479,#1480,#1481,#1482,#1483,#1484,#1485,#1486,#1487,#1488,#1489,#1490,#1491,#1492,#1493,#1494,#1495,
#1496,#1497,#1498,#1499,#1500,#1501,#1502,#1503,#1504,#1505,#1506,#1507,#1508,#1509,#1510,#1511,#1512,#1513,#1514,#1515,#1516,#1517,#1518,#1519,#1520,
#1521,#1522,#1523),.UNSPECIFIED.,.T.,.F.,(4,3,3,3,3,3,3,3,3,3,3,3,3,3,3,3,3,3,3,3,3,3,3,3,3,3,
4),(0.,0.000195401,0.000390803,0.000586204,0.000781605,0.001172408,0.001563211,0.001758612,0.001954013,0.002149414,0.002344816,0.002540217,0.002735618,0.00293102,0.003126421,0.003517224,0.003908026,0.004103428,0.004298829,0.00449423,0.004689632,0.005080434,0.005275836,0.005471237,0.005666638,0.00586204,
0.006252842),.UNSPECIFIED.);
#1525=EDGE_CURVE('',#1444,#1444,#1524,.T.);
#1526=ORIENTED_EDGE('',*,*,#1525,.T.);
#1527=EDGE_LOOP('',(#1526));
#1528=FACE_BOUND('',#1527,.T.);
#1529=CARTESIAN_POINT('',(4683.734462505,-284.834462505,17.3));
#1530=VERTEX_POINT('',#1529);
#1531=CARTESIAN_POINT('',(4683.734462505,-284.834462505,17.3));
#1532=CARTESIAN_POINT('',(4683.781182525,-284.787742485,17.3));
#1533=CARTESIAN_POINT('',(4683.827308193,-284.741991466,17.293516103));
#1534=CARTESIAN_POINT('',(4683.872853638,-284.69715935,17.280814116));
#1535=CARTESIAN_POINT('',(4683.918399083,-284.652327235,17.268112128));
#1536=CARTESIAN_POINT('',(4683.96384102,-284.607954025,17.248883385));
#1537=CARTESIAN_POINT('',(4684.007319842,-284.565802838,17.223785509));
#1538=CARTESIAN_POINT('',(4684.050798663,-284.523651651,17.198687634));
#1539=CARTESIAN_POINT('',(4684.092197836,-284.483825876,17.167971716));
#1540=CARTESIAN_POINT('',(4684.131492393,-284.446259549,17.131687856));
#1541=CARTESIAN_POINT('',(4684.17078695,-284.408693223,17.095403997));
#1542=CARTESIAN_POINT('',(4684.208122668,-284.373253684,17.053169824));
#1543=CARTESIAN_POINT('',(4684.2416681,-284.341576373,17.007041914));
#1544=CARTESIAN_POINT('',(4684.308758966,-284.278221749,16.914786093));
#1545=CARTESIAN_POINT('',(4684.363311558,-284.227412657,16.803232273));
#1546=CARTESIAN_POINT('',(4684.399898125,-284.193465903,16.682906549));
#1547=CARTESIAN_POINT('',(4684.436484692,-284.159519149,16.562580824));
#1548=CARTESIAN_POINT('',(4684.455837749,-284.14172281,16.430979507));
#1549=CARTESIAN_POINT('',(4684.455888954,-284.141675593,16.300533522));
#1550=CARTESIAN_POINT('',(4684.455914556,-284.141651984,16.23531053));
#1551=CARTESIAN_POINT('',(4684.451137565,-284.146053596,16.169062059));
#1552=CARTESIAN_POINT('',(4684.441760367,-284.15471399,16.104932898));
#1553=CARTESIAN_POINT('',(4684.432383169,-284.163374384,16.040803738));
#1554=CARTESIAN_POINT('',(4684.418511937,-284.176195605,15.978464859));
#1555=CARTESIAN_POINT('',(4684.400150953,-284.193231321,15.917926005));
#1556=CARTESIAN_POINT('',(4684.381789969,-284.210267037,15.85738715));
#1557=CARTESIAN_POINT('',(4684.358850723,-284.23160212,15.798825382));
#1558=CARTESIAN_POINT('',(4684.332401226,-284.256327658,15.744639324));
#1559=CARTESIAN_POINT('',(4684.305951729,-284.281053196,15.690453265));
#1560=CARTESIAN_POINT('',(4684.275808128,-284.309338332,15.639941354));
#1561=CARTESIAN_POINT('',(4684.241878261,-284.341377918,15.593247192));
#1562=CARTESIAN_POINT('',(4684.207948395,-284.373417503,15.54655303));
#1563=CARTESIAN_POINT('',(4684.171243691,-284.408259139,15.505096303));
#1564=CARTESIAN_POINT('',(4684.132099882,-284.445678799,15.468873692));
#1565=CARTESIAN_POINT('',(4684.092956072,-284.483098459,15.432651081));
#1566=CARTESIAN_POINT('',(4684.050841884,-284.523609835,15.401339205));
#1567=CARTESIAN_POINT('',(4684.007337744,-284.565785483,15.376224825));
#1568=CARTESIAN_POINT('',(4683.963833603,-284.607961131,15.351110444));
#1569=CARTESIAN_POINT('',(4683.919231851,-284.65151122,15.33218885));
#1570=CARTESIAN_POINT('',(4683.873574678,-284.696449632,15.31938751));
#1571=CARTESIAN_POINT('',(4683.827917505,-284.741388044,15.306586171));
#1572=CARTESIAN_POINT('',(4683.780862547,-284.788063795,15.300023282));
#1573=CARTESIAN_POINT('',(4683.734714082,-284.834210931,15.300000063));
#1574=CARTESIAN_POINT('',(4683.642417152,-284.926505202,15.299953625));
#1575=CARTESIAN_POINT('',(4683.550165715,-285.020305454,15.326107772));
#1576=CARTESIAN_POINT('',(4683.466363841,-285.106741188,15.375880873));
#1577=CARTESIAN_POINT('',(4683.382561967,-285.193176921,15.425653973));
#1578=CARTESIAN_POINT('',(4683.30548318,-285.273996592,15.500097603));
#1579=CARTESIAN_POINT('',(4683.242092044,-285.341122034,15.592207983));
#1580=CARTESIAN_POINT('',(4683.210396477,-285.374684755,15.638263173));
#1581=CARTESIAN_POINT('',(4683.181464474,-285.405512693,15.689643146));
#1582=CARTESIAN_POINT('',(4683.156616858,-285.432091867,15.744006068));
#1583=CARTESIAN_POINT('',(4683.131769242,-285.45867104,15.79836899));
#1584=CARTESIAN_POINT('',(4683.11081093,-285.48120483,15.855774571));
#1585=CARTESIAN_POINT('',(4683.093708915,-285.49963622,15.916233226));
#1586=CARTESIAN_POINT('',(4683.0766069,-285.51806761,15.97669188));
#1587=CARTESIAN_POINT('',(4683.063479052,-285.53226995,16.040281184));
#1588=CARTESIAN_POINT('',(4683.054813541,-285.541652577,16.104197179));
#1589=CARTESIAN_POINT('',(4683.04614803,-285.551035203,16.168113175));
#1590=CARTESIAN_POINT('',(4683.041721068,-285.555839637,16.233031724));
#1591=CARTESIAN_POINT('',(4683.041675843,-285.555888683,16.298989355));
#1592=CARTESIAN_POINT('',(4683.041585391,-285.555986774,16.430904617));
#1593=CARTESIAN_POINT('',(4683.059092652,-285.536945432,16.560744702));
#1594=CARTESIAN_POINT('',(4683.093221803,-285.500161212,16.682040168));
#1595=CARTESIAN_POINT('',(4683.110286378,-285.481769102,16.742687901));
#1596=CARTESIAN_POINT('',(4683.131194461,-285.459288056,16.800156562));
#1597=CARTESIAN_POINT('',(4683.15593301,-285.4328234,16.85449482));
#1598=CARTESIAN_POINT('',(4683.180671559,-285.406358743,16.908833079));
#1599=CARTESIAN_POINT('',(4683.209559361,-285.37557463,16.960352915));
#1600=CARTESIAN_POINT('',(4683.241233983,-285.342030689,17.006542975));
#1601=CARTESIAN_POINT('',(4683.272908605,-285.308486748,17.052733036));
#1602=CARTESIAN_POINT('',(4683.307541632,-285.271996298,17.0941475));
#1603=CARTESIAN_POINT('',(4683.345240231,-285.232558669,17.130701413));
#1604=CARTESIAN_POINT('',(4683.382938829,-285.19312104,17.167255327));
#1605=CARTESIAN_POINT('',(4683.423378029,-285.151083717,17.198462512));
#1606=CARTESIAN_POINT('',(4683.465246811,-285.1078934,17.223454027));
#1607=CARTESIAN_POINT('',(4683.548984376,-285.021512768,17.273437057));
#1608=CARTESIAN_POINT('',(4683.641022576,-284.927902433,17.3));
#1609=CARTESIAN_POINT('',(4683.734462505,-284.834462505,17.3));
#1610=B_SPLINE_CURVE_WITH_KNOTS('',3,(#1531,#1532,#1533,#1534,#1535,#1536,#1537,#1538,#1539,#1540,#1541,#1542,#1543,#1544,#1545,#1546,#1547,#1548,#1549,#1550,#1551,#1552,#1553,#1554,#1555,#1556,
#1557,#1558,#1559,#1560,#1561,#1562,#1563,#1564,#1565,#1566,#1567,#1568,#1569,#1570,#1571,#1572,#1573,#1574,#1575,#1576,#1577,#1578,#1579,#1580,#1581,
#1582,#1583,#1584,#1585,#1586,#1587,#1588,#1589,#1590,#1591,#1592,#1593,#1594,#1595,#1596,#1597,#1598,#1599,#1600,#1601,#1602,#1603,#1604,#1605,#1606,
#1607,#1608,#1609),.UNSPECIFIED.,.T.,.F.,(4,3,3,3,3,3,3,3,3,3,3,3,3,3,3,3,3,3,3,3,3,3,3,3,3,3,
4),(0.,0.000195401,0.000390803,0.000586204,0.000781605,0.001172408,0.001563211,0.001758612,0.001954013,0.002149414,0.002344816,0.002540217,0.002735618,0.00293102,0.003126421,0.003517224,0.003908026,0.004103428,0.004298829,0.00449423,0.004689632,0.005080434,0.005275836,0.005471237,0.005666638,0.00586204,
0.006252842),.UNSPECIFIED.);
#1611=EDGE_CURVE('',#1530,#1530,#1610,.T.);
#1612=ORIENTED_EDGE('',*,*,#1611,.T.);
#1613=EDGE_LOOP('',(#1612));
#1614=FACE_BOUND('',#1613,.T.);
#1615=CARTESIAN_POINT('',(4683.734462505,-319.765537495,17.3));
#1616=VERTEX_POINT('',#1615);
#1617=CARTESIAN_POINT('',(4683.734462505,-319.765537495,17.3));
#1618=CARTESIAN_POINT('',(4683.687742485,-319.718817475,17.3));
#1619=CARTESIAN_POINT('',(4683.641991466,-319.672691807,17.293516103));
#1620=CARTESIAN_POINT('',(4683.59715935,-319.627146362,17.280814116));
#1621=CARTESIAN_POINT('',(4683.552327235,-319.581600917,17.268112128));
#1622=CARTESIAN_POINT('',(4683.507954025,-319.53615898,17.248883385));
#1623=CARTESIAN_POINT('',(4683.465802838,-319.492680158,17.223785509));
#1624=CARTESIAN_POINT('',(4683.423651651,-319.449201337,17.198687634));
#1625=CARTESIAN_POINT('',(4683.383825876,-319.407802164,17.167971716));
#1626=CARTESIAN_POINT('',(4683.346259549,-319.368507607,17.131687856));
#1627=CARTESIAN_POINT('',(4683.308693223,-319.32921305,17.095403997));
#1628=CARTESIAN_POINT('',(4683.273253684,-319.291877332,17.053169824));
#1629=CARTESIAN_POINT('',(4683.241576373,-319.2583319,17.007041914));
#1630=CARTESIAN_POINT('',(4683.178221749,-319.191241034,16.914786093));
#1631=CARTESIAN_POINT('',(4683.127412657,-319.136688442,16.803232273));
#1632=CARTESIAN_POINT('',(4683.093465903,-319.100101875,16.682906549));
#1633=CARTESIAN_POINT('',(4683.059519149,-319.063515308,16.562580824));
#1634=CARTESIAN_POINT('',(4683.04172281,-319.044162251,16.430979507));
#1635=CARTESIAN_POINT('',(4683.041675593,-319.044111046,16.300533522));
#1636=CARTESIAN_POINT('',(4683.041651984,-319.044085444,16.23531053));
#1637=CARTESIAN_POINT('',(4683.046053596,-319.048862435,16.169062059));
#1638=CARTESIAN_POINT('',(4683.05471399,-319.058239633,16.104932898));
#1639=CARTESIAN_POINT('',(4683.063374384,-319.067616831,16.040803738));
#1640=CARTESIAN_POINT('',(4683.076195605,-319.081488063,15.978464859));
#1641=CARTESIAN_POINT('',(4683.093231321,-319.099849047,15.917926005));
#1642=CARTESIAN_POINT('',(4683.110267037,-319.118210031,15.85738715));
#1643=CARTESIAN_POINT('',(4683.13160212,-319.141149277,15.798825382));
#1644=CARTESIAN_POINT('',(4683.156327658,-319.167598774,15.744639324));
#1645=CARTESIAN_POINT('',(4683.181053196,-319.194048271,15.690453265));
#1646=CARTESIAN_POINT('',(4683.209338332,-319.224191872,15.639941354));
#1647=CARTESIAN_POINT('',(4683.241377918,-319.258121739,15.593247192));
#1648=CARTESIAN_POINT('',(4683.273417503,-319.292051605,15.54655303));
#1649=CARTESIAN_POINT('',(4683.308259139,-319.328756309,15.505096303));
#1650=CARTESIAN_POINT('',(4683.345678799,-319.367900118,15.468873692));
#1651=CARTESIAN_POINT('',(4683.383098459,-319.407043928,15.432651081));
#1652=CARTESIAN_POINT('',(4683.423609835,-319.449158116,15.401339205));
#1653=CARTESIAN_POINT('',(4683.465785483,-319.492662256,15.376224825));
#1654=CARTESIAN_POINT('',(4683.507961131,-319.536166397,15.351110444));
#1655=CARTESIAN_POINT('',(4683.55151122,-319.580768149,15.33218885));
#1656=CARTESIAN_POINT('',(4683.596449632,-319.626425322,15.31938751));
#1657=CARTESIAN_POINT('',(4683.641388044,-319.672082495,15.306586171));
#1658=CARTESIAN_POINT('',(4683.688063795,-319.719137453,15.300023282));
#1659=CARTESIAN_POINT('',(4683.734210931,-319.765285918,15.300000063));
#1660=CARTESIAN_POINT('',(4683.826505202,-319.857582848,15.299953625));
#1661=CARTESIAN_POINT('',(4683.920305454,-319.949834285,15.326107772));
#1662=CARTESIAN_POINT('',(4684.006741188,-320.033636159,15.375880873));
#1663=CARTESIAN_POINT('',(4684.093176921,-320.117438033,15.425653973));
#1664=CARTESIAN_POINT('',(4684.173996592,-320.19451682,15.500097603));
#1665=CARTESIAN_POINT('',(4684.241122034,-320.257907956,15.592207983));
#1666=CARTESIAN_POINT('',(4684.274684755,-320.289603523,15.638263173));
#1667=CARTESIAN_POINT('',(4684.305512693,-320.318535526,15.689643146));
#1668=CARTESIAN_POINT('',(4684.332091867,-320.343383142,15.744006068));
#1669=CARTESIAN_POINT('',(4684.35867104,-320.368230758,15.79836899));
#1670=CARTESIAN_POINT('',(4684.38120483,-320.38918907,15.855774571));
#1671=CARTESIAN_POINT('',(4684.39963622,-320.406291085,15.916233226));
#1672=CARTESIAN_POINT('',(4684.41806761,-320.4233931,15.97669188));
#1673=CARTESIAN_POINT('',(4684.43226995,-320.436520948,16.040281184));
#1674=CARTESIAN_POINT('',(4684.441652577,-320.445186459,16.104197179));
#1675=CARTESIAN_POINT('',(4684.451035203,-320.45385197,16.168113175));
#1676=CARTESIAN_POINT('',(4684.455839637,-320.458278932,16.233031724));
#1677=CARTESIAN_POINT('',(4684.455888683,-320.458324157,16.298989355));
#1678=CARTESIAN_POINT('',(4684.455986774,-320.458414609,16.430904617));
#1679=CARTESIAN_POINT('',(4684.436945432,-320.440907348,16.560744702));
#1680=CARTESIAN_POINT('',(4684.400161212,-320.406778197,16.682040168));
#1681=CARTESIAN_POINT('',(4684.381769102,-320.389713622,16.742687901));
#1682=CARTESIAN_POINT('',(4684.359288056,-320.368805539,16.800156562));
#1683=CARTESIAN_POINT('',(4684.3328234,-320.34406699,16.85449482));
#1684=CARTESIAN_POINT('',(4684.306358743,-320.319328441,16.908833079));
#1685=CARTESIAN_POINT('',(4684.27557463,-320.290440639,16.960352915));
#1686=CARTESIAN_POINT('',(4684.242030689,-320.258766017,17.006542975));
#1687=CARTESIAN_POINT('',(4684.208486748,-320.227091395,17.052733036));
#1688=CARTESIAN_POINT('',(4684.171996298,-320.192458368,17.0941475));
#1689=CARTESIAN_POINT('',(4684.132558669,-320.154759769,17.130701413));
#1690=CARTESIAN_POINT('',(4684.09312104,-320.117061171,17.167255327));
#1691=CARTESIAN_POINT('',(4684.051083717,-320.076621971,17.198462512));
#1692=CARTESIAN_POINT('',(4684.0078934,-320.034753189,17.223454027));
#1693=CARTESIAN_POINT('',(4683.921512768,-319.951015624,17.273437057));
#1694=CARTESIAN_POINT('',(4683.827902433,-319.858977424,17.3));
#1695=CARTESIAN_POINT('',(4683.734462505,-319.765537495,17.3));
#1696=B_SPLINE_CURVE_WITH_KNOTS('',3,(#1617,#1618,#1619,#1620,#1621,#1622,#1623,#1624,#1625,#1626,#1627,#1628,#1629,#1630,#1631,#1632,#1633,#1634,#1635,#1636,#1637,#1638,#1639,#1640,#1641,#1642,
#1643,#1644,#1645,#1646,#1647,#1648,#1649,#1650,#1651,#1652,#1653,#1654,#1655,#1656,#1657,#1658,#1659,#1660,#1661,#1662,#1663,#1664,#1665,#1666,#1667,
#1668,#1669,#1670,#1671,#1672,#1673,#1674,#1675,#1676,#1677,#1678,#1679,#1680,#1681,#1682,#1683,#1684,#1685,#1686,#1687,#1688,#1689,#1690,#1691,#1692,
#1693,#1694,#1695),.UNSPECIFIED.,.T.,.F.,(4,3,3,3,3,3,3,3,3,3,3,3,3,3,3,3,3,3,3,3,3,3,3,3,3,3,
4),(0.,0.000195401,0.000390803,0.000586204,0.000781605,0.001172408,0.001563211,0.001758612,0.001954013,0.002149414,0.002344816,0.002540217,0.002735618,0.00293102,0.003126421,0.003517224,0.003908026,0.004103428,0.004298829,0.00449423,0.004689632,0.005080434,0.005275836,0.005471237,0.005666638,0.00586204,
0.006252842),.UNSPECIFIED.);
#1697=EDGE_CURVE('',#1616,#1616,#1696,.T.);
#1698=ORIENTED_EDGE('',*,*,#1697,.T.);
#1699=EDGE_LOOP('',(#1698));
#1700=FACE_BOUND('',#1699,.T.);
#1701=ADVANCED_FACE('',(#1356,#1442,#1528,#1614,#1700),#1286,.F.);
#1702=CARTESIAN_POINT('',(4701.2,-302.3,-0.1));
#1703=DIRECTION('',(-0.,-0.,1.));
#1704=DIRECTION('',(1.,0.,0.));
#1705=AXIS2_PLACEMENT_3D('',#1702,#1703,#1704);
#1706=CYLINDRICAL_SURFACE('',#1705,26.7);
#1707=ORIENTED_EDGE('',*,*,#817,.T.);
#1708=CARTESIAN_POINT('',(4682.979449319,-321.816698821,15.9));
#1709=CARTESIAN_POINT('',(4682.951089626,-321.79022256,15.811155597));
#1710=CARTESIAN_POINT('',(4682.913476858,-321.754998008,15.72847877));
#1711=CARTESIAN_POINT('',(4682.86821181,-321.712252362,15.654787952));
#1712=CARTESIAN_POINT('',(4682.822946762,-321.669506716,15.581097134));
#1713=CARTESIAN_POINT('',(4682.76954436,-321.61876772,15.515968896));
#1714=CARTESIAN_POINT('',(4682.711461961,-321.563020562,15.463287139));
#1715=CARTESIAN_POINT('',(4682.595297161,-321.451526245,15.357923625));
#1716=CARTESIAN_POINT('',(4682.45612335,-321.315630912,15.299897174));
#1717=CARTESIAN_POINT('',(4682.319871095,-321.179373203,15.300000143));
#1718=CARTESIAN_POINT('',(4682.251744967,-321.111244348,15.300051627));
#1719=CARTESIAN_POINT('',(4682.183679622,-321.04241582,15.314177489));
#1720=CARTESIAN_POINT('',(4682.118844473,-320.976174763,15.341879292));
#1721=CARTESIAN_POINT('',(4682.054009325,-320.909933706,15.369581096));
#1722=CARTESIAN_POINT('',(4681.993072911,-320.846983154,15.410217494));
#1723=CARTESIAN_POINT('',(4681.936681118,-320.788227217,15.463569217));
#1724=CARTESIAN_POINT('',(4681.880289324,-320.729471281,15.516920939));
#1725=CARTESIAN_POINT('',(4681.830718171,-320.677291447,15.580704734));
#1726=CARTESIAN_POINT('',(4681.787733908,-320.63177365,15.654811623));
#1727=CARTESIAN_POINT('',(4681.744749645,-320.586255853,15.728918512));
#1728=CARTESIAN_POINT('',(4681.709657688,-320.548782103,15.811557439));
#1729=CARTESIAN_POINT('',(4681.683301179,-320.520550681,15.9));
#1730=B_SPLINE_CURVE_WITH_KNOTS('',3,(#1708,#1709,#1710,#1711,#1712,#1713,#1714,#1715,#1716,#1717,#1718,#1719,#1720,#1721,#1722,#1723,#1724,#1725,#1726,#1727,#1728,#1729),.UNSPECIFIED.,.F.,.F.,(4,3,3,3,3,3,3,4),(0.001973333,0.002261815,0.002550298,0.003127263,0.003415746,0.003704229,0.003992712,0.004281194),.UNSPECIFIED.);
#1731=EDGE_CURVE('',#802,#793,#1730,.T.);
#1732=ORIENTED_EDGE('',*,*,#1731,.T.);
#1733=ORIENTED_EDGE('',*,*,#799,.T.);
#1734=CARTESIAN_POINT('',(4675.3,-308.786909896,13.5));
#1735=DIRECTION('',(-0.,-0.,1.));
#1736=VECTOR('',#1735,2.4);
#1737=LINE('',#1734,#1736);
#1738=EDGE_CURVE('',#862,#785,#1737,.T.);
#1739=ORIENTED_EDGE('',*,*,#1738,.F.);
#1740=ORIENTED_EDGE('',*,*,#868,.F.);
#1741=CARTESIAN_POINT('',(4727.1,-308.786909896,15.9));
#1742=DIRECTION('',(0.,0.,-1.));
#1743=VECTOR('',#1742,2.4);
#1744=LINE('',#1741,#1743);
#1745=EDGE_CURVE('',#685,#854,#1744,.T.);
#1746=ORIENTED_EDGE('',*,*,#1745,.F.);
#1747=ORIENTED_EDGE('',*,*,#833,.T.);
#1748=CARTESIAN_POINT('',(4720.716698821,-320.520550681,15.9));
#1749=CARTESIAN_POINT('',(4720.69022256,-320.548910374,15.811155597));
#1750=CARTESIAN_POINT('',(4720.654998008,-320.586523142,15.72847877));
#1751=CARTESIAN_POINT('',(4720.612252362,-320.63178819,15.654787952));
#1752=CARTESIAN_POINT('',(4720.569506716,-320.677053238,15.581097134));
#1753=CARTESIAN_POINT('',(4720.51876772,-320.73045564,15.515968896));
#1754=CARTESIAN_POINT('',(4720.463020562,-320.788538039,15.463287139));
#1755=CARTESIAN_POINT('',(4720.351526245,-320.904702839,15.357923625));
#1756=CARTESIAN_POINT('',(4720.215630912,-321.04387665,15.299897174));
#1757=CARTESIAN_POINT('',(4720.079373203,-321.180128905,15.300000143));
#1758=CARTESIAN_POINT('',(4720.011244348,-321.248255033,15.300051627));
#1759=CARTESIAN_POINT('',(4719.94241582,-321.316320378,15.314177489));
#1760=CARTESIAN_POINT('',(4719.876174763,-321.381155527,15.341879292));
#1761=CARTESIAN_POINT('',(4719.809933706,-321.445990675,15.369581096));
#1762=CARTESIAN_POINT('',(4719.746983154,-321.506927089,15.410217494));
#1763=CARTESIAN_POINT('',(4719.688227217,-321.563318882,15.463569217));
#1764=CARTESIAN_POINT('',(4719.629471281,-321.619710676,15.516920939));
#1765=CARTESIAN_POINT('',(4719.577291447,-321.669281829,15.580704734));
#1766=CARTESIAN_POINT('',(4719.53177365,-321.712266092,15.654811623));
#1767=CARTESIAN_POINT('',(4719.486255853,-321.755250355,15.728918512));
#1768=CARTESIAN_POINT('',(4719.448782103,-321.790342312,15.811557439));
#1769=CARTESIAN_POINT('',(4719.420550681,-321.816698821,15.9));
#1770=B_SPLINE_CURVE_WITH_KNOTS('',3,(#1748,#1749,#1750,#1751,#1752,#1753,#1754,#1755,#1756,#1757,#1758,#1759,#1760,#1761,#1762,#1763,#1764,#1765,#1766,#1767,#1768,#1769),.UNSPECIFIED.,.F.,.F.,(4,3,3,3,3,3,3,4),(0.001973333,0.002261815,0.002550298,0.003127263,0.003415746,0.003704229,0.003992712,0.004281194),.UNSPECIFIED.);
#1771=EDGE_CURVE('',#820,#811,#1770,.T.);
#1772=ORIENTED_EDGE('',*,*,#1771,.T.);
#1773=EDGE_LOOP('',(#1707,#1732,#1733,#1739,#1740,#1746,#1747,#1772));
#1774=FACE_BOUND('',#1773,.T.);
#1775=ADVANCED_FACE('',(#1774),#1706,.T.);
#1776=CARTESIAN_POINT('',(4777.7,13.7,13.5));
#1777=DIRECTION('',(0.,0.,-1.));
#1778=DIRECTION('',(-1.,-0.,-0.));
#1779=AXIS2_PLACEMENT_3D('',#1776,#1777,#1778);
#1780=PLANE('',#1779);
#1781=CARTESIAN_POINT('',(4694.3,-347.1,13.5));
#1782=VERTEX_POINT('',#1781);
#1783=CARTESIAN_POINT('',(4694.3,-348.5,13.5));
#1784=VERTEX_POINT('',#1783);
#1785=CARTESIAN_POINT('',(4694.3,-347.1,13.5));
#1786=DIRECTION('',(0.,-1.,-0.));
#1787=VECTOR('',#1786,1.4);
#1788=LINE('',#1785,#1787);
#1789=EDGE_CURVE('',#1782,#1784,#1788,.T.);
#1790=ORIENTED_EDGE('',*,*,#1789,.F.);
#1791=CARTESIAN_POINT('',(4708.1,-347.1,13.5));
#1792=VERTEX_POINT('',#1791);
#1793=CARTESIAN_POINT('',(4694.3,-347.1,13.5));
#1794=DIRECTION('',(1.,0.,-0.));
#1795=VECTOR('',#1794,13.8);
#1796=LINE('',#1793,#1795);
#1797=EDGE_CURVE('',#1782,#1792,#1796,.T.);
#1798=ORIENTED_EDGE('',*,*,#1797,.T.);
#1799=CARTESIAN_POINT('',(4708.1,-348.5,13.5));
#1800=VERTEX_POINT('',#1799);
#1801=CARTESIAN_POINT('',(4708.1,-347.1,13.5));
#1802=DIRECTION('',(0.,-1.,-0.));
#1803=VECTOR('',#1802,1.4);
#1804=LINE('',#1801,#1803);
#1805=EDGE_CURVE('',#1792,#1800,#1804,.T.);
#1806=ORIENTED_EDGE('',*,*,#1805,.T.);
#1807=CARTESIAN_POINT('',(4694.3,-348.5,13.5));
#1808=DIRECTION('',(1.,0.,0.));
#1809=VECTOR('',#1808,13.8);
#1810=LINE('',#1807,#1809);
#1811=EDGE_CURVE('',#1784,#1800,#1810,.T.);
#1812=ORIENTED_EDGE('',*,*,#1811,.F.);
#1813=EDGE_LOOP('',(#1790,#1798,#1806,#1812));
#1814=FACE_BOUND('',#1813,.T.);
#1815=ADVANCED_FACE('',(#1814),#1780,.T.);
#1816=CARTESIAN_POINT('',(4701.2,-347.1,6.8));
#1817=DIRECTION('',(0.,-1.,0.));
#1818=DIRECTION('',(-0.,0.,-1.));
#1819=AXIS2_PLACEMENT_3D('',#1816,#1817,#1818);
#1820=PLANE('',#1819);
#1821=ORIENTED_EDGE('',*,*,#1797,.F.);
#1822=CARTESIAN_POINT('',(4694.3,-347.1,18.9));
#1823=VERTEX_POINT('',#1822);
#1824=CARTESIAN_POINT('',(4694.3,-347.1,13.5));
#1825=DIRECTION('',(-0.,0.,1.));
#1826=VECTOR('',#1825,5.4);
#1827=LINE('',#1824,#1826);
#1828=EDGE_CURVE('',#1782,#1823,#1827,.T.);
#1829=ORIENTED_EDGE('',*,*,#1828,.T.);
#1830=CARTESIAN_POINT('',(4708.1,-347.1,18.9));
#1831=VERTEX_POINT('',#1830);
#1832=CARTESIAN_POINT('',(4694.3,-347.1,18.9));
#1833=DIRECTION('',(1.,0.,-0.));
#1834=VECTOR('',#1833,13.8);
#1835=LINE('',#1832,#1834);
#1836=EDGE_CURVE('',#1823,#1831,#1835,.T.);
#1837=ORIENTED_EDGE('',*,*,#1836,.T.);
#1838=CARTESIAN_POINT('',(4708.1,-347.1,13.5));
#1839=DIRECTION('',(-0.,0.,1.));
#1840=VECTOR('',#1839,5.4);
#1841=LINE('',#1838,#1840);
#1842=EDGE_CURVE('',#1792,#1831,#1841,.T.);
#1843=ORIENTED_EDGE('',*,*,#1842,.F.);
#1844=EDGE_LOOP('',(#1821,#1829,#1837,#1843));
#1845=FACE_BOUND('',#1844,.T.);
#1846=ADVANCED_FACE('',(#1845),#1820,.F.);
#1847=CARTESIAN_POINT('',(4716.2,60.7,18.9));
#1848=DIRECTION('',(-0.,0.,-1.));
#1849=DIRECTION('',(1.,-0.,-0.));
#1850=AXIS2_PLACEMENT_3D('',#1847,#1848,#1849);
#1851=PLANE('',#1850);
#1852=CARTESIAN_POINT('',(4708.1,-333.3,18.9));
#1853=VERTEX_POINT('',#1852);
#1854=CARTESIAN_POINT('',(4708.1,-347.1,18.9));
#1855=DIRECTION('',(-0.,1.,0.));
#1856=VECTOR('',#1855,13.8);
#1857=LINE('',#1854,#1856);
#1858=EDGE_CURVE('',#1831,#1853,#1857,.T.);
#1859=ORIENTED_EDGE('',*,*,#1858,.F.);
#1860=ORIENTED_EDGE('',*,*,#1836,.F.);
#1861=CARTESIAN_POINT('',(4694.3,-333.3,18.9));
#1862=VERTEX_POINT('',#1861);
#1863=CARTESIAN_POINT('',(4694.3,-333.3,18.9));
#1864=DIRECTION('',(0.,-1.,-0.));
#1865=VECTOR('',#1864,13.8);
#1866=LINE('',#1863,#1865);
#1867=EDGE_CURVE('',#1862,#1823,#1866,.T.);
#1868=ORIENTED_EDGE('',*,*,#1867,.F.);
#1869=CARTESIAN_POINT('',(4708.1,-333.3,18.9));
#1870=DIRECTION('',(-1.,0.,0.));
#1871=VECTOR('',#1870,13.8);
#1872=LINE('',#1869,#1871);
#1873=EDGE_CURVE('',#1853,#1862,#1872,.T.);
#1874=ORIENTED_EDGE('',*,*,#1873,.F.);
#1875=EDGE_LOOP('',(#1859,#1860,#1868,#1874));
#1876=FACE_BOUND('',#1875,.T.);
#1877=CARTESIAN_POINT('',(4730.2,-273.3,18.9));
#1878=VERTEX_POINT('',#1877);
#1879=CARTESIAN_POINT('',(4672.2,-273.3,18.9));
#1880=VERTEX_POINT('',#1879);
#1881=CARTESIAN_POINT('',(4730.2,-273.3,18.9));
#1882=DIRECTION('',(-1.,0.,0.));
#1883=VECTOR('',#1882,58.);
#1884=LINE('',#1881,#1883);
#1885=EDGE_CURVE('',#1878,#1880,#1884,.T.);
#1886=ORIENTED_EDGE('',*,*,#1885,.T.);
#1887=CARTESIAN_POINT('',(4672.2,-350.3,18.9));
#1888=VERTEX_POINT('',#1887);
#1889=CARTESIAN_POINT('',(4672.2,-350.3,18.9));
#1890=DIRECTION('',(0.,1.,0.));
#1891=VECTOR('',#1890,77.);
#1892=LINE('',#1889,#1891);
#1893=EDGE_CURVE('',#1888,#1880,#1892,.T.);
#1894=ORIENTED_EDGE('',*,*,#1893,.F.);
#1895=CARTESIAN_POINT('',(4730.2,-350.3,18.9));
#1896=VERTEX_POINT('',#1895);
#1897=CARTESIAN_POINT('',(4730.2,-350.3,18.9));
#1898=DIRECTION('',(-1.,0.,0.));
#1899=VECTOR('',#1898,58.);
#1900=LINE('',#1897,#1899);
#1901=EDGE_CURVE('',#1896,#1888,#1900,.T.);
#1902=ORIENTED_EDGE('',*,*,#1901,.F.);
#1903=CARTESIAN_POINT('',(4730.2,-350.3,18.9));
#1904=DIRECTION('',(0.,1.,-0.));
#1905=VECTOR('',#1904,77.);
#1906=LINE('',#1903,#1905);
#1907=EDGE_CURVE('',#1896,#1878,#1906,.T.);
#1908=ORIENTED_EDGE('',*,*,#1907,.T.);
#1909=EDGE_LOOP('',(#1886,#1894,#1902,#1908));
#1910=FACE_BOUND('',#1909,.T.);
#1911=ORIENTED_EDGE('',*,*,#1353,.F.);
#1912=EDGE_LOOP('',(#1911));
#1913=FACE_BOUND('',#1912,.T.);
#1914=CARTESIAN_POINT('',(4727.1,-347.1,18.9));
#1915=VERTEX_POINT('',#1914);
#1916=CARTESIAN_POINT('',(4727.1,-333.3,18.9));
#1917=VERTEX_POINT('',#1916);
#1918=CARTESIAN_POINT('',(4727.1,-347.1,18.9));
#1919=DIRECTION('',(-0.,1.,0.));
#1920=VECTOR('',#1919,13.8);
#1921=LINE('',#1918,#1920);
#1922=EDGE_CURVE('',#1915,#1917,#1921,.T.);
#1923=ORIENTED_EDGE('',*,*,#1922,.F.);
#1924=CARTESIAN_POINT('',(4713.3,-347.1,18.9));
#1925=VERTEX_POINT('',#1924);
#1926=CARTESIAN_POINT('',(4713.3,-347.1,18.9));
#1927=DIRECTION('',(1.,0.,-0.));
#1928=VECTOR('',#1927,13.8);
#1929=LINE('',#1926,#1928);
#1930=EDGE_CURVE('',#1925,#1915,#1929,.T.);
#1931=ORIENTED_EDGE('',*,*,#1930,.F.);
#1932=CARTESIAN_POINT('',(4713.3,-333.3,18.9));
#1933=VERTEX_POINT('',#1932);
#1934=CARTESIAN_POINT('',(4713.3,-333.3,18.9));
#1935=DIRECTION('',(0.,-1.,-0.));
#1936=VECTOR('',#1935,13.8);
#1937=LINE('',#1934,#1936);
#1938=EDGE_CURVE('',#1933,#1925,#1937,.T.);
#1939=ORIENTED_EDGE('',*,*,#1938,.F.);
#1940=CARTESIAN_POINT('',(4727.1,-333.3,18.9));
#1941=DIRECTION('',(-1.,0.,0.));
#1942=VECTOR('',#1941,13.8);
#1943=LINE('',#1940,#1942);
#1944=EDGE_CURVE('',#1917,#1933,#1943,.T.);
#1945=ORIENTED_EDGE('',*,*,#1944,.F.);
#1946=EDGE_LOOP('',(#1923,#1931,#1939,#1945));
#1947=FACE_BOUND('',#1946,.T.);
#1948=CARTESIAN_POINT('',(4675.3,-333.3,18.9));
#1949=VERTEX_POINT('',#1948);
#1950=CARTESIAN_POINT('',(4675.3,-333.3,18.9));
#1951=DIRECTION('',(0.,-1.,-0.));
#1952=VECTOR('',#1951,13.8);
#1953=LINE('',#1950,#1952);
#1954=EDGE_CURVE('',#1949,#1026,#1953,.T.);
#1955=ORIENTED_EDGE('',*,*,#1954,.F.);
#1956=CARTESIAN_POINT('',(4689.1,-333.3,18.9));
#1957=VERTEX_POINT('',#1956);
#1958=CARTESIAN_POINT('',(4689.1,-333.3,18.9));
#1959=DIRECTION('',(-1.,0.,0.));
#1960=VECTOR('',#1959,13.8);
#1961=LINE('',#1958,#1960);
#1962=EDGE_CURVE('',#1957,#1949,#1961,.T.);
#1963=ORIENTED_EDGE('',*,*,#1962,.F.);
#1964=CARTESIAN_POINT('',(4689.1,-347.1,18.9));
#1965=DIRECTION('',(-0.,1.,0.));
#1966=VECTOR('',#1965,13.8);
#1967=LINE('',#1964,#1966);
#1968=EDGE_CURVE('',#1034,#1957,#1967,.T.);
#1969=ORIENTED_EDGE('',*,*,#1968,.F.);
#1970=ORIENTED_EDGE('',*,*,#1039,.F.);
#1971=EDGE_LOOP('',(#1955,#1963,#1969,#1970));
#1972=FACE_BOUND('',#1971,.T.);
#1973=ADVANCED_FACE('',(#1876,#1910,#1913,#1947,#1972),#1851,.F.);
#1974=CARTESIAN_POINT('',(4730.2,-362.3,25.9));
#1975=DIRECTION('',(-1.,0.,0.));
#1976=DIRECTION('',(-0.,0.,-1.));
#1977=AXIS2_PLACEMENT_3D('',#1974,#1975,#1976);
#1978=PLANE('',#1977);
#1979=CARTESIAN_POINT('',(4730.2,-350.3,15.9));
#1980=VERTEX_POINT('',#1979);
#1981=CARTESIAN_POINT('',(4730.2,-350.3,15.9));
#1982=DIRECTION('',(0.,0.,1.));
#1983=VECTOR('',#1982,3.);
#1984=LINE('',#1981,#1983);
#1985=EDGE_CURVE('',#1980,#1896,#1984,.T.);
#1986=ORIENTED_EDGE('',*,*,#1985,.F.);
#1987=CARTESIAN_POINT('',(4730.2,-273.3,15.9));
#1988=VERTEX_POINT('',#1987);
#1989=CARTESIAN_POINT('',(4730.2,-350.3,15.9));
#1990=DIRECTION('',(0.,1.,-0.));
#1991=VECTOR('',#1990,77.);
#1992=LINE('',#1989,#1991);
#1993=EDGE_CURVE('',#1980,#1988,#1992,.T.);
#1994=ORIENTED_EDGE('',*,*,#1993,.T.);
#1995=CARTESIAN_POINT('',(4730.2,-273.3,18.9));
#1996=DIRECTION('',(-0.,0.,-1.));
#1997=VECTOR('',#1996,3.);
#1998=LINE('',#1995,#1997);
#1999=EDGE_CURVE('',#1878,#1988,#1998,.T.);
#2000=ORIENTED_EDGE('',*,*,#1999,.F.);
#2001=ORIENTED_EDGE('',*,*,#1907,.F.);
#2002=EDGE_LOOP('',(#1986,#1994,#2000,#2001));
#2003=FACE_BOUND('',#2002,.T.);
#2004=ADVANCED_FACE('',(#2003),#1978,.F.);
#2005=CARTESIAN_POINT('',(4672.2,-226.8,28.4));
#2006=DIRECTION('',(-1.,0.,0.));
#2007=DIRECTION('',(0.,0.,1.));
#2008=AXIS2_PLACEMENT_3D('',#2005,#2006,#2007);
#2009=PLANE('',#2008);
#2010=CARTESIAN_POINT('',(4672.2,-350.3,15.9));
#2011=VERTEX_POINT('',#2010);
#2012=CARTESIAN_POINT('',(4672.2,-273.3,15.9));
#2013=VERTEX_POINT('',#2012);
#2014=CARTESIAN_POINT('',(4672.2,-350.3,15.9));
#2015=DIRECTION('',(0.,1.,0.));
#2016=VECTOR('',#2015,77.);
#2017=LINE('',#2014,#2016);
#2018=EDGE_CURVE('',#2011,#2013,#2017,.T.);
#2019=ORIENTED_EDGE('',*,*,#2018,.F.);
#2020=CARTESIAN_POINT('',(4672.2,-350.3,15.9));
#2021=DIRECTION('',(0.,0.,1.));
#2022=VECTOR('',#2021,3.);
#2023=LINE('',#2020,#2022);
#2024=EDGE_CURVE('',#2011,#1888,#2023,.T.);
#2025=ORIENTED_EDGE('',*,*,#2024,.T.);
#2026=ORIENTED_EDGE('',*,*,#1893,.T.);
#2027=CARTESIAN_POINT('',(4672.2,-273.3,18.9));
#2028=DIRECTION('',(-0.,-0.,-1.));
#2029=VECTOR('',#2028,3.);
#2030=LINE('',#2027,#2029);
#2031=EDGE_CURVE('',#1880,#2013,#2030,.T.);
#2032=ORIENTED_EDGE('',*,*,#2031,.T.);
#2033=EDGE_LOOP('',(#2019,#2025,#2026,#2032));
#2034=FACE_BOUND('',#2033,.T.);
#2035=ADVANCED_FACE('',(#2034),#2009,.T.);
#2036=CARTESIAN_POINT('',(4723.2,-273.3,25.9));
#2037=DIRECTION('',(-0.,-1.,0.));
#2038=DIRECTION('',(-0.,0.,-1.));
#2039=AXIS2_PLACEMENT_3D('',#2036,#2037,#2038);
#2040=PLANE('',#2039);
#2041=ORIENTED_EDGE('',*,*,#2031,.F.);
#2042=ORIENTED_EDGE('',*,*,#1885,.F.);
#2043=ORIENTED_EDGE('',*,*,#1999,.T.);
#2044=CARTESIAN_POINT('',(4730.2,-273.3,15.9));
#2045=DIRECTION('',(-1.,0.,0.));
#2046=VECTOR('',#2045,58.);
#2047=LINE('',#2044,#2046);
#2048=EDGE_CURVE('',#1988,#2013,#2047,.T.);
#2049=ORIENTED_EDGE('',*,*,#2048,.T.);
#2050=EDGE_LOOP('',(#2041,#2042,#2043,#2049));
#2051=FACE_BOUND('',#2050,.T.);
#2052=ADVANCED_FACE('',(#2051),#2040,.F.);
#2053=CARTESIAN_POINT('',(4643.2,-350.3,15.9));
#2054=DIRECTION('',(0.,-1.,0.));
#2055=DIRECTION('',(-0.,0.,-1.));
#2056=AXIS2_PLACEMENT_3D('',#2053,#2054,#2055);
#2057=PLANE('',#2056);
#2058=ORIENTED_EDGE('',*,*,#1901,.T.);
#2059=ORIENTED_EDGE('',*,*,#2024,.F.);
#2060=CARTESIAN_POINT('',(4730.2,-350.3,15.9));
#2061=DIRECTION('',(-1.,0.,0.));
#2062=VECTOR('',#2061,58.);
#2063=LINE('',#2060,#2062);
#2064=EDGE_CURVE('',#1980,#2011,#2063,.T.);
#2065=ORIENTED_EDGE('',*,*,#2064,.F.);
#2066=ORIENTED_EDGE('',*,*,#1985,.T.);
#2067=EDGE_LOOP('',(#2058,#2059,#2065,#2066));
#2068=FACE_BOUND('',#2067,.T.);
#2069=ADVANCED_FACE('',(#2068),#2057,.T.);
#2070=CARTESIAN_POINT('',(4751.7,81.7,15.9));
#2071=DIRECTION('',(0.,-0.,1.));
#2072=DIRECTION('',(-1.,0.,0.));
#2073=AXIS2_PLACEMENT_3D('',#2070,#2071,#2072);
#2074=PLANE('',#2073);
#2075=CARTESIAN_POINT('',(4728.4,-348.5,15.9));
#2076=VERTEX_POINT('',#2075);
#2077=CARTESIAN_POINT('',(4674.,-348.5,15.9));
#2078=VERTEX_POINT('',#2077);
#2079=CARTESIAN_POINT('',(4728.4,-348.5,15.9));
#2080=DIRECTION('',(-1.,0.,0.));
#2081=VECTOR('',#2080,54.4);
#2082=LINE('',#2079,#2081);
#2083=EDGE_CURVE('',#2076,#2078,#2082,.T.);
#2084=ORIENTED_EDGE('',*,*,#2083,.F.);
#2085=CARTESIAN_POINT('',(4728.4,-348.5,15.9));
#2086=DIRECTION('',(0.,1.,0.));
#2087=VECTOR('',#2086,73.4);
#2088=LINE('',#2085,#2087);
#2089=EDGE_CURVE('',#2076,#1165,#2088,.T.);
#2090=ORIENTED_EDGE('',*,*,#2089,.T.);
#2091=ORIENTED_EDGE('',*,*,#1170,.F.);
#2092=CARTESIAN_POINT('',(4712.,-275.1,15.9));
#2093=DIRECTION('',(0.,-1.,0.));
#2094=VECTOR('',#2093,4.98626551);
#2095=LINE('',#2092,#2094);
#2096=EDGE_CURVE('',#1155,#1332,#2095,.T.);
#2097=ORIENTED_EDGE('',*,*,#2096,.T.);
#2098=ORIENTED_EDGE('',*,*,#1338,.T.);
#2099=CARTESIAN_POINT('',(4707.2,-275.7,15.9));
#2100=VERTEX_POINT('',#2099);
#2101=CARTESIAN_POINT('',(4707.2,-275.7,15.9));
#2102=DIRECTION('',(0.,-1.,0.));
#2103=VECTOR('',#2102,2.639824708);
#2104=LINE('',#2101,#2103);
#2105=EDGE_CURVE('',#2100,#1324,#2104,.T.);
#2106=ORIENTED_EDGE('',*,*,#2105,.F.);
#2107=CARTESIAN_POINT('',(4695.2,-275.7,15.9));
#2108=VERTEX_POINT('',#2107);
#2109=CARTESIAN_POINT('',(4695.2,-275.7,15.9));
#2110=DIRECTION('',(1.,0.,-0.));
#2111=VECTOR('',#2110,12.);
#2112=LINE('',#2109,#2111);
#2113=EDGE_CURVE('',#2108,#2100,#2112,.T.);
#2114=ORIENTED_EDGE('',*,*,#2113,.F.);
#2115=CARTESIAN_POINT('',(4695.2,-278.339824708,15.9));
#2116=DIRECTION('',(-0.,1.,-0.));
#2117=VECTOR('',#2116,2.639824708);
#2118=LINE('',#2115,#2117);
#2119=EDGE_CURVE('',#1298,#2108,#2118,.T.);
#2120=ORIENTED_EDGE('',*,*,#2119,.F.);
#2121=ORIENTED_EDGE('',*,*,#1304,.T.);
#2122=ORIENTED_EDGE('',*,*,#1241,.F.);
#2123=ORIENTED_EDGE('',*,*,#1063,.F.);
#2124=CARTESIAN_POINT('',(4674.,-348.5,15.9));
#2125=DIRECTION('',(0.,1.,0.));
#2126=VECTOR('',#2125,73.4);
#2127=LINE('',#2124,#2126);
#2128=EDGE_CURVE('',#2078,#1056,#2127,.T.);
#2129=ORIENTED_EDGE('',*,*,#2128,.F.);
#2130=EDGE_LOOP('',(#2084,#2090,#2091,#2097,#2098,#2106,#2114,#2120,#2121,#2122,#2123,#2129));
#2131=FACE_BOUND('',#2130,.T.);
#2132=ORIENTED_EDGE('',*,*,#2018,.T.);
#2133=ORIENTED_EDGE('',*,*,#2048,.F.);
#2134=ORIENTED_EDGE('',*,*,#1993,.F.);
#2135=ORIENTED_EDGE('',*,*,#2064,.T.);
#2136=EDGE_LOOP('',(#2132,#2133,#2134,#2135));
#2137=FACE_BOUND('',#2136,.T.);
#2138=ADVANCED_FACE('',(#2131,#2137),#2074,.F.);
#2139=CARTESIAN_POINT('',(4728.4,-283.8,15.5));
#2140=DIRECTION('',(-1.,0.,0.));
#2141=DIRECTION('',(0.,0.,1.));
#2142=AXIS2_PLACEMENT_3D('',#2139,#2140,#2141);
#2143=PLANE('',#2142);
#2144=CARTESIAN_POINT('',(4728.4,-348.5,15.9));
#2145=DIRECTION('',(-0.,0.,-1.));
#2146=VECTOR('',#2145,2.4);
#2147=LINE('',#2144,#2146);
#2148=EDGE_CURVE('',#2076,#995,#2147,.T.);
#2149=ORIENTED_EDGE('',*,*,#2148,.T.);
#2150=ORIENTED_EDGE('',*,*,#1000,.T.);
#2151=ORIENTED_EDGE('',*,*,#1176,.F.);
#2152=ORIENTED_EDGE('',*,*,#2089,.F.);
#2153=EDGE_LOOP('',(#2149,#2150,#2151,#2152));
#2154=FACE_BOUND('',#2153,.T.);
#2155=ADVANCED_FACE('',(#2154),#2143,.F.);
#2156=CARTESIAN_POINT('',(4701.2,-347.1,6.8));
#2157=DIRECTION('',(0.,-1.,0.));
#2158=DIRECTION('',(-0.,0.,-1.));
#2159=AXIS2_PLACEMENT_3D('',#2156,#2157,#2158);
#2160=PLANE('',#2159);
#2161=CARTESIAN_POINT('',(4727.1,-347.1,13.5));
#2162=DIRECTION('',(-0.,0.,1.));
#2163=VECTOR('',#2162,5.4);
#2164=LINE('',#2161,#2163);
#2165=EDGE_CURVE('',#846,#1915,#2164,.T.);
#2166=ORIENTED_EDGE('',*,*,#2165,.F.);
#2167=ORIENTED_EDGE('',*,*,#851,.F.);
#2168=CARTESIAN_POINT('',(4713.3,-347.1,13.5));
#2169=DIRECTION('',(-0.,0.,1.));
#2170=VECTOR('',#2169,5.4);
#2171=LINE('',#2168,#2170);
#2172=EDGE_CURVE('',#844,#1925,#2171,.T.);
#2173=ORIENTED_EDGE('',*,*,#2172,.T.);
#2174=ORIENTED_EDGE('',*,*,#1930,.T.);
#2175=EDGE_LOOP('',(#2166,#2167,#2173,#2174));
#2176=FACE_BOUND('',#2175,.T.);
#2177=ADVANCED_FACE('',(#2176),#2160,.F.);
#2178=CARTESIAN_POINT('',(4675.3,-348.5,13.9));
#2179=DIRECTION('',(0.,1.,0.));
#2180=DIRECTION('',(-0.,0.,-1.));
#2181=AXIS2_PLACEMENT_3D('',#2178,#2179,#2180);
#2182=PLANE('',#2181);
#2183=ORIENTED_EDGE('',*,*,#900,.F.);
#2184=CARTESIAN_POINT('',(4689.1,-348.5,7.9));
#2185=VERTEX_POINT('',#2184);
#2186=CARTESIAN_POINT('',(4689.1,-348.5,13.5));
#2187=DIRECTION('',(0.,0.,-1.));
#2188=VECTOR('',#2187,5.6);
#2189=LINE('',#2186,#2188);
#2190=EDGE_CURVE('',#887,#2185,#2189,.T.);
#2191=ORIENTED_EDGE('',*,*,#2190,.T.);
#2192=CARTESIAN_POINT('',(4694.3,-348.5,7.9));
#2193=VERTEX_POINT('',#2192);
#2194=CARTESIAN_POINT('',(4689.1,-348.5,7.9));
#2195=DIRECTION('',(1.,0.,-0.));
#2196=VECTOR('',#2195,5.2);
#2197=LINE('',#2194,#2196);
#2198=EDGE_CURVE('',#2185,#2193,#2197,.T.);
#2199=ORIENTED_EDGE('',*,*,#2198,.T.);
#2200=CARTESIAN_POINT('',(4694.3,-348.5,13.5));
#2201=DIRECTION('',(0.,0.,-1.));
#2202=VECTOR('',#2201,5.6);
#2203=LINE('',#2200,#2202);
#2204=EDGE_CURVE('',#1784,#2193,#2203,.T.);
#2205=ORIENTED_EDGE('',*,*,#2204,.F.);
#2206=ORIENTED_EDGE('',*,*,#1811,.T.);
#2207=CARTESIAN_POINT('',(4708.1,-348.5,7.9));
#2208=VERTEX_POINT('',#2207);
#2209=CARTESIAN_POINT('',(4708.1,-348.5,13.5));
#2210=DIRECTION('',(0.,0.,-1.));
#2211=VECTOR('',#2210,5.6);
#2212=LINE('',#2209,#2211);
#2213=EDGE_CURVE('',#1800,#2208,#2212,.T.);
#2214=ORIENTED_EDGE('',*,*,#2213,.T.);
#2215=CARTESIAN_POINT('',(4713.3,-348.5,7.9));
#2216=VERTEX_POINT('',#2215);
#2217=CARTESIAN_POINT('',(4708.1,-348.5,7.9));
#2218=DIRECTION('',(1.,0.,-0.));
#2219=VECTOR('',#2218,5.2);
#2220=LINE('',#2217,#2219);
#2221=EDGE_CURVE('',#2208,#2216,#2220,.T.);
#2222=ORIENTED_EDGE('',*,*,#2221,.T.);
#2223=CARTESIAN_POINT('',(4713.3,-348.5,13.5));
#2224=DIRECTION('',(0.,0.,-1.));
#2225=VECTOR('',#2224,5.6);
#2226=LINE('',#2223,#2225);
#2227=EDGE_CURVE('',#1003,#2216,#2226,.T.);
#2228=ORIENTED_EDGE('',*,*,#2227,.F.);
#2229=ORIENTED_EDGE('',*,*,#1008,.T.);
#2230=ORIENTED_EDGE('',*,*,#2148,.F.);
#2231=ORIENTED_EDGE('',*,*,#2083,.T.);
#2232=CARTESIAN_POINT('',(4674.,-348.5,13.5));
#2233=DIRECTION('',(0.,0.,1.));
#2234=VECTOR('',#2233,2.4);
#2235=LINE('',#2232,#2234);
#2236=EDGE_CURVE('',#895,#2078,#2235,.T.);
#2237=ORIENTED_EDGE('',*,*,#2236,.F.);
#2238=EDGE_LOOP('',(#2183,#2191,#2199,#2205,#2206,#2214,#2222,#2228,#2229,#2230,#2231,#2237));
#2239=FACE_BOUND('',#2238,.T.);
#2240=ADVANCED_FACE('',(#2239),#2182,.F.);
#2241=CARTESIAN_POINT('',(4674.,-312.,13.9));
#2242=DIRECTION('',(1.,0.,-0.));
#2243=DIRECTION('',(-0.,0.,-1.));
#2244=AXIS2_PLACEMENT_3D('',#2241,#2242,#2243);
#2245=PLANE('',#2244);
#2246=ORIENTED_EDGE('',*,*,#2128,.T.);
#2247=ORIENTED_EDGE('',*,*,#1092,.F.);
#2248=ORIENTED_EDGE('',*,*,#908,.F.);
#2249=ORIENTED_EDGE('',*,*,#2236,.T.);
#2250=EDGE_LOOP('',(#2246,#2247,#2248,#2249));
#2251=FACE_BOUND('',#2250,.T.);
#2252=ADVANCED_FACE('',(#2251),#2245,.F.);
#2253=CARTESIAN_POINT('',(4727.1,-340.3,13.9));
#2254=DIRECTION('',(-1.,0.,-0.));
#2255=DIRECTION('',(-0.,0.,1.));
#2256=AXIS2_PLACEMENT_3D('',#2253,#2254,#2255);
#2257=PLANE('',#2256);
#2258=ORIENTED_EDGE('',*,*,#2165,.T.);
#2259=ORIENTED_EDGE('',*,*,#1922,.T.);
#2260=CARTESIAN_POINT('',(4727.1,-333.3,15.9));
#2261=DIRECTION('',(-0.,0.,1.));
#2262=VECTOR('',#2261,3.);
#2263=LINE('',#2260,#2262);
#2264=EDGE_CURVE('',#683,#1917,#2263,.T.);
#2265=ORIENTED_EDGE('',*,*,#2264,.F.);
#2266=ORIENTED_EDGE('',*,*,#690,.T.);
#2267=ORIENTED_EDGE('',*,*,#1745,.T.);
#2268=ORIENTED_EDGE('',*,*,#859,.F.);
#2269=EDGE_LOOP('',(#2258,#2259,#2265,#2266,#2267,#2268));
#2270=FACE_BOUND('',#2269,.T.);
#2271=ADVANCED_FACE('',(#2270),#2257,.T.);
#2272=CARTESIAN_POINT('',(4720.3,-333.3,13.9));
#2273=DIRECTION('',(0.,-1.,0.));
#2274=DIRECTION('',(0.,0.,-1.));
#2275=AXIS2_PLACEMENT_3D('',#2272,#2273,#2274);
#2276=PLANE('',#2275);
#2277=ORIENTED_EDGE('',*,*,#698,.F.);
#2278=ORIENTED_EDGE('',*,*,#2264,.T.);
#2279=ORIENTED_EDGE('',*,*,#1944,.T.);
#2280=CARTESIAN_POINT('',(4713.3,-333.3,15.9));
#2281=DIRECTION('',(-0.,0.,1.));
#2282=VECTOR('',#2281,3.);
#2283=LINE('',#2280,#2282);
#2284=EDGE_CURVE('',#693,#1933,#2283,.T.);
#2285=ORIENTED_EDGE('',*,*,#2284,.F.);
#2286=EDGE_LOOP('',(#2277,#2278,#2279,#2285));
#2287=FACE_BOUND('',#2286,.T.);
#2288=ADVANCED_FACE('',(#2287),#2276,.T.);
#2289=CARTESIAN_POINT('',(4713.3,-340.3,13.9));
#2290=DIRECTION('',(1.,0.,0.));
#2291=DIRECTION('',(0.,0.,-1.));
#2292=AXIS2_PLACEMENT_3D('',#2289,#2290,#2291);
#2293=PLANE('',#2292);
#2294=ORIENTED_EDGE('',*,*,#2284,.T.);
#2295=ORIENTED_EDGE('',*,*,#1938,.T.);
#2296=ORIENTED_EDGE('',*,*,#2172,.F.);
#2297=ORIENTED_EDGE('',*,*,#1014,.T.);
#2298=ORIENTED_EDGE('',*,*,#2227,.T.);
#2299=CARTESIAN_POINT('',(4713.3,-345.5,7.9));
#2300=VERTEX_POINT('',#2299);
#2301=CARTESIAN_POINT('',(4713.3,-348.5,7.9));
#2302=DIRECTION('',(0.,1.,0.));
#2303=VECTOR('',#2302,3.);
#2304=LINE('',#2301,#2303);
#2305=EDGE_CURVE('',#2216,#2300,#2304,.T.);
#2306=ORIENTED_EDGE('',*,*,#2305,.T.);
#2307=CARTESIAN_POINT('',(4713.3,-345.5,7.9));
#2308=DIRECTION('',(-0.,-0.,1.));
#2309=VECTOR('',#2308,8.);
#2310=LINE('',#2307,#2309);
#2311=EDGE_CURVE('',#2300,#701,#2310,.T.);
#2312=ORIENTED_EDGE('',*,*,#2311,.T.);
#2313=ORIENTED_EDGE('',*,*,#706,.F.);
#2314=EDGE_LOOP('',(#2294,#2295,#2296,#2297,#2298,#2306,#2312,#2313));
#2315=FACE_BOUND('',#2314,.T.);
#2316=ADVANCED_FACE('',(#2315),#2293,.T.);
#2317=CARTESIAN_POINT('',(4701.3,-333.3,13.9));
#2318=DIRECTION('',(0.,-1.,0.));
#2319=DIRECTION('',(0.,0.,-1.));
#2320=AXIS2_PLACEMENT_3D('',#2317,#2318,#2319);
#2321=PLANE('',#2320);
#2322=CARTESIAN_POINT('',(4708.1,-333.3,15.9));
#2323=DIRECTION('',(-0.,0.,1.));
#2324=VECTOR('',#2323,3.);
#2325=LINE('',#2322,#2324);
#2326=EDGE_CURVE('',#727,#1853,#2325,.T.);
#2327=ORIENTED_EDGE('',*,*,#2326,.T.);
#2328=ORIENTED_EDGE('',*,*,#1873,.T.);
#2329=CARTESIAN_POINT('',(4694.3,-333.3,15.9));
#2330=DIRECTION('',(-0.,0.,1.));
#2331=VECTOR('',#2330,3.);
#2332=LINE('',#2329,#2331);
#2333=EDGE_CURVE('',#735,#1862,#2332,.T.);
#2334=ORIENTED_EDGE('',*,*,#2333,.F.);
#2335=ORIENTED_EDGE('',*,*,#740,.F.);
#2336=EDGE_LOOP('',(#2327,#2328,#2334,#2335));
#2337=FACE_BOUND('',#2336,.T.);
#2338=ADVANCED_FACE('',(#2337),#2321,.T.);
#2339=CARTESIAN_POINT('',(4708.1,-340.3,13.9));
#2340=DIRECTION('',(-1.,0.,-0.));
#2341=DIRECTION('',(-0.,0.,1.));
#2342=AXIS2_PLACEMENT_3D('',#2339,#2340,#2341);
#2343=PLANE('',#2342);
#2344=ORIENTED_EDGE('',*,*,#1842,.T.);
#2345=ORIENTED_EDGE('',*,*,#1858,.T.);
#2346=ORIENTED_EDGE('',*,*,#2326,.F.);
#2347=ORIENTED_EDGE('',*,*,#732,.F.);
#2348=CARTESIAN_POINT('',(4708.1,-345.5,7.9));
#2349=VERTEX_POINT('',#2348);
#2350=CARTESIAN_POINT('',(4708.1,-345.5,15.9));
#2351=DIRECTION('',(-0.,0.,-1.));
#2352=VECTOR('',#2351,8.);
#2353=LINE('',#2350,#2352);
#2354=EDGE_CURVE('',#718,#2349,#2353,.T.);
#2355=ORIENTED_EDGE('',*,*,#2354,.T.);
#2356=CARTESIAN_POINT('',(4708.1,-348.5,7.9));
#2357=DIRECTION('',(-0.,1.,0.));
#2358=VECTOR('',#2357,3.);
#2359=LINE('',#2356,#2358);
#2360=EDGE_CURVE('',#2208,#2349,#2359,.T.);
#2361=ORIENTED_EDGE('',*,*,#2360,.F.);
#2362=ORIENTED_EDGE('',*,*,#2213,.F.);
#2363=ORIENTED_EDGE('',*,*,#1805,.F.);
#2364=EDGE_LOOP('',(#2344,#2345,#2346,#2347,#2355,#2361,#2362,#2363));
#2365=FACE_BOUND('',#2364,.T.);
#2366=ADVANCED_FACE('',(#2365),#2343,.T.);
#2367=CARTESIAN_POINT('',(4694.3,-340.3,13.9));
#2368=DIRECTION('',(1.,0.,0.));
#2369=DIRECTION('',(0.,0.,-1.));
#2370=AXIS2_PLACEMENT_3D('',#2367,#2368,#2369);
#2371=PLANE('',#2370);
#2372=ORIENTED_EDGE('',*,*,#2333,.T.);
#2373=ORIENTED_EDGE('',*,*,#1867,.T.);
#2374=ORIENTED_EDGE('',*,*,#1828,.F.);
#2375=ORIENTED_EDGE('',*,*,#1789,.T.);
#2376=ORIENTED_EDGE('',*,*,#2204,.T.);
#2377=CARTESIAN_POINT('',(4694.3,-345.5,7.9));
#2378=VERTEX_POINT('',#2377);
#2379=CARTESIAN_POINT('',(4694.3,-348.5,7.9));
#2380=DIRECTION('',(0.,1.,0.));
#2381=VECTOR('',#2380,3.);
#2382=LINE('',#2379,#2381);
#2383=EDGE_CURVE('',#2193,#2378,#2382,.T.);
#2384=ORIENTED_EDGE('',*,*,#2383,.T.);
#2385=CARTESIAN_POINT('',(4694.3,-345.5,7.9));
#2386=DIRECTION('',(-0.,-0.,1.));
#2387=VECTOR('',#2386,8.);
#2388=LINE('',#2385,#2387);
#2389=EDGE_CURVE('',#2378,#743,#2388,.T.);
#2390=ORIENTED_EDGE('',*,*,#2389,.T.);
#2391=ORIENTED_EDGE('',*,*,#748,.F.);
#2392=EDGE_LOOP('',(#2372,#2373,#2374,#2375,#2376,#2384,#2390,#2391));
#2393=FACE_BOUND('',#2392,.T.);
#2394=ADVANCED_FACE('',(#2393),#2371,.T.);
#2395=CARTESIAN_POINT('',(4675.3,-340.3,15.9));
#2396=DIRECTION('',(1.,0.,0.));
#2397=DIRECTION('',(0.,0.,-1.));
#2398=AXIS2_PLACEMENT_3D('',#2395,#2396,#2397);
#2399=PLANE('',#2398);
#2400=CARTESIAN_POINT('',(4675.3,-333.3,18.9));
#2401=DIRECTION('',(0.,0.,-1.));
#2402=VECTOR('',#2401,3.);
#2403=LINE('',#2400,#2402);
#2404=EDGE_CURVE('',#1949,#777,#2403,.T.);
#2405=ORIENTED_EDGE('',*,*,#2404,.F.);
#2406=ORIENTED_EDGE('',*,*,#1954,.T.);
#2407=ORIENTED_EDGE('',*,*,#1031,.T.);
#2408=ORIENTED_EDGE('',*,*,#876,.T.);
#2409=ORIENTED_EDGE('',*,*,#1738,.T.);
#2410=ORIENTED_EDGE('',*,*,#790,.F.);
#2411=EDGE_LOOP('',(#2405,#2406,#2407,#2408,#2409,#2410));
#2412=FACE_BOUND('',#2411,.T.);
#2413=ADVANCED_FACE('',(#2412),#2399,.T.);
#2414=CARTESIAN_POINT('',(4682.1,-333.3,15.9));
#2415=DIRECTION('',(0.,-1.,0.));
#2416=DIRECTION('',(-0.,0.,1.));
#2417=AXIS2_PLACEMENT_3D('',#2414,#2415,#2416);
#2418=PLANE('',#2417);
#2419=CARTESIAN_POINT('',(4689.1,-333.3,18.9));
#2420=DIRECTION('',(0.,0.,-1.));
#2421=VECTOR('',#2420,3.);
#2422=LINE('',#2419,#2421);
#2423=EDGE_CURVE('',#1957,#769,#2422,.T.);
#2424=ORIENTED_EDGE('',*,*,#2423,.F.);
#2425=ORIENTED_EDGE('',*,*,#1962,.T.);
#2426=ORIENTED_EDGE('',*,*,#2404,.T.);
#2427=ORIENTED_EDGE('',*,*,#782,.F.);
#2428=EDGE_LOOP('',(#2424,#2425,#2426,#2427));
#2429=FACE_BOUND('',#2428,.T.);
#2430=ADVANCED_FACE('',(#2429),#2418,.T.);
#2431=CARTESIAN_POINT('',(4689.1,-340.3,15.9));
#2432=DIRECTION('',(-1.,0.,-0.));
#2433=DIRECTION('',(-0.,0.,1.));
#2434=AXIS2_PLACEMENT_3D('',#2431,#2432,#2433);
#2435=PLANE('',#2434);
#2436=ORIENTED_EDGE('',*,*,#1045,.F.);
#2437=ORIENTED_EDGE('',*,*,#1968,.T.);
#2438=ORIENTED_EDGE('',*,*,#2423,.T.);
#2439=ORIENTED_EDGE('',*,*,#774,.F.);
#2440=CARTESIAN_POINT('',(4689.1,-345.5,7.9));
#2441=VERTEX_POINT('',#2440);
#2442=CARTESIAN_POINT('',(4689.1,-345.5,15.9));
#2443=DIRECTION('',(-0.,0.,-1.));
#2444=VECTOR('',#2443,8.);
#2445=LINE('',#2442,#2444);
#2446=EDGE_CURVE('',#760,#2441,#2445,.T.);
#2447=ORIENTED_EDGE('',*,*,#2446,.T.);
#2448=CARTESIAN_POINT('',(4689.1,-348.5,7.9));
#2449=DIRECTION('',(-0.,1.,0.));
#2450=VECTOR('',#2449,3.);
#2451=LINE('',#2448,#2450);
#2452=EDGE_CURVE('',#2185,#2441,#2451,.T.);
#2453=ORIENTED_EDGE('',*,*,#2452,.F.);
#2454=ORIENTED_EDGE('',*,*,#2190,.F.);
#2455=ORIENTED_EDGE('',*,*,#892,.F.);
#2456=EDGE_LOOP('',(#2436,#2437,#2438,#2439,#2447,#2453,#2454,#2455));
#2457=FACE_BOUND('',#2456,.T.);
#2458=ADVANCED_FACE('',(#2457),#2435,.T.);
#2459=CARTESIAN_POINT('',(4693.2,15.3,7.9));
#2460=DIRECTION('',(0.,-0.,1.));
#2461=DIRECTION('',(-1.,-0.,0.));
#2462=AXIS2_PLACEMENT_3D('',#2459,#2460,#2461);
#2463=PLANE('',#2462);
#2464=CARTESIAN_POINT('',(4712.2,-345.5,7.9));
#2465=VERTEX_POINT('',#2464);
#2466=CARTESIAN_POINT('',(4710.7,-345.5,7.9));
#2467=DIRECTION('',(0.,-0.,1.));
#2468=DIRECTION('',(1.,0.,-0.));
#2469=AXIS2_PLACEMENT_3D('',#2466,#2467,#2468);
#2470=CIRCLE('',#2469,1.5);
#2471=EDGE_CURVE('',#2465,#2465,#2470,.T.);
#2472=ORIENTED_EDGE('',*,*,#2471,.T.);
#2473=EDGE_LOOP('',(#2472));
#2474=FACE_BOUND('',#2473,.T.);
#2475=CARTESIAN_POINT('',(4710.7,-342.9,7.9));
#2476=VERTEX_POINT('',#2475);
#2477=CARTESIAN_POINT('',(4710.7,-345.5,7.9));
#2478=DIRECTION('',(-0.,0.,-1.));
#2479=DIRECTION('',(1.,0.,-0.));
#2480=AXIS2_PLACEMENT_3D('',#2477,#2478,#2479);
#2481=CIRCLE('',#2480,2.6);
#2482=EDGE_CURVE('',#2349,#2476,#2481,.T.);
#2483=ORIENTED_EDGE('',*,*,#2482,.T.);
#2484=CARTESIAN_POINT('',(4710.7,-345.5,7.9));
#2485=DIRECTION('',(-0.,0.,-1.));
#2486=DIRECTION('',(1.,0.,-0.));
#2487=AXIS2_PLACEMENT_3D('',#2484,#2485,#2486);
#2488=CIRCLE('',#2487,2.6);
#2489=EDGE_CURVE('',#2476,#2300,#2488,.T.);
#2490=ORIENTED_EDGE('',*,*,#2489,.T.);
#2491=ORIENTED_EDGE('',*,*,#2305,.F.);
#2492=ORIENTED_EDGE('',*,*,#2221,.F.);
#2493=ORIENTED_EDGE('',*,*,#2360,.T.);
#2494=EDGE_LOOP('',(#2483,#2490,#2491,#2492,#2493));
#2495=FACE_BOUND('',#2494,.T.);
#2496=ADVANCED_FACE('',(#2474,#2495),#2463,.F.);
#2497=CARTESIAN_POINT('',(4710.7,-345.5,5.9));
#2498=DIRECTION('',(0.,-0.,1.));
#2499=DIRECTION('',(1.,0.,-0.));
#2500=AXIS2_PLACEMENT_3D('',#2497,#2498,#2499);
#2501=CYLINDRICAL_SURFACE('',#2500,2.6);
#2502=ORIENTED_EDGE('',*,*,#2354,.F.);
#2503=ORIENTED_EDGE('',*,*,#724,.F.);
#2504=CARTESIAN_POINT('',(4710.7,-342.9,7.9));
#2505=DIRECTION('',(0.,-0.,1.));
#2506=VECTOR('',#2505,8.);
#2507=LINE('',#2504,#2506);
#2508=EDGE_CURVE('',#2476,#709,#2507,.T.);
#2509=ORIENTED_EDGE('',*,*,#2508,.F.);
#2510=ORIENTED_EDGE('',*,*,#2482,.F.);
#2511=EDGE_LOOP('',(#2502,#2503,#2509,#2510));
#2512=FACE_BOUND('',#2511,.T.);
#2513=ADVANCED_FACE('',(#2512),#2501,.T.);
#2514=CARTESIAN_POINT('',(4710.7,-345.5,3.4));
#2515=DIRECTION('',(0.,0.,-1.));
#2516=DIRECTION('',(-1.,0.,-0.));
#2517=AXIS2_PLACEMENT_3D('',#2514,#2515,#2516);
#2518=CYLINDRICAL_SURFACE('',#2517,2.6);
#2519=ORIENTED_EDGE('',*,*,#2508,.T.);
#2520=ORIENTED_EDGE('',*,*,#715,.F.);
#2521=ORIENTED_EDGE('',*,*,#2311,.F.);
#2522=ORIENTED_EDGE('',*,*,#2489,.F.);
#2523=EDGE_LOOP('',(#2519,#2520,#2521,#2522));
#2524=FACE_BOUND('',#2523,.T.);
#2525=ADVANCED_FACE('',(#2524),#2518,.T.);
#2526=CARTESIAN_POINT('',(4674.2,15.3,7.9));
#2527=DIRECTION('',(0.,-0.,1.));
#2528=DIRECTION('',(-1.,-0.,0.));
#2529=AXIS2_PLACEMENT_3D('',#2526,#2527,#2528);
#2530=PLANE('',#2529);
#2531=CARTESIAN_POINT('',(4693.2,-345.5,7.9));
#2532=VERTEX_POINT('',#2531);
#2533=CARTESIAN_POINT('',(4691.7,-345.5,7.9));
#2534=DIRECTION('',(0.,-0.,1.));
#2535=DIRECTION('',(1.,0.,-0.));
#2536=AXIS2_PLACEMENT_3D('',#2533,#2534,#2535);
#2537=CIRCLE('',#2536,1.5);
#2538=EDGE_CURVE('',#2532,#2532,#2537,.T.);
#2539=ORIENTED_EDGE('',*,*,#2538,.T.);
#2540=EDGE_LOOP('',(#2539));
#2541=FACE_BOUND('',#2540,.T.);
#2542=CARTESIAN_POINT('',(4691.7,-342.9,7.9));
#2543=VERTEX_POINT('',#2542);
#2544=CARTESIAN_POINT('',(4691.7,-345.5,7.9));
#2545=DIRECTION('',(-0.,0.,-1.));
#2546=DIRECTION('',(1.,0.,-0.));
#2547=AXIS2_PLACEMENT_3D('',#2544,#2545,#2546);
#2548=CIRCLE('',#2547,2.6);
#2549=EDGE_CURVE('',#2441,#2543,#2548,.T.);
#2550=ORIENTED_EDGE('',*,*,#2549,.T.);
#2551=CARTESIAN_POINT('',(4691.7,-345.5,7.9));
#2552=DIRECTION('',(-0.,0.,-1.));
#2553=DIRECTION('',(1.,0.,-0.));
#2554=AXIS2_PLACEMENT_3D('',#2551,#2552,#2553);
#2555=CIRCLE('',#2554,2.6);
#2556=EDGE_CURVE('',#2543,#2378,#2555,.T.);
#2557=ORIENTED_EDGE('',*,*,#2556,.T.);
#2558=ORIENTED_EDGE('',*,*,#2383,.F.);
#2559=ORIENTED_EDGE('',*,*,#2198,.F.);
#2560=ORIENTED_EDGE('',*,*,#2452,.T.);
#2561=EDGE_LOOP('',(#2550,#2557,#2558,#2559,#2560));
#2562=FACE_BOUND('',#2561,.T.);
#2563=ADVANCED_FACE('',(#2541,#2562),#2530,.F.);
#2564=CARTESIAN_POINT('',(4691.7,-345.5,5.9));
#2565=DIRECTION('',(0.,-0.,1.));
#2566=DIRECTION('',(1.,0.,-0.));
#2567=AXIS2_PLACEMENT_3D('',#2564,#2565,#2566);
#2568=CYLINDRICAL_SURFACE('',#2567,2.6);
#2569=ORIENTED_EDGE('',*,*,#2446,.F.);
#2570=ORIENTED_EDGE('',*,*,#766,.F.);
#2571=CARTESIAN_POINT('',(4691.7,-342.9,7.9));
#2572=DIRECTION('',(0.,-0.,1.));
#2573=VECTOR('',#2572,8.);
#2574=LINE('',#2571,#2573);
#2575=EDGE_CURVE('',#2543,#751,#2574,.T.);
#2576=ORIENTED_EDGE('',*,*,#2575,.F.);
#2577=ORIENTED_EDGE('',*,*,#2549,.F.);
#2578=EDGE_LOOP('',(#2569,#2570,#2576,#2577));
#2579=FACE_BOUND('',#2578,.T.);
#2580=ADVANCED_FACE('',(#2579),#2568,.T.);
#2581=CARTESIAN_POINT('',(4691.7,-345.5,3.4));
#2582=DIRECTION('',(0.,0.,-1.));
#2583=DIRECTION('',(-1.,0.,-0.));
#2584=AXIS2_PLACEMENT_3D('',#2581,#2582,#2583);
#2585=CYLINDRICAL_SURFACE('',#2584,2.6);
#2586=ORIENTED_EDGE('',*,*,#2575,.T.);
#2587=ORIENTED_EDGE('',*,*,#757,.F.);
#2588=ORIENTED_EDGE('',*,*,#2389,.F.);
#2589=ORIENTED_EDGE('',*,*,#2556,.F.);
#2590=EDGE_LOOP('',(#2586,#2587,#2588,#2589));
#2591=FACE_BOUND('',#2590,.T.);
#2592=ADVANCED_FACE('',(#2591),#2585,.T.);
#2593=CARTESIAN_POINT('',(4691.7,-345.5,6.9));
#2594=DIRECTION('',(0.,-0.,-1.));
#2595=DIRECTION('',(1.,-0.,0.));
#2596=AXIS2_PLACEMENT_3D('',#2593,#2594,#2595);
#2597=CYLINDRICAL_SURFACE('',#2596,1.5);
#2598=CARTESIAN_POINT('',(4693.2,-345.5,15.9));
#2599=VERTEX_POINT('',#2598);
#2600=CARTESIAN_POINT('',(4693.2,-345.5,7.9));
#2601=DIRECTION('',(-0.,0.,1.));
#2602=VECTOR('',#2601,8.);
#2603=LINE('',#2600,#2602);
#2604=EDGE_CURVE('',#2532,#2599,#2603,.T.);
#2605=ORIENTED_EDGE('',*,*,#2604,.F.);
#2606=ORIENTED_EDGE('',*,*,#2538,.F.);
#2607=ORIENTED_EDGE('',*,*,#2604,.T.);
#2608=CARTESIAN_POINT('',(4691.7,-345.5,15.9));
#2609=DIRECTION('',(-0.,0.,1.));
#2610=DIRECTION('',(1.,0.,0.));
#2611=AXIS2_PLACEMENT_3D('',#2608,#2609,#2610);
#2612=CIRCLE('',#2611,1.5);
#2613=EDGE_CURVE('',#2599,#2599,#2612,.T.);
#2614=ORIENTED_EDGE('',*,*,#2613,.T.);
#2615=EDGE_LOOP('',(#2605,#2606,#2607,#2614));
#2616=FACE_BOUND('',#2615,.T.);
#2617=ADVANCED_FACE('',(#2616),#2597,.F.);
#2618=CARTESIAN_POINT('',(4768.2,-661.5,15.9));
#2619=DIRECTION('',(-0.,0.,1.));
#2620=DIRECTION('',(-1.,0.,-0.));
#2621=AXIS2_PLACEMENT_3D('',#2618,#2619,#2620);
#2622=PLANE('',#2621);
#2623=ORIENTED_EDGE('',*,*,#2613,.F.);
#2624=EDGE_LOOP('',(#2623));
#2625=FACE_BOUND('',#2624,.T.);
#2626=ADVANCED_FACE('',(#2625),#2622,.F.);
#2627=CARTESIAN_POINT('',(4710.7,-345.5,6.9));
#2628=DIRECTION('',(0.,-0.,-1.));
#2629=DIRECTION('',(1.,-0.,0.));
#2630=AXIS2_PLACEMENT_3D('',#2627,#2628,#2629);
#2631=CYLINDRICAL_SURFACE('',#2630,1.5);
#2632=CARTESIAN_POINT('',(4712.2,-345.5,15.9));
#2633=VERTEX_POINT('',#2632);
#2634=CARTESIAN_POINT('',(4712.2,-345.5,7.9));
#2635=DIRECTION('',(-0.,0.,1.));
#2636=VECTOR('',#2635,8.);
#2637=LINE('',#2634,#2636);
#2638=EDGE_CURVE('',#2465,#2633,#2637,.T.);
#2639=ORIENTED_EDGE('',*,*,#2638,.F.);
#2640=ORIENTED_EDGE('',*,*,#2471,.F.);
#2641=ORIENTED_EDGE('',*,*,#2638,.T.);
#2642=CARTESIAN_POINT('',(4710.7,-345.5,15.9));
#2643=DIRECTION('',(-0.,0.,1.));
#2644=DIRECTION('',(1.,0.,0.));
#2645=AXIS2_PLACEMENT_3D('',#2642,#2643,#2644);
#2646=CIRCLE('',#2645,1.5);
#2647=EDGE_CURVE('',#2633,#2633,#2646,.T.);
#2648=ORIENTED_EDGE('',*,*,#2647,.T.);
#2649=EDGE_LOOP('',(#2639,#2640,#2641,#2648));
#2650=FACE_BOUND('',#2649,.T.);
#2651=ADVANCED_FACE('',(#2650),#2631,.F.);
#2652=CARTESIAN_POINT('',(4787.2,-661.5,15.9));
#2653=DIRECTION('',(-0.,0.,1.));
#2654=DIRECTION('',(-1.,0.,-0.));
#2655=AXIS2_PLACEMENT_3D('',#2652,#2653,#2654);
#2656=PLANE('',#2655);
#2657=ORIENTED_EDGE('',*,*,#2647,.F.);
#2658=EDGE_LOOP('',(#2657));
#2659=FACE_BOUND('',#2658,.T.);
#2660=ADVANCED_FACE('',(#2659),#2656,.F.);
#2661=CARTESIAN_POINT('',(4694.341064222,-295.441064222,16.3));
#2662=DIRECTION('',(0.707106781,-0.707106781,-0.));
#2663=DIRECTION('',(-0.,-0.,1.));
#2664=AXIS2_PLACEMENT_3D('',#2661,#2662,#2663);
#2665=CYLINDRICAL_SURFACE('',#2664,1.);
#2666=CARTESIAN_POINT('',(4720.079751057,-321.179751057,17.299999992));
#2667=VERTEX_POINT('',#2666);
#2668=CARTESIAN_POINT('',(4720.079751057,-321.179751057,17.3));
#2669=DIRECTION('',(-0.707106781,0.707106781,0.));
#2670=VECTOR('',#2669,1.999999999);
#2671=LINE('',#2668,#2670);
#2672=EDGE_CURVE('',#2667,#1444,#2671,.T.);
#2673=ORIENTED_EDGE('',*,*,#2672,.F.);
#2674=CARTESIAN_POINT('',(4719.420550681,-321.816698821,15.9));
#2675=CARTESIAN_POINT('',(4719.372293957,-321.861750707,16.051177236));
#2676=CARTESIAN_POINT('',(4719.351792507,-321.880669636,16.219926813));
#2677=CARTESIAN_POINT('',(4719.362017369,-321.871180983,16.384433137));
#2678=CARTESIAN_POINT('',(4719.372242232,-321.861692331,16.548939462));
#2679=CARTESIAN_POINT('',(4719.413015101,-321.823939645,16.70970713));
#2680=CARTESIAN_POINT('',(4719.478772897,-321.762180283,16.847515734));
#2681=CARTESIAN_POINT('',(4719.544530693,-321.700420922,16.985324338));
#2682=CARTESIAN_POINT('',(4719.635820608,-321.614028774,17.101089369));
#2683=CARTESIAN_POINT('',(4719.740566659,-321.512948445,17.179745058));
#2684=CARTESIAN_POINT('',(4719.792939685,-321.462408281,17.219072903));
#2685=CARTESIAN_POINT('',(4719.847825937,-321.409030507,17.248956724));
#2686=CARTESIAN_POINT('',(4719.905175716,-321.352726876,17.269331778));
#2687=CARTESIAN_POINT('',(4719.962525495,-321.296423246,17.289706832));
#2688=CARTESIAN_POINT('',(4720.021448078,-321.238057881,17.300073971));
#2689=CARTESIAN_POINT('',(4720.080388004,-321.17911409,17.299999594));
#2690=CARTESIAN_POINT('',(4720.139327931,-321.120170298,17.299925217));
#2691=CARTESIAN_POINT('',(4720.19675505,-321.062187626,17.289588841));
#2692=CARTESIAN_POINT('',(4720.252743361,-321.005158925,17.269325812));
#2693=CARTESIAN_POINT('',(4720.308731672,-320.948130223,17.249062783));
#2694=CARTESIAN_POINT('',(4720.363314336,-320.892003849,17.218452877));
#2695=CARTESIAN_POINT('',(4720.413499735,-320.83999536,17.179315602));
#2696=CARTESIAN_POINT('',(4720.463685133,-320.787986871,17.140178328));
#2697=CARTESIAN_POINT('',(4720.510865025,-320.738660019,17.091484427));
#2698=CARTESIAN_POINT('',(4720.552722014,-320.694622873,17.035542669));
#2699=CARTESIAN_POINT('',(4720.594579004,-320.650585728,16.979600911));
#2700=CARTESIAN_POINT('',(4720.631083256,-320.611883412,16.916927362));
#2701=CARTESIAN_POINT('',(4720.662235022,-320.578714614,16.847393572));
#2702=CARTESIAN_POINT('',(4720.693386788,-320.545545817,16.777859782));
#2703=CARTESIAN_POINT('',(4720.718206425,-320.518955438,16.703422989));
#2704=CARTESIAN_POINT('',(4720.736487134,-320.499331594,16.625587978));
#2705=CARTESIAN_POINT('',(4720.754767843,-320.47970775,16.547752966));
#2706=CARTESIAN_POINT('',(4720.766569016,-320.466987204,16.465366043));
#2707=CARTESIAN_POINT('',(4720.77123849,-320.4619554,16.38343013));
#2708=CARTESIAN_POINT('',(4720.775907964,-320.456923597,16.301494217));
#2709=CARTESIAN_POINT('',(4720.773661144,-320.459349467,16.218062565));
#2710=CARTESIAN_POINT('',(4720.764438909,-320.469279847,16.136398055));
#2711=CARTESIAN_POINT('',(4720.755216674,-320.479210228,16.054733545));
#2712=CARTESIAN_POINT('',(4720.739327112,-320.49631269,15.975932057));
#2713=CARTESIAN_POINT('',(4720.716698821,-320.520550681,15.9));
#2714=B_SPLINE_CURVE_WITH_KNOTS('',3,(#2674,#2675,#2676,#2677,#2678,#2679,#2680,#2681,#2682,#2683,#2684,#2685,#2686,#2687,#2688,#2689,#2690,#2691,#2692,#2693,#2694,#2695,#2696,#2697,#2698,#2699,
#2700,#2701,#2702,#2703,#2704,#2705,#2706,#2707,#2708,#2709,#2710,#2711,#2712,#2713),.UNSPECIFIED.,.F.,.F.,(4,3,3,3,3,3,3,3,3,3,3,3,3,4),(0.004281194,0.004774305,0.005267417,0.005760528,0.006007083,0.006253639,0.006500194,0.00674675,0.006993306,0.007239861,0.007486417,0.007732972,0.007979528,0.008226084),.UNSPECIFIED.);
#2715=EDGE_CURVE('',#811,#2667,#2714,.T.);
#2716=ORIENTED_EDGE('',*,*,#2715,.F.);
#2717=ORIENTED_EDGE('',*,*,#1771,.F.);
#2718=CARTESIAN_POINT('',(4719.420550681,-321.816698821,15.9));
#2719=CARTESIAN_POINT('',(4719.372293957,-321.861750707,16.051177236));
#2720=CARTESIAN_POINT('',(4719.351792507,-321.880669636,16.219926813));
#2721=CARTESIAN_POINT('',(4719.362017369,-321.871180983,16.384433137));
#2722=CARTESIAN_POINT('',(4719.372242232,-321.861692331,16.548939462));
#2723=CARTESIAN_POINT('',(4719.413015101,-321.823939645,16.70970713));
#2724=CARTESIAN_POINT('',(4719.478772897,-321.762180283,16.847515734));
#2725=CARTESIAN_POINT('',(4719.544530693,-321.700420922,16.985324338));
#2726=CARTESIAN_POINT('',(4719.635820608,-321.614028774,17.101089369));
#2727=CARTESIAN_POINT('',(4719.740566659,-321.512948445,17.179745058));
#2728=CARTESIAN_POINT('',(4719.792939685,-321.462408281,17.219072903));
#2729=CARTESIAN_POINT('',(4719.847825937,-321.409030507,17.248956724));
#2730=CARTESIAN_POINT('',(4719.905175716,-321.352726876,17.269331778));
#2731=CARTESIAN_POINT('',(4719.962525495,-321.296423246,17.289706832));
#2732=CARTESIAN_POINT('',(4720.021448078,-321.238057881,17.300073971));
#2733=CARTESIAN_POINT('',(4720.080388004,-321.17911409,17.299999594));
#2734=CARTESIAN_POINT('',(4720.139327931,-321.120170298,17.299925217));
#2735=CARTESIAN_POINT('',(4720.19675505,-321.062187626,17.289588841));
#2736=CARTESIAN_POINT('',(4720.252743361,-321.005158925,17.269325812));
#2737=CARTESIAN_POINT('',(4720.308731672,-320.948130223,17.249062783));
#2738=CARTESIAN_POINT('',(4720.363314336,-320.892003849,17.218452877));
#2739=CARTESIAN_POINT('',(4720.413499735,-320.83999536,17.179315602));
#2740=CARTESIAN_POINT('',(4720.463685133,-320.787986871,17.140178328));
#2741=CARTESIAN_POINT('',(4720.510865025,-320.738660019,17.091484427));
#2742=CARTESIAN_POINT('',(4720.552722014,-320.694622873,17.035542669));
#2743=CARTESIAN_POINT('',(4720.594579004,-320.650585728,16.979600911));
#2744=CARTESIAN_POINT('',(4720.631083256,-320.611883412,16.916927362));
#2745=CARTESIAN_POINT('',(4720.662235022,-320.578714614,16.847393572));
#2746=CARTESIAN_POINT('',(4720.693386788,-320.545545817,16.777859782));
#2747=CARTESIAN_POINT('',(4720.718206425,-320.518955438,16.703422989));
#2748=CARTESIAN_POINT('',(4720.736487134,-320.499331594,16.625587978));
#2749=CARTESIAN_POINT('',(4720.754767843,-320.47970775,16.547752966));
#2750=CARTESIAN_POINT('',(4720.766569016,-320.466987204,16.465366043));
#2751=CARTESIAN_POINT('',(4720.77123849,-320.4619554,16.38343013));
#2752=CARTESIAN_POINT('',(4720.775907964,-320.456923597,16.301494217));
#2753=CARTESIAN_POINT('',(4720.773661144,-320.459349467,16.218062565));
#2754=CARTESIAN_POINT('',(4720.764438909,-320.469279847,16.136398055));
#2755=CARTESIAN_POINT('',(4720.755216674,-320.479210228,16.054733545));
#2756=CARTESIAN_POINT('',(4720.739327112,-320.49631269,15.975932057));
#2757=CARTESIAN_POINT('',(4720.716698821,-320.520550681,15.9));
#2758=B_SPLINE_CURVE_WITH_KNOTS('',3,(#2718,#2719,#2720,#2721,#2722,#2723,#2724,#2725,#2726,#2727,#2728,#2729,#2730,#2731,#2732,#2733,#2734,#2735,#2736,#2737,#2738,#2739,#2740,#2741,#2742,#2743,
#2744,#2745,#2746,#2747,#2748,#2749,#2750,#2751,#2752,#2753,#2754,#2755,#2756,#2757),.UNSPECIFIED.,.F.,.F.,(4,3,3,3,3,3,3,3,3,3,3,3,3,4),(0.004281194,0.004774305,0.005267417,0.005760528,0.006007083,0.006253639,0.006500194,0.00674675,0.006993306,0.007239861,0.007486417,0.007732972,0.007979528,0.008226084),.UNSPECIFIED.);
#2759=EDGE_CURVE('',#2667,#820,#2758,.T.);
#2760=ORIENTED_EDGE('',*,*,#2759,.F.);
#2761=ORIENTED_EDGE('',*,*,#2672,.T.);
#2762=ORIENTED_EDGE('',*,*,#1525,.F.);
#2763=EDGE_LOOP('',(#2673,#2716,#2717,#2760,#2761,#2762));
#2764=FACE_BOUND('',#2763,.T.);
#2765=ADVANCED_FACE('',(#2764),#2665,.F.);
#2766=CARTESIAN_POINT('',(4701.2,-302.3,13.5));
#2767=DIRECTION('',(0.,0.,-1.));
#2768=DIRECTION('',(-0.707106781,0.707106781,0.));
#2769=AXIS2_PLACEMENT_3D('',#2766,#2767,#2768);
#2770=CYLINDRICAL_SURFACE('',#2769,26.7);
#2771=ORIENTED_EDGE('',*,*,#826,.T.);
#2772=ORIENTED_EDGE('',*,*,#2715,.T.);
#2773=ORIENTED_EDGE('',*,*,#2759,.T.);
#2774=EDGE_LOOP('',(#2771,#2772,#2773));
#2775=FACE_BOUND('',#2774,.T.);
#2776=ADVANCED_FACE('',(#2775),#2770,.F.);
#2777=CARTESIAN_POINT('',(4694.341064222,-295.441064222,16.3));
#2778=DIRECTION('',(0.707106781,-0.707106781,-0.));
#2779=DIRECTION('',(-0.,-0.,1.));
#2780=AXIS2_PLACEMENT_3D('',#2777,#2778,#2779);
#2781=CYLINDRICAL_SURFACE('',#2780,1.);
#2782=CARTESIAN_POINT('',(4682.320248942,-283.420248942,17.3));
#2783=VERTEX_POINT('',#2782);
#2784=CARTESIAN_POINT('',(4683.734462505,-284.834462505,17.3));
#2785=DIRECTION('',(-0.707106781,0.707106781,0.));
#2786=VECTOR('',#2785,2.);
#2787=LINE('',#2784,#2786);
#2788=EDGE_CURVE('',#1530,#2783,#2787,.T.);
#2789=ORIENTED_EDGE('',*,*,#2788,.F.);
#2790=ORIENTED_EDGE('',*,*,#1611,.F.);
#2791=ORIENTED_EDGE('',*,*,#2788,.T.);
#2792=CARTESIAN_POINT('',(4682.320248942,-283.420248943,15.300000002));
#2793=VERTEX_POINT('',#2792);
#2794=CARTESIAN_POINT('',(4682.320248942,-283.420248942,17.3));
#2795=CARTESIAN_POINT('',(4682.273529658,-283.466968226,17.3));
#2796=CARTESIAN_POINT('',(4682.227765189,-283.513079271,17.293516304));
#2797=CARTESIAN_POINT('',(4682.182906812,-283.558597527,17.280814618));
#2798=CARTESIAN_POINT('',(4682.138048434,-283.604115782,17.268112932));
#2799=CARTESIAN_POINT('',(4682.093635591,-283.649517268,17.248884674));
#2800=CARTESIAN_POINT('',(4682.051434489,-283.692946529,17.223786964));
#2801=CARTESIAN_POINT('',(4682.009233386,-283.73637579,17.198689254));
#2802=CARTESIAN_POINT('',(4681.969348388,-283.777716293,17.167973395));
#2803=CARTESIAN_POINT('',(4681.931717041,-283.816946361,17.13168952));
#2804=CARTESIAN_POINT('',(4681.894085693,-283.85617643,17.095405644));
#2805=CARTESIAN_POINT('',(4681.858574339,-283.893441876,17.053170821));
#2806=CARTESIAN_POINT('',(4681.826826446,-283.926917884,17.007042119));
#2807=CARTESIAN_POINT('',(4681.763330659,-283.9938699,16.914784716));
#2808=CARTESIAN_POINT('',(4681.712381028,-284.048282349,16.803229383));
#2809=CARTESIAN_POINT('',(4681.678335497,-284.084769696,16.682903177));
#2810=CARTESIAN_POINT('',(4681.644289967,-284.121257042,16.562576971));
#2811=CARTESIAN_POINT('',(4681.626435938,-284.140550946,16.430977027));
#2812=CARTESIAN_POINT('',(4681.626388605,-284.140601966,16.300533155));
#2813=CARTESIAN_POINT('',(4681.626364938,-284.140627476,16.235311219));
#2814=CARTESIAN_POINT('',(4681.630780452,-284.135864756,16.16906404));
#2815=CARTESIAN_POINT('',(4681.639467577,-284.126514607,16.104935218));
#2816=CARTESIAN_POINT('',(4681.648154703,-284.117164458,16.040806396));
#2817=CARTESIAN_POINT('',(4681.66101509,-284.103332836,15.978467964));
#2818=CARTESIAN_POINT('',(4681.678100143,-284.085021934,15.917929697));
#2819=CARTESIAN_POINT('',(4681.695185196,-284.066711031,15.85739143));
#2820=CARTESIAN_POINT('',(4681.716580681,-284.043831662,15.798828192));
#2821=CARTESIAN_POINT('',(4681.741371049,-284.017446586,15.744641409));
#2822=CARTESIAN_POINT('',(4681.766161416,-283.99106151,15.690454625));
#2823=CARTESIAN_POINT('',(4681.794516334,-283.960987454,15.639942464));
#2824=CARTESIAN_POINT('',(4681.826626509,-283.927128706,15.593248504));
#2825=CARTESIAN_POINT('',(4681.858736685,-283.893269958,15.546554544));
#2826=CARTESIAN_POINT('',(4681.893650401,-283.856632697,15.505095034));
#2827=CARTESIAN_POINT('',(4681.931135038,-283.817553109,15.468872267));
#2828=CARTESIAN_POINT('',(4681.968619675,-283.778473521,15.4326495));
#2829=CARTESIAN_POINT('',(4682.009190402,-283.736420109,15.401338313));
#2830=CARTESIAN_POINT('',(4682.051416533,-283.692965008,15.376223715));
#2831=CARTESIAN_POINT('',(4682.093642664,-283.649509906,15.351109117));
#2832=CARTESIAN_POINT('',(4682.137232211,-283.604947497,15.332187911));
#2833=CARTESIAN_POINT('',(4682.182196791,-283.55931802,15.319386971));
#2834=CARTESIAN_POINT('',(4682.22716137,-283.513688542,15.306586031));
#2835=CARTESIAN_POINT('',(4682.273850729,-283.466648388,15.300023261));
#2836=CARTESIAN_POINT('',(4682.319997603,-283.420500285,15.300000063));
#2837=CARTESIAN_POINT('',(4682.412291352,-283.328204079,15.299953668));
#2838=CARTESIAN_POINT('',(4682.506031872,-283.235896322,15.326106999));
#2839=CARTESIAN_POINT('',(4682.592368929,-283.151995771,15.375879648));
#2840=CARTESIAN_POINT('',(4682.678705987,-283.06809522,15.425652297));
#2841=CARTESIAN_POINT('',(4682.759387273,-282.990874552,15.500097143));
#2842=CARTESIAN_POINT('',(4682.82637303,-282.927343188,15.592207879));
#2843=CARTESIAN_POINT('',(4682.859865909,-282.895577506,15.638263246));
#2844=CARTESIAN_POINT('',(4682.89062274,-282.866574464,15.689642989));
#2845=CARTESIAN_POINT('',(4682.917137717,-282.841661255,15.744007605));
#2846=CARTESIAN_POINT('',(4682.943652694,-282.816748045,15.798372221));
#2847=CARTESIAN_POINT('',(4682.966127268,-282.795730795,15.855778427));
#2848=CARTESIAN_POINT('',(4682.984508337,-282.778579369,15.916236056));
#2849=CARTESIAN_POINT('',(4683.002889406,-282.761427942,15.976693684));
#2850=CARTESIAN_POINT('',(4683.01705164,-282.748259617,16.040284169));
#2851=CARTESIAN_POINT('',(4683.026407219,-282.739567351,16.104200126));
#2852=CARTESIAN_POINT('',(4683.035762797,-282.730875085,16.168116083));
#2853=CARTESIAN_POINT('',(4683.040552722,-282.726434291,16.233033217));
#2854=CARTESIAN_POINT('',(4683.040601695,-282.726388857,16.298987854));
#2855=CARTESIAN_POINT('',(4683.04069964,-282.726297988,16.430897128));
#2856=CARTESIAN_POINT('',(4683.02171759,-282.743861167,16.560736871));
#2857=CARTESIAN_POINT('',(4682.98503235,-282.778090424,16.682035863));
#2858=CARTESIAN_POINT('',(4682.96668973,-282.795205052,16.742685359));
#2859=CARTESIAN_POINT('',(4682.94426746,-282.816172308,16.800154565));
#2860=CARTESIAN_POINT('',(4682.917867897,-282.840975211,16.854492383));
#2861=CARTESIAN_POINT('',(4682.891468333,-282.865778113,16.908830201));
#2862=CARTESIAN_POINT('',(4682.860754944,-282.894737334,16.960351234));
#2863=CARTESIAN_POINT('',(4682.82728,-282.92648303,17.006542789));
#2864=CARTESIAN_POINT('',(4682.793805056,-282.958228726,17.052734345));
#2865=CARTESIAN_POINT('',(4682.757383819,-282.992931746,17.094148783));
#2866=CARTESIAN_POINT('',(4682.71801226,-283.030694637,17.130701799));
#2867=CARTESIAN_POINT('',(4682.678640702,-283.068457527,17.167254816));
#2868=CARTESIAN_POINT('',(4682.636660322,-283.108959426,17.198464212));
#2869=CARTESIAN_POINT('',(4682.593519198,-283.150878031,17.22345562));
#2870=CARTESIAN_POINT('',(4682.507236951,-283.234715242,17.273438435));
#2871=CARTESIAN_POINT('',(4682.413687414,-283.326810471,17.3));
#2872=CARTESIAN_POINT('',(4682.320248942,-283.420248942,17.3));
#2873=B_SPLINE_CURVE_WITH_KNOTS('',3,(#2794,#2795,#2796,#2797,#2798,#2799,#2800,#2801,#2802,#2803,#2804,#2805,#2806,#2807,#2808,#2809,#2810,#2811,#2812,#2813,#2814,#2815,#2816,#2817,#2818,#2819,
#2820,#2821,#2822,#2823,#2824,#2825,#2826,#2827,#2828,#2829,#2830,#2831,#2832,#2833,#2834,#2835,#2836,#2837,#2838,#2839,#2840,#2841,#2842,#2843,#2844,
#2845,#2846,#2847,#2848,#2849,#2850,#2851,#2852,#2853,#2854,#2855,#2856,#2857,#2858,#2859,#2860,#2861,#2862,#2863,#2864,#2865,#2866,#2867,#2868,#2869,
#2870,#2871,#2872),.UNSPECIFIED.,.T.,.F.,(4,3,3,3,3,3,3,3,3,3,3,3,3,3,3,3,3,3,3,3,3,3,3,3,3,3,
4),(0.,0.000195398,0.000390797,0.000586195,0.000781594,0.001172391,0.001563188,0.001758586,0.001953985,0.002149383,0.002344782,0.00254018,0.002735578,0.002930977,0.003126375,0.003517172,0.003907969,0.004103368,0.004298766,0.004494165,0.004689563,0.00508036,0.005275758,0.005471157,0.005666555,0.005861954,
0.006252751),.UNSPECIFIED.);
#2874=EDGE_CURVE('',#2793,#2783,#2873,.T.);
#2875=ORIENTED_EDGE('',*,*,#2874,.F.);
#2876=CARTESIAN_POINT('',(4682.320248942,-283.420248942,17.3));
#2877=CARTESIAN_POINT('',(4682.273529658,-283.466968226,17.3));
#2878=CARTESIAN_POINT('',(4682.227765189,-283.513079271,17.293516304));
#2879=CARTESIAN_POINT('',(4682.182906812,-283.558597527,17.280814618));
#2880=CARTESIAN_POINT('',(4682.138048434,-283.604115782,17.268112932));
#2881=CARTESIAN_POINT('',(4682.093635591,-283.649517268,17.248884674));
#2882=CARTESIAN_POINT('',(4682.051434489,-283.692946529,17.223786964));
#2883=CARTESIAN_POINT('',(4682.009233386,-283.73637579,17.198689254));
#2884=CARTESIAN_POINT('',(4681.969348388,-283.777716293,17.167973395));
#2885=CARTESIAN_POINT('',(4681.931717041,-283.816946361,17.13168952));
#2886=CARTESIAN_POINT('',(4681.894085693,-283.85617643,17.095405644));
#2887=CARTESIAN_POINT('',(4681.858574339,-283.893441876,17.053170821));
#2888=CARTESIAN_POINT('',(4681.826826446,-283.926917884,17.007042119));
#2889=CARTESIAN_POINT('',(4681.763330659,-283.9938699,16.914784716));
#2890=CARTESIAN_POINT('',(4681.712381028,-284.048282349,16.803229383));
#2891=CARTESIAN_POINT('',(4681.678335497,-284.084769696,16.682903177));
#2892=CARTESIAN_POINT('',(4681.644289967,-284.121257042,16.562576971));
#2893=CARTESIAN_POINT('',(4681.626435938,-284.140550946,16.430977027));
#2894=CARTESIAN_POINT('',(4681.626388605,-284.140601966,16.300533155));
#2895=CARTESIAN_POINT('',(4681.626364938,-284.140627476,16.235311219));
#2896=CARTESIAN_POINT('',(4681.630780452,-284.135864756,16.16906404));
#2897=CARTESIAN_POINT('',(4681.639467577,-284.126514607,16.104935218));
#2898=CARTESIAN_POINT('',(4681.648154703,-284.117164458,16.040806396));
#2899=CARTESIAN_POINT('',(4681.66101509,-284.103332836,15.978467964));
#2900=CARTESIAN_POINT('',(4681.678100143,-284.085021934,15.917929697));
#2901=CARTESIAN_POINT('',(4681.695185196,-284.066711031,15.85739143));
#2902=CARTESIAN_POINT('',(4681.716580681,-284.043831662,15.798828192));
#2903=CARTESIAN_POINT('',(4681.741371049,-284.017446586,15.744641409));
#2904=CARTESIAN_POINT('',(4681.766161416,-283.99106151,15.690454625));
#2905=CARTESIAN_POINT('',(4681.794516334,-283.960987454,15.639942464));
#2906=CARTESIAN_POINT('',(4681.826626509,-283.927128706,15.593248504));
#2907=CARTESIAN_POINT('',(4681.858736685,-283.893269958,15.546554544));
#2908=CARTESIAN_POINT('',(4681.893650401,-283.856632697,15.505095034));
#2909=CARTESIAN_POINT('',(4681.931135038,-283.817553109,15.468872267));
#2910=CARTESIAN_POINT('',(4681.968619675,-283.778473521,15.4326495));
#2911=CARTESIAN_POINT('',(4682.009190402,-283.736420109,15.401338313));
#2912=CARTESIAN_POINT('',(4682.051416533,-283.692965008,15.376223715));
#2913=CARTESIAN_POINT('',(4682.093642664,-283.649509906,15.351109117));
#2914=CARTESIAN_POINT('',(4682.137232211,-283.604947497,15.332187911));
#2915=CARTESIAN_POINT('',(4682.182196791,-283.55931802,15.319386971));
#2916=CARTESIAN_POINT('',(4682.22716137,-283.513688542,15.306586031));
#2917=CARTESIAN_POINT('',(4682.273850729,-283.466648388,15.300023261));
#2918=CARTESIAN_POINT('',(4682.319997603,-283.420500285,15.300000063));
#2919=CARTESIAN_POINT('',(4682.412291352,-283.328204079,15.299953668));
#2920=CARTESIAN_POINT('',(4682.506031872,-283.235896322,15.326106999));
#2921=CARTESIAN_POINT('',(4682.592368929,-283.151995771,15.375879648));
#2922=CARTESIAN_POINT('',(4682.678705987,-283.06809522,15.425652297));
#2923=CARTESIAN_POINT('',(4682.759387273,-282.990874552,15.500097143));
#2924=CARTESIAN_POINT('',(4682.82637303,-282.927343188,15.592207879));
#2925=CARTESIAN_POINT('',(4682.859865909,-282.895577506,15.638263246));
#2926=CARTESIAN_POINT('',(4682.89062274,-282.866574464,15.689642989));
#2927=CARTESIAN_POINT('',(4682.917137717,-282.841661255,15.744007605));
#2928=CARTESIAN_POINT('',(4682.943652694,-282.816748045,15.798372221));
#2929=CARTESIAN_POINT('',(4682.966127268,-282.795730795,15.855778427));
#2930=CARTESIAN_POINT('',(4682.984508337,-282.778579369,15.916236056));
#2931=CARTESIAN_POINT('',(4683.002889406,-282.761427942,15.976693684));
#2932=CARTESIAN_POINT('',(4683.01705164,-282.748259617,16.040284169));
#2933=CARTESIAN_POINT('',(4683.026407219,-282.739567351,16.104200126));
#2934=CARTESIAN_POINT('',(4683.035762797,-282.730875085,16.168116083));
#2935=CARTESIAN_POINT('',(4683.040552722,-282.726434291,16.233033217));
#2936=CARTESIAN_POINT('',(4683.040601695,-282.726388857,16.298987854));
#2937=CARTESIAN_POINT('',(4683.04069964,-282.726297988,16.430897128));
#2938=CARTESIAN_POINT('',(4683.02171759,-282.743861167,16.560736871));
#2939=CARTESIAN_POINT('',(4682.98503235,-282.778090424,16.682035863));
#2940=CARTESIAN_POINT('',(4682.96668973,-282.795205052,16.742685359));
#2941=CARTESIAN_POINT('',(4682.94426746,-282.816172308,16.800154565));
#2942=CARTESIAN_POINT('',(4682.917867897,-282.840975211,16.854492383));
#2943=CARTESIAN_POINT('',(4682.891468333,-282.865778113,16.908830201));
#2944=CARTESIAN_POINT('',(4682.860754944,-282.894737334,16.960351234));
#2945=CARTESIAN_POINT('',(4682.82728,-282.92648303,17.006542789));
#2946=CARTESIAN_POINT('',(4682.793805056,-282.958228726,17.052734345));
#2947=CARTESIAN_POINT('',(4682.757383819,-282.992931746,17.094148783));
#2948=CARTESIAN_POINT('',(4682.71801226,-283.030694637,17.130701799));
#2949=CARTESIAN_POINT('',(4682.678640702,-283.068457527,17.167254816));
#2950=CARTESIAN_POINT('',(4682.636660322,-283.108959426,17.198464212));
#2951=CARTESIAN_POINT('',(4682.593519198,-283.150878031,17.22345562));
#2952=CARTESIAN_POINT('',(4682.507236951,-283.234715242,17.273438435));
#2953=CARTESIAN_POINT('',(4682.413687414,-283.326810471,17.3));
#2954=CARTESIAN_POINT('',(4682.320248942,-283.420248942,17.3));
#2955=B_SPLINE_CURVE_WITH_KNOTS('',3,(#2876,#2877,#2878,#2879,#2880,#2881,#2882,#2883,#2884,#2885,#2886,#2887,#2888,#2889,#2890,#2891,#2892,#2893,#2894,#2895,#2896,#2897,#2898,#2899,#2900,#2901,
#2902,#2903,#2904,#2905,#2906,#2907,#2908,#2909,#2910,#2911,#2912,#2913,#2914,#2915,#2916,#2917,#2918,#2919,#2920,#2921,#2922,#2923,#2924,#2925,#2926,
#2927,#2928,#2929,#2930,#2931,#2932,#2933,#2934,#2935,#2936,#2937,#2938,#2939,#2940,#2941,#2942,#2943,#2944,#2945,#2946,#2947,#2948,#2949,#2950,#2951,
#2952,#2953,#2954),.UNSPECIFIED.,.T.,.F.,(4,3,3,3,3,3,3,3,3,3,3,3,3,3,3,3,3,3,3,3,3,3,3,3,3,3,
4),(0.,0.000195398,0.000390797,0.000586195,0.000781594,0.001172391,0.001563188,0.001758586,0.001953985,0.002149383,0.002344782,0.00254018,0.002735578,0.002930977,0.003126375,0.003517172,0.003907969,0.004103368,0.004298766,0.004494165,0.004689563,0.00508036,0.005275758,0.005471157,0.005666555,0.005861954,
0.006252751),.UNSPECIFIED.);
#2956=EDGE_CURVE('',#2783,#2793,#2955,.T.);
#2957=ORIENTED_EDGE('',*,*,#2956,.F.);
#2958=EDGE_LOOP('',(#2789,#2790,#2791,#2875,#2957));
#2959=FACE_BOUND('',#2958,.T.);
#2960=ADVANCED_FACE('',(#2959),#2781,.F.);
#2961=CARTESIAN_POINT('',(4701.2,-302.3,13.5));
#2962=DIRECTION('',(0.,0.,-1.));
#2963=DIRECTION('',(-0.707106781,0.707106781,0.));
#2964=AXIS2_PLACEMENT_3D('',#2961,#2962,#2963);
#2965=CYLINDRICAL_SURFACE('',#2964,26.7);
#2966=CARTESIAN_POINT('',(4682.320248942,-283.420248942,15.300000002));
#2967=DIRECTION('',(-0.,-0.,1.));
#2968=VECTOR('',#2967,1.999999998);
#2969=LINE('',#2966,#2968);
#2970=EDGE_CURVE('',#2793,#2783,#2969,.T.);
#2971=ORIENTED_EDGE('',*,*,#2970,.F.);
#2972=ORIENTED_EDGE('',*,*,#2874,.T.);
#2973=EDGE_LOOP('',(#2971,#2972));
#2974=FACE_BOUND('',#2973,.T.);
#2975=ADVANCED_FACE('',(#2974),#2965,.F.);
#2976=CARTESIAN_POINT('',(4694.341064222,-309.158935778,16.3));
#2977=DIRECTION('',(0.707106781,0.707106781,-0.));
#2978=DIRECTION('',(0.,-0.,1.));
#2979=AXIS2_PLACEMENT_3D('',#2976,#2977,#2978);
#2980=CYLINDRICAL_SURFACE('',#2979,1.);
#2981=CARTESIAN_POINT('',(4682.320248943,-321.179751057,17.299999992));
#2982=VERTEX_POINT('',#2981);
#2983=CARTESIAN_POINT('',(4683.734462505,-319.765537495,17.3));
#2984=DIRECTION('',(-0.707106781,-0.707106781,0.));
#2985=VECTOR('',#2984,1.999999999);
#2986=LINE('',#2983,#2985);
#2987=EDGE_CURVE('',#1616,#2982,#2986,.T.);
#2988=ORIENTED_EDGE('',*,*,#2987,.F.);
#2989=ORIENTED_EDGE('',*,*,#1697,.F.);
#2990=ORIENTED_EDGE('',*,*,#2987,.T.);
#2991=CARTESIAN_POINT('',(4681.683301179,-320.520550681,15.9));
#2992=CARTESIAN_POINT('',(4681.638249293,-320.472293957,16.051177236));
#2993=CARTESIAN_POINT('',(4681.619330364,-320.451792507,16.219926813));
#2994=CARTESIAN_POINT('',(4681.628819017,-320.462017369,16.384433137));
#2995=CARTESIAN_POINT('',(4681.638307669,-320.472242232,16.548939462));
#2996=CARTESIAN_POINT('',(4681.676060355,-320.513015101,16.70970713));
#2997=CARTESIAN_POINT('',(4681.737819717,-320.578772897,16.847515734));
#2998=CARTESIAN_POINT('',(4681.799579078,-320.644530693,16.985324338));
#2999=CARTESIAN_POINT('',(4681.885971226,-320.735820608,17.101089369));
#3000=CARTESIAN_POINT('',(4681.987051555,-320.840566659,17.179745058));
#3001=CARTESIAN_POINT('',(4682.037591719,-320.892939685,17.219072903));
#3002=CARTESIAN_POINT('',(4682.090969493,-320.947825937,17.248956724));
#3003=CARTESIAN_POINT('',(4682.147273124,-321.005175716,17.269331778));
#3004=CARTESIAN_POINT('',(4682.203576754,-321.062525495,17.289706832));
#3005=CARTESIAN_POINT('',(4682.261942119,-321.121448078,17.300073971));
#3006=CARTESIAN_POINT('',(4682.32088591,-321.180388004,17.299999594));
#3007=CARTESIAN_POINT('',(4682.379829702,-321.239327931,17.299925217));
#3008=CARTESIAN_POINT('',(4682.437812374,-321.29675505,17.289588841));
#3009=CARTESIAN_POINT('',(4682.494841075,-321.352743361,17.269325812));
#3010=CARTESIAN_POINT('',(4682.551869777,-321.408731672,17.249062783));
#3011=CARTESIAN_POINT('',(4682.607996151,-321.463314336,17.218452877));
#3012=CARTESIAN_POINT('',(4682.66000464,-321.513499735,17.179315602));
#3013=CARTESIAN_POINT('',(4682.712013129,-321.563685133,17.140178328));
#3014=CARTESIAN_POINT('',(4682.761339981,-321.610865025,17.091484427));
#3015=CARTESIAN_POINT('',(4682.805377127,-321.652722014,17.035542669));
#3016=CARTESIAN_POINT('',(4682.849414272,-321.694579004,16.979600911));
#3017=CARTESIAN_POINT('',(4682.888116588,-321.731083256,16.916927362));
#3018=CARTESIAN_POINT('',(4682.921285386,-321.762235022,16.847393572));
#3019=CARTESIAN_POINT('',(4682.954454183,-321.793386788,16.777859782));
#3020=CARTESIAN_POINT('',(4682.981044562,-321.818206425,16.703422989));
#3021=CARTESIAN_POINT('',(4683.000668406,-321.836487134,16.625587978));
#3022=CARTESIAN_POINT('',(4683.02029225,-321.854767843,16.547752966));
#3023=CARTESIAN_POINT('',(4683.033012796,-321.866569016,16.465366043));
#3024=CARTESIAN_POINT('',(4683.0380446,-321.87123849,16.38343013));
#3025=CARTESIAN_POINT('',(4683.043076403,-321.875907964,16.301494217));
#3026=CARTESIAN_POINT('',(4683.040650533,-321.873661144,16.218062565));
#3027=CARTESIAN_POINT('',(4683.030720153,-321.864438909,16.136398055));
#3028=CARTESIAN_POINT('',(4683.020789772,-321.855216674,16.054733545));
#3029=CARTESIAN_POINT('',(4683.00368731,-321.839327112,15.975932057));
#3030=CARTESIAN_POINT('',(4682.979449319,-321.816698821,15.9));
#3031=B_SPLINE_CURVE_WITH_KNOTS('',3,(#2991,#2992,#2993,#2994,#2995,#2996,#2997,#2998,#2999,#3000,#3001,#3002,#3003,#3004,#3005,#3006,#3007,#3008,#3009,#3010,#3011,#3012,#3013,#3014,#3015,#3016,
#3017,#3018,#3019,#3020,#3021,#3022,#3023,#3024,#3025,#3026,#3027,#3028,#3029,#3030),.UNSPECIFIED.,.F.,.F.,(4,3,3,3,3,3,3,3,3,3,3,3,3,4),(0.004281194,0.004774305,0.005267417,0.005760528,0.006007083,0.006253639,0.006500194,0.00674675,0.006993306,0.007239861,0.007486417,0.007732972,0.007979528,0.008226084),.UNSPECIFIED.);
#3032=EDGE_CURVE('',#793,#2982,#3031,.T.);
#3033=ORIENTED_EDGE('',*,*,#3032,.F.);
#3034=ORIENTED_EDGE('',*,*,#1731,.F.);
#3035=CARTESIAN_POINT('',(4681.683301179,-320.520550681,15.9));
#3036=CARTESIAN_POINT('',(4681.638249293,-320.472293957,16.051177236));
#3037=CARTESIAN_POINT('',(4681.619330364,-320.451792507,16.219926813));
#3038=CARTESIAN_POINT('',(4681.628819017,-320.462017369,16.384433137));
#3039=CARTESIAN_POINT('',(4681.638307669,-320.472242232,16.548939462));
#3040=CARTESIAN_POINT('',(4681.676060355,-320.513015101,16.70970713));
#3041=CARTESIAN_POINT('',(4681.737819717,-320.578772897,16.847515734));
#3042=CARTESIAN_POINT('',(4681.799579078,-320.644530693,16.985324338));
#3043=CARTESIAN_POINT('',(4681.885971226,-320.735820608,17.101089369));
#3044=CARTESIAN_POINT('',(4681.987051555,-320.840566659,17.179745058));
#3045=CARTESIAN_POINT('',(4682.037591719,-320.892939685,17.219072903));
#3046=CARTESIAN_POINT('',(4682.090969493,-320.947825937,17.248956724));
#3047=CARTESIAN_POINT('',(4682.147273124,-321.005175716,17.269331778));
#3048=CARTESIAN_POINT('',(4682.203576754,-321.062525495,17.289706832));
#3049=CARTESIAN_POINT('',(4682.261942119,-321.121448078,17.300073971));
#3050=CARTESIAN_POINT('',(4682.32088591,-321.180388004,17.299999594));
#3051=CARTESIAN_POINT('',(4682.379829702,-321.239327931,17.299925217));
#3052=CARTESIAN_POINT('',(4682.437812374,-321.29675505,17.289588841));
#3053=CARTESIAN_POINT('',(4682.494841075,-321.352743361,17.269325812));
#3054=CARTESIAN_POINT('',(4682.551869777,-321.408731672,17.249062783));
#3055=CARTESIAN_POINT('',(4682.607996151,-321.463314336,17.218452877));
#3056=CARTESIAN_POINT('',(4682.66000464,-321.513499735,17.179315602));
#3057=CARTESIAN_POINT('',(4682.712013129,-321.563685133,17.140178328));
#3058=CARTESIAN_POINT('',(4682.761339981,-321.610865025,17.091484427));
#3059=CARTESIAN_POINT('',(4682.805377127,-321.652722014,17.035542669));
#3060=CARTESIAN_POINT('',(4682.849414272,-321.694579004,16.979600911));
#3061=CARTESIAN_POINT('',(4682.888116588,-321.731083256,16.916927362));
#3062=CARTESIAN_POINT('',(4682.921285386,-321.762235022,16.847393572));
#3063=CARTESIAN_POINT('',(4682.954454183,-321.793386788,16.777859782));
#3064=CARTESIAN_POINT('',(4682.981044562,-321.818206425,16.703422989));
#3065=CARTESIAN_POINT('',(4683.000668406,-321.836487134,16.625587978));
#3066=CARTESIAN_POINT('',(4683.02029225,-321.854767843,16.547752966));
#3067=CARTESIAN_POINT('',(4683.033012796,-321.866569016,16.465366043));
#3068=CARTESIAN_POINT('',(4683.0380446,-321.87123849,16.38343013));
#3069=CARTESIAN_POINT('',(4683.043076403,-321.875907964,16.301494217));
#3070=CARTESIAN_POINT('',(4683.040650533,-321.873661144,16.218062565));
#3071=CARTESIAN_POINT('',(4683.030720153,-321.864438909,16.136398055));
#3072=CARTESIAN_POINT('',(4683.020789772,-321.855216674,16.054733545));
#3073=CARTESIAN_POINT('',(4683.00368731,-321.839327112,15.975932057));
#3074=CARTESIAN_POINT('',(4682.979449319,-321.816698821,15.9));
#3075=B_SPLINE_CURVE_WITH_KNOTS('',3,(#3035,#3036,#3037,#3038,#3039,#3040,#3041,#3042,#3043,#3044,#3045,#3046,#3047,#3048,#3049,#3050,#3051,#3052,#3053,#3054,#3055,#3056,#3057,#3058,#3059,#3060,
#3061,#3062,#3063,#3064,#3065,#3066,#3067,#3068,#3069,#3070,#3071,#3072,#3073,#3074),.UNSPECIFIED.,.F.,.F.,(4,3,3,3,3,3,3,3,3,3,3,3,3,4),(0.004281194,0.004774305,0.005267417,0.005760528,0.006007083,0.006253639,0.006500194,0.00674675,0.006993306,0.007239861,0.007486417,0.007732972,0.007979528,0.008226084),.UNSPECIFIED.);
#3076=EDGE_CURVE('',#2982,#802,#3075,.T.);
#3077=ORIENTED_EDGE('',*,*,#3076,.F.);
#3078=EDGE_LOOP('',(#2988,#2989,#2990,#3033,#3034,#3077));
#3079=FACE_BOUND('',#3078,.T.);
#3080=ADVANCED_FACE('',(#3079),#2980,.F.);
#3081=CARTESIAN_POINT('',(4701.2,-302.3,13.5));
#3082=DIRECTION('',(0.,0.,-1.));
#3083=DIRECTION('',(-0.707106781,0.707106781,0.));
#3084=AXIS2_PLACEMENT_3D('',#3081,#3082,#3083);
#3085=CYLINDRICAL_SURFACE('',#3084,26.7);
#3086=ORIENTED_EDGE('',*,*,#808,.T.);
#3087=ORIENTED_EDGE('',*,*,#3032,.T.);
#3088=ORIENTED_EDGE('',*,*,#3076,.T.);
#3089=EDGE_LOOP('',(#3086,#3087,#3088));
#3090=FACE_BOUND('',#3089,.T.);
#3091=ADVANCED_FACE('',(#3090),#3085,.F.);
#3092=CARTESIAN_POINT('',(4694.341064222,-309.158935778,16.3));
#3093=DIRECTION('',(0.707106781,0.707106781,-0.));
#3094=DIRECTION('',(0.,-0.,1.));
#3095=AXIS2_PLACEMENT_3D('',#3092,#3093,#3094);
#3096=CYLINDRICAL_SURFACE('',#3095,1.);
#3097=CARTESIAN_POINT('',(4720.079751058,-283.420248942,17.3));
#3098=VERTEX_POINT('',#3097);
#3099=CARTESIAN_POINT('',(4720.079751058,-283.420248942,17.3));
#3100=DIRECTION('',(-0.707106781,-0.707106781,0.));
#3101=VECTOR('',#3100,2.);
#3102=LINE('',#3099,#3101);
#3103=EDGE_CURVE('',#3098,#1358,#3102,.T.);
#3104=ORIENTED_EDGE('',*,*,#3103,.F.);
#3105=CARTESIAN_POINT('',(4720.079751058,-283.420248942,17.3));
#3106=CARTESIAN_POINT('',(4720.033031774,-283.373529658,17.3));
#3107=CARTESIAN_POINT('',(4719.986920729,-283.327765189,17.293516304));
#3108=CARTESIAN_POINT('',(4719.941402473,-283.282906812,17.280814618));
#3109=CARTESIAN_POINT('',(4719.895884218,-283.238048434,17.268112932));
#3110=CARTESIAN_POINT('',(4719.850482732,-283.193635591,17.248884674));
#3111=CARTESIAN_POINT('',(4719.807053471,-283.151434489,17.223786964));
#3112=CARTESIAN_POINT('',(4719.76362421,-283.109233386,17.198689254));
#3113=CARTESIAN_POINT('',(4719.722283707,-283.069348388,17.167973395));
#3114=CARTESIAN_POINT('',(4719.683053639,-283.031717041,17.13168952));
#3115=CARTESIAN_POINT('',(4719.64382357,-282.994085693,17.095405644));
#3116=CARTESIAN_POINT('',(4719.606558124,-282.958574339,17.053170821));
#3117=CARTESIAN_POINT('',(4719.573082116,-282.926826446,17.007042119));
#3118=CARTESIAN_POINT('',(4719.5061301,-282.863330659,16.914784716));
#3119=CARTESIAN_POINT('',(4719.451717651,-282.812381028,16.803229383));
#3120=CARTESIAN_POINT('',(4719.415230304,-282.778335497,16.682903177));
#3121=CARTESIAN_POINT('',(4719.378742958,-282.744289967,16.562576971));
#3122=CARTESIAN_POINT('',(4719.359449054,-282.726435938,16.430977027));
#3123=CARTESIAN_POINT('',(4719.359398034,-282.726388605,16.300533155));
#3124=CARTESIAN_POINT('',(4719.359372524,-282.726364938,16.235311219));
#3125=CARTESIAN_POINT('',(4719.364135244,-282.730780452,16.16906404));
#3126=CARTESIAN_POINT('',(4719.373485393,-282.739467577,16.104935218));
#3127=CARTESIAN_POINT('',(4719.382835542,-282.748154703,16.040806396));
#3128=CARTESIAN_POINT('',(4719.396667164,-282.76101509,15.978467964));
#3129=CARTESIAN_POINT('',(4719.414978066,-282.778100143,15.917929697));
#3130=CARTESIAN_POINT('',(4719.433288969,-282.795185196,15.85739143));
#3131=CARTESIAN_POINT('',(4719.456168338,-282.816580681,15.798828192));
#3132=CARTESIAN_POINT('',(4719.482553414,-282.841371049,15.744641409));
#3133=CARTESIAN_POINT('',(4719.50893849,-282.866161416,15.690454625));
#3134=CARTESIAN_POINT('',(4719.539012546,-282.894516334,15.639942464));
#3135=CARTESIAN_POINT('',(4719.572871294,-282.926626509,15.593248504));
#3136=CARTESIAN_POINT('',(4719.606730042,-282.958736685,15.546554544));
#3137=CARTESIAN_POINT('',(4719.643367303,-282.993650401,15.505095034));
#3138=CARTESIAN_POINT('',(4719.682446891,-283.031135038,15.468872267));
#3139=CARTESIAN_POINT('',(4719.721526479,-283.068619675,15.4326495));
#3140=CARTESIAN_POINT('',(4719.763579891,-283.109190402,15.401338313));
#3141=CARTESIAN_POINT('',(4719.807034992,-283.151416533,15.376223715));
#3142=CARTESIAN_POINT('',(4719.850490094,-283.193642664,15.351109117));
#3143=CARTESIAN_POINT('',(4719.895052503,-283.237232211,15.332187911));
#3144=CARTESIAN_POINT('',(4719.94068198,-283.282196791,15.319386971));
#3145=CARTESIAN_POINT('',(4719.986311458,-283.32716137,15.306586031));
#3146=CARTESIAN_POINT('',(4720.033351612,-283.373850729,15.300023261));
#3147=CARTESIAN_POINT('',(4720.079499715,-283.419997603,15.300000063));
#3148=CARTESIAN_POINT('',(4720.171795921,-283.512291352,15.299953668));
#3149=CARTESIAN_POINT('',(4720.264103678,-283.606031872,15.326106999));
#3150=CARTESIAN_POINT('',(4720.348004229,-283.692368929,15.375879648));
#3151=CARTESIAN_POINT('',(4720.43190478,-283.778705987,15.425652297));
#3152=CARTESIAN_POINT('',(4720.509125448,-283.859387273,15.500097143));
#3153=CARTESIAN_POINT('',(4720.572656812,-283.92637303,15.592207879));
#3154=CARTESIAN_POINT('',(4720.604422494,-283.959865909,15.638263246));
#3155=CARTESIAN_POINT('',(4720.633425536,-283.99062274,15.689642989));
#3156=CARTESIAN_POINT('',(4720.658338745,-284.017137717,15.744007605));
#3157=CARTESIAN_POINT('',(4720.683251955,-284.043652694,15.798372221));
#3158=CARTESIAN_POINT('',(4720.704269205,-284.066127268,15.855778427));
#3159=CARTESIAN_POINT('',(4720.721420631,-284.084508337,15.916236056));
#3160=CARTESIAN_POINT('',(4720.738572058,-284.102889406,15.976693684));
#3161=CARTESIAN_POINT('',(4720.751740383,-284.11705164,16.040284169));
#3162=CARTESIAN_POINT('',(4720.760432649,-284.126407219,16.104200126));
#3163=CARTESIAN_POINT('',(4720.769124915,-284.135762797,16.168116083));
#3164=CARTESIAN_POINT('',(4720.773565709,-284.140552722,16.233033217));
#3165=CARTESIAN_POINT('',(4720.773611143,-284.140601695,16.298987854));
#3166=CARTESIAN_POINT('',(4720.773702012,-284.14069964,16.430897128));
#3167=CARTESIAN_POINT('',(4720.756138833,-284.12171759,16.560736871));
#3168=CARTESIAN_POINT('',(4720.721909576,-284.08503235,16.682035863));
#3169=CARTESIAN_POINT('',(4720.704794948,-284.06668973,16.742685359));
#3170=CARTESIAN_POINT('',(4720.683827692,-284.04426746,16.800154565));
#3171=CARTESIAN_POINT('',(4720.659024789,-284.017867897,16.854492383));
#3172=CARTESIAN_POINT('',(4720.634221887,-283.991468333,16.908830201));
#3173=CARTESIAN_POINT('',(4720.605262666,-283.960754944,16.960351234));
#3174=CARTESIAN_POINT('',(4720.57351697,-283.92728,17.006542789));
#3175=CARTESIAN_POINT('',(4720.541771274,-283.893805056,17.052734345));
#3176=CARTESIAN_POINT('',(4720.507068254,-283.857383819,17.094148783));
#3177=CARTESIAN_POINT('',(4720.469305363,-283.81801226,17.130701799));
#3178=CARTESIAN_POINT('',(4720.431542473,-283.778640702,17.167254816));
#3179=CARTESIAN_POINT('',(4720.391040574,-283.736660322,17.198464212));
#3180=CARTESIAN_POINT('',(4720.349121969,-283.693519198,17.22345562));
#3181=CARTESIAN_POINT('',(4720.265284758,-283.607236951,17.273438435));
#3182=CARTESIAN_POINT('',(4720.173189529,-283.513687414,17.3));
#3183=CARTESIAN_POINT('',(4720.079751058,-283.420248942,17.3));
#3184=B_SPLINE_CURVE_WITH_KNOTS('',3,(#3105,#3106,#3107,#3108,#3109,#3110,#3111,#3112,#3113,#3114,#3115,#3116,#3117,#3118,#3119,#3120,#3121,#3122,#3123,#3124,#3125,#3126,#3127,#3128,#3129,#3130,
#3131,#3132,#3133,#3134,#3135,#3136,#3137,#3138,#3139,#3140,#3141,#3142,#3143,#3144,#3145,#3146,#3147,#3148,#3149,#3150,#3151,#3152,#3153,#3154,#3155,
#3156,#3157,#3158,#3159,#3160,#3161,#3162,#3163,#3164,#3165,#3166,#3167,#3168,#3169,#3170,#3171,#3172,#3173,#3174,#3175,#3176,#3177,#3178,#3179,#3180,
#3181,#3182,#3183),.UNSPECIFIED.,.T.,.F.,(4,3,3,3,3,3,3,3,3,3,3,3,3,3,3,3,3,3,3,3,3,3,3,3,3,3,
4),(0.,0.000195398,0.000390797,0.000586195,0.000781594,0.001172391,0.001563188,0.001758586,0.001953985,0.002149383,0.002344782,0.00254018,0.002735578,0.002930977,0.003126375,0.003517172,0.003907969,0.004103368,0.004298766,0.004494165,0.004689563,0.00508036,0.005275758,0.005471157,0.005666555,0.005861954,
0.006252751),.UNSPECIFIED.);
#3185=EDGE_CURVE('',#3098,#3098,#3184,.T.);
#3186=ORIENTED_EDGE('',*,*,#3185,.F.);
#3187=ORIENTED_EDGE('',*,*,#3103,.T.);
#3188=ORIENTED_EDGE('',*,*,#1439,.F.);
#3189=EDGE_LOOP('',(#3104,#3186,#3187,#3188));
#3190=FACE_BOUND('',#3189,.T.);
#3191=ADVANCED_FACE('',(#3190),#3096,.F.);
#3192=CARTESIAN_POINT('',(4701.2,-302.3,13.5));
#3193=DIRECTION('',(0.,0.,-1.));
#3194=DIRECTION('',(-0.707106781,0.707106781,0.));
#3195=AXIS2_PLACEMENT_3D('',#3192,#3193,#3194);
#3196=CYLINDRICAL_SURFACE('',#3195,26.7);
#3197=ORIENTED_EDGE('',*,*,#3185,.T.);
#3198=EDGE_LOOP('',(#3197));
#3199=FACE_BOUND('',#3198,.T.);
#3200=ADVANCED_FACE('',(#3199),#3196,.F.);
#3201=CARTESIAN_POINT('',(4714.5,-277.6,18.));
#3202=DIRECTION('',(0.,0.,1.));
#3203=DIRECTION('',(1.,0.,-0.));
#3204=AXIS2_PLACEMENT_3D('',#3201,#3202,#3203);
#3205=CYLINDRICAL_SURFACE('',#3204,2.5);
#3206=CARTESIAN_POINT('',(4712.,-277.6,7.9));
#3207=VERTEX_POINT('',#3206);
#3208=CARTESIAN_POINT('',(4712.,-277.6,7.9));
#3209=DIRECTION('',(0.,0.,1.));
#3210=VECTOR('',#3209,5.6);
#3211=LINE('',#3208,#3210);
#3212=EDGE_CURVE('',#3207,#962,#3211,.T.);
#3213=ORIENTED_EDGE('',*,*,#3212,.F.);
#3214=CARTESIAN_POINT('',(4717.,-277.6,7.9));
#3215=VERTEX_POINT('',#3214);
#3216=CARTESIAN_POINT('',(4714.5,-277.6,7.9));
#3217=DIRECTION('',(-0.,-0.,-1.));
#3218=DIRECTION('',(-0.,1.,-0.));
#3219=AXIS2_PLACEMENT_3D('',#3216,#3217,#3218);
#3220=CIRCLE('',#3219,2.5);
#3221=EDGE_CURVE('',#3215,#3207,#3220,.T.);
#3222=ORIENTED_EDGE('',*,*,#3221,.F.);
#3223=CARTESIAN_POINT('',(4717.,-277.6,13.5));
#3224=DIRECTION('',(-0.,-0.,-1.));
#3225=VECTOR('',#3224,5.6);
#3226=LINE('',#3223,#3225);
#3227=EDGE_CURVE('',#970,#3215,#3226,.T.);
#3228=ORIENTED_EDGE('',*,*,#3227,.F.);
#3229=ORIENTED_EDGE('',*,*,#976,.F.);
#3230=EDGE_LOOP('',(#3213,#3222,#3228,#3229));
#3231=FACE_BOUND('',#3230,.T.);
#3232=ADVANCED_FACE('',(#3231),#3205,.T.);
#3233=CARTESIAN_POINT('',(4712.,-204.6,18.));
#3234=DIRECTION('',(-1.,-0.,0.));
#3235=DIRECTION('',(0.,0.,1.));
#3236=AXIS2_PLACEMENT_3D('',#3233,#3234,#3235);
#3237=PLANE('',#3236);
#3238=CARTESIAN_POINT('',(4712.,-277.6,7.9));
#3239=DIRECTION('',(-0.,1.,-0.));
#3240=VECTOR('',#3239,2.5);
#3241=LINE('',#3238,#3240);
#3242=EDGE_CURVE('',#3207,#1157,#3241,.T.);
#3243=ORIENTED_EDGE('',*,*,#3242,.F.);
#3244=ORIENTED_EDGE('',*,*,#3212,.T.);
#3245=ORIENTED_EDGE('',*,*,#967,.F.);
#3246=ORIENTED_EDGE('',*,*,#1344,.T.);
#3247=ORIENTED_EDGE('',*,*,#2096,.F.);
#3248=ORIENTED_EDGE('',*,*,#1162,.T.);
#3249=EDGE_LOOP('',(#3243,#3244,#3245,#3246,#3247,#3248));
#3250=FACE_BOUND('',#3249,.T.);
#3251=ADVANCED_FACE('',(#3250),#3237,.T.);
#3252=CARTESIAN_POINT('',(4717.,-340.1,15.5));
#3253=DIRECTION('',(-1.,0.,0.));
#3254=DIRECTION('',(-0.,-0.,-1.));
#3255=AXIS2_PLACEMENT_3D('',#3252,#3253,#3254);
#3256=PLANE('',#3255);
#3257=ORIENTED_EDGE('',*,*,#3227,.T.);
#3258=CARTESIAN_POINT('',(4717.,-277.6,7.9));
#3259=DIRECTION('',(0.,1.,-0.));
#3260=VECTOR('',#3259,2.5);
#3261=LINE('',#3258,#3260);
#3262=EDGE_CURVE('',#3215,#1180,#3261,.T.);
#3263=ORIENTED_EDGE('',*,*,#3262,.T.);
#3264=ORIENTED_EDGE('',*,*,#1185,.F.);
#3265=ORIENTED_EDGE('',*,*,#984,.F.);
#3266=EDGE_LOOP('',(#3257,#3263,#3264,#3265));
#3267=FACE_BOUND('',#3266,.T.);
#3268=ADVANCED_FACE('',(#3267),#3256,.F.);
#3269=CARTESIAN_POINT('',(4714.5,-277.6,13.5));
#3270=DIRECTION('',(0.,-0.,1.));
#3271=DIRECTION('',(-1.,-0.,0.));
#3272=AXIS2_PLACEMENT_3D('',#3269,#3270,#3271);
#3273=CYLINDRICAL_SURFACE('',#3272,1.5);
#3274=CARTESIAN_POINT('',(4713.,-277.6,15.9));
#3275=VERTEX_POINT('',#3274);
#3276=CARTESIAN_POINT('',(4713.,-277.6,7.9));
#3277=VERTEX_POINT('',#3276);
#3278=CARTESIAN_POINT('',(4713.,-277.6,15.9));
#3279=DIRECTION('',(-0.,0.,-1.));
#3280=VECTOR('',#3279,8.);
#3281=LINE('',#3278,#3280);
#3282=EDGE_CURVE('',#3275,#3277,#3281,.T.);
#3283=ORIENTED_EDGE('',*,*,#3282,.F.);
#3284=CARTESIAN_POINT('',(4714.5,-277.6,15.9));
#3285=DIRECTION('',(-0.,-0.,-1.));
#3286=DIRECTION('',(-1.,0.,0.));
#3287=AXIS2_PLACEMENT_3D('',#3284,#3285,#3286);
#3288=CIRCLE('',#3287,1.5);
#3289=EDGE_CURVE('',#3275,#3275,#3288,.T.);
#3290=ORIENTED_EDGE('',*,*,#3289,.F.);
#3291=ORIENTED_EDGE('',*,*,#3282,.T.);
#3292=CARTESIAN_POINT('',(4716.,-277.6,7.9));
#3293=VERTEX_POINT('',#3292);
#3294=CARTESIAN_POINT('',(4714.5,-277.6,7.9));
#3295=DIRECTION('',(0.,0.,1.));
#3296=DIRECTION('',(1.,0.,-0.));
#3297=AXIS2_PLACEMENT_3D('',#3294,#3295,#3296);
#3298=CIRCLE('',#3297,1.5);
#3299=EDGE_CURVE('',#3293,#3277,#3298,.T.);
#3300=ORIENTED_EDGE('',*,*,#3299,.F.);
#3301=CARTESIAN_POINT('',(4714.5,-277.6,7.9));
#3302=DIRECTION('',(0.,0.,1.));
#3303=DIRECTION('',(1.,0.,-0.));
#3304=AXIS2_PLACEMENT_3D('',#3301,#3302,#3303);
#3305=CIRCLE('',#3304,1.5);
#3306=EDGE_CURVE('',#3277,#3293,#3305,.T.);
#3307=ORIENTED_EDGE('',*,*,#3306,.F.);
#3308=EDGE_LOOP('',(#3283,#3290,#3291,#3300,#3307));
#3309=FACE_BOUND('',#3308,.T.);
#3310=ADVANCED_FACE('',(#3309),#3273,.F.);
#3311=CARTESIAN_POINT('',(4723.9,148.15,7.9));
#3312=DIRECTION('',(0.,0.,1.));
#3313=DIRECTION('',(-1.,0.,0.));
#3314=AXIS2_PLACEMENT_3D('',#3311,#3312,#3313);
#3315=PLANE('',#3314);
#3316=ORIENTED_EDGE('',*,*,#3299,.T.);
#3317=ORIENTED_EDGE('',*,*,#3306,.T.);
#3318=EDGE_LOOP('',(#3316,#3317));
#3319=FACE_BOUND('',#3318,.T.);
#3320=ORIENTED_EDGE('',*,*,#1191,.F.);
#3321=ORIENTED_EDGE('',*,*,#3262,.F.);
#3322=ORIENTED_EDGE('',*,*,#3221,.T.);
#3323=ORIENTED_EDGE('',*,*,#3242,.T.);
#3324=EDGE_LOOP('',(#3320,#3321,#3322,#3323));
#3325=FACE_BOUND('',#3324,.T.);
#3326=ADVANCED_FACE('',(#3319,#3325),#3315,.F.);
#3327=CARTESIAN_POINT('',(4178.5,-262.6,15.9));
#3328=DIRECTION('',(-0.,-0.,-1.));
#3329=DIRECTION('',(-0.,1.,-0.));
#3330=AXIS2_PLACEMENT_3D('',#3327,#3328,#3329);
#3331=PLANE('',#3330);
#3332=ORIENTED_EDGE('',*,*,#3289,.T.);
#3333=EDGE_LOOP('',(#3332));
#3334=FACE_BOUND('',#3333,.T.);
#3335=ADVANCED_FACE('',(#3334),#3331,.T.);
#3336=CARTESIAN_POINT('',(4151.9,-262.6,15.9));
#3337=DIRECTION('',(-0.,-0.,-1.));
#3338=DIRECTION('',(-0.,1.,-0.));
#3339=AXIS2_PLACEMENT_3D('',#3336,#3337,#3338);
#3340=PLANE('',#3339);
#3341=ORIENTED_EDGE('',*,*,#1214,.T.);
#3342=EDGE_LOOP('',(#3341));
#3343=FACE_BOUND('',#3342,.T.);
#3344=ADVANCED_FACE('',(#3343),#3340,.T.);
#3345=CARTESIAN_POINT('',(4695.2,-278.1,15.4));
#3346=DIRECTION('',(-1.,-0.,0.));
#3347=DIRECTION('',(0.,-1.,-0.));
#3348=AXIS2_PLACEMENT_3D('',#3345,#3346,#3347);
#3349=PLANE('',#3348);
#3350=ORIENTED_EDGE('',*,*,#1312,.T.);
#3351=ORIENTED_EDGE('',*,*,#2119,.T.);
#3352=CARTESIAN_POINT('',(4695.2,-275.7,16.5));
#3353=VERTEX_POINT('',#3352);
#3354=CARTESIAN_POINT('',(4695.2,-275.7,16.5));
#3355=DIRECTION('',(-0.,0.,-1.));
#3356=VECTOR('',#3355,0.6);
#3357=LINE('',#3354,#3356);
#3358=EDGE_CURVE('',#3353,#2108,#3357,.T.);
#3359=ORIENTED_EDGE('',*,*,#3358,.F.);
#3360=CARTESIAN_POINT('',(4695.2,-275.7,16.5));
#3361=DIRECTION('',(0.,-1.,-0.));
#3362=VECTOR('',#3361,2.639824708);
#3363=LINE('',#3360,#3362);
#3364=EDGE_CURVE('',#3353,#1307,#3363,.T.);
#3365=ORIENTED_EDGE('',*,*,#3364,.T.);
#3366=EDGE_LOOP('',(#3350,#3351,#3359,#3365));
#3367=FACE_BOUND('',#3366,.T.);
#3368=ADVANCED_FACE('',(#3367),#3349,.F.);
#3369=CARTESIAN_POINT('',(4707.6,-278.1,16.5));
#3370=DIRECTION('',(0.,-0.,1.));
#3371=DIRECTION('',(-0.,1.,0.));
#3372=AXIS2_PLACEMENT_3D('',#3369,#3370,#3371);
#3373=PLANE('',#3372);
#3374=ORIENTED_EDGE('',*,*,#1321,.T.);
#3375=ORIENTED_EDGE('',*,*,#3364,.F.);
#3376=CARTESIAN_POINT('',(4707.2,-275.7,16.5));
#3377=VERTEX_POINT('',#3376);
#3378=CARTESIAN_POINT('',(4707.2,-275.7,16.5));
#3379=DIRECTION('',(-1.,-0.,0.));
#3380=VECTOR('',#3379,12.);
#3381=LINE('',#3378,#3380);
#3382=EDGE_CURVE('',#3377,#3353,#3381,.T.);
#3383=ORIENTED_EDGE('',*,*,#3382,.F.);
#3384=CARTESIAN_POINT('',(4707.2,-275.7,16.5));
#3385=DIRECTION('',(0.,-1.,-0.));
#3386=VECTOR('',#3385,2.639824708);
#3387=LINE('',#3384,#3386);
#3388=EDGE_CURVE('',#3377,#1315,#3387,.T.);
#3389=ORIENTED_EDGE('',*,*,#3388,.T.);
#3390=EDGE_LOOP('',(#3374,#3375,#3383,#3389));
#3391=FACE_BOUND('',#3390,.T.);
#3392=ADVANCED_FACE('',(#3391),#3373,.F.);
#3393=CARTESIAN_POINT('',(4707.2,-278.1,15.4));
#3394=DIRECTION('',(1.,0.,-0.));
#3395=DIRECTION('',(-0.,1.,0.));
#3396=AXIS2_PLACEMENT_3D('',#3393,#3394,#3395);
#3397=PLANE('',#3396);
#3398=ORIENTED_EDGE('',*,*,#1329,.T.);
#3399=ORIENTED_EDGE('',*,*,#3388,.F.);
#3400=CARTESIAN_POINT('',(4707.2,-275.7,15.9));
#3401=DIRECTION('',(0.,-0.,1.));
#3402=VECTOR('',#3401,0.6);
#3403=LINE('',#3400,#3402);
#3404=EDGE_CURVE('',#2100,#3377,#3403,.T.);
#3405=ORIENTED_EDGE('',*,*,#3404,.F.);
#3406=ORIENTED_EDGE('',*,*,#2105,.T.);
#3407=EDGE_LOOP('',(#3398,#3399,#3405,#3406));
#3408=FACE_BOUND('',#3407,.T.);
#3409=ADVANCED_FACE('',(#3408),#3397,.F.);
#3410=CARTESIAN_POINT('',(4699.,-275.7,-521.6));
#3411=DIRECTION('',(-0.,1.,0.));
#3412=DIRECTION('',(-1.,-0.,0.));
#3413=AXIS2_PLACEMENT_3D('',#3410,#3411,#3412);
#3414=PLANE('',#3413);
#3415=ORIENTED_EDGE('',*,*,#2113,.T.);
#3416=ORIENTED_EDGE('',*,*,#3404,.T.);
#3417=ORIENTED_EDGE('',*,*,#3382,.T.);
#3418=ORIENTED_EDGE('',*,*,#3358,.T.);
#3419=EDGE_LOOP('',(#3415,#3416,#3417,#3418));
#3420=FACE_BOUND('',#3419,.T.);
#3421=ADVANCED_FACE('',(#3420),#3414,.F.);
#3422=CARTESIAN_POINT('',(4701.2,-302.3,13.5));
#3423=DIRECTION('',(0.,0.,-1.));
#3424=DIRECTION('',(-0.707106781,0.707106781,0.));
#3425=AXIS2_PLACEMENT_3D('',#3422,#3423,#3424);
#3426=CYLINDRICAL_SURFACE('',#3425,26.7);
#3427=ORIENTED_EDGE('',*,*,#2970,.T.);
#3428=ORIENTED_EDGE('',*,*,#2956,.T.);
#3429=EDGE_LOOP('',(#3427,#3428));
#3430=FACE_BOUND('',#3429,.T.);
#3431=ADVANCED_FACE('',(#3430),#3426,.F.);
#3432=CLOSED_SHELL('',(#837,#1018,#1049,#1096,#1148,#1195,#1221,#1252,#1269,#1281,#1701,#1775,#1815,#1846,#1973,#2004,#2035,#2052,#2069,#2138,#2155,#2177,#2240,#2252,#2271,#2288,
#2316,#2338,#2366,#2394,#2413,#2430,#2458,#2496,#2513,#2525,#2563,#2580,#2592,#2617,#2626,#2651,#2660,#2765,#2776,#2960,#2975,#3080,#3091,#3191,#3200,
#3232,#3251,#3268,#3310,#3326,#3335,#3344,#3368,#3392,#3409,#3421,#3431));
#3433=MANIFOLD_SOLID_BREP('top',#3432);
#676=STYLED_ITEM('',(#619),#3433);
#3434=(NAMED_UNIT(*)PLANE_ANGLE_UNIT()SI_UNIT($,.RADIAN.));
#3435=PLANE_ANGLE_MEASURE_WITH_UNIT(PLANE_ANGLE_MEASURE(0.0174532925),#3434);
#3436=(CONVERSION_BASED_UNIT('DEGREE',#3435)NAMED_UNIT(#3437)PLANE_ANGLE_UNIT());
#3437=DIMENSIONAL_EXPONENTS(0.,0.,0.,0.,0.,0.,0.);
#3438=(NAMED_UNIT(*)SI_UNIT($,.STERADIAN.)SOLID_ANGLE_UNIT());
#3439=(LENGTH_UNIT()NAMED_UNIT(*)SI_UNIT(.MILLI.,.METRE.));
#3440=UNCERTAINTY_MEASURE_WITH_UNIT(LENGTH_MEASURE(1.000000E-05),#3439,'DISTANCE_ACCURACY_VALUE','Maximum Tolerance applied to model');
#3441=(GEOMETRIC_REPRESENTATION_CONTEXT(3)GLOBAL_UNCERTAINTY_ASSIGNED_CONTEXT((#3440))GLOBAL_UNIT_ASSIGNED_CONTEXT((#3439,#3436,#3438))REPRESENTATION_CONTEXT('','Folder 10'));
#3453=CARTESIAN_POINT('',(0.,0.,0.));
#3454=DIRECTION('',(0.,0.,1.));
#3455=DIRECTION('',(1.,0.,-0.));
#3456=AXIS2_PLACEMENT_3D('',#3453,#3454,#3455);
#3457=ITEM_DEFINED_TRANSFORMATION('','',#3456,#15);
#3458=(REPRESENTATION_RELATIONSHIP('','',#3443,#657)REPRESENTATION_RELATIONSHIP_WITH_TRANSFORMATION(#3457)SHAPE_REPRESENTATION_RELATIONSHIP());
#3459=NEXT_ASSEMBLY_USAGE_OCCURRENCE('Folder 10_6','Folder 10','Folder 10',#666,#3452,$);
#3460=PRODUCT_DEFINITION_SHAPE('','',#3459);
#3461=CONTEXT_DEPENDENT_SHAPE_REPRESENTATION(#3458,#3460);
#3463=CARTESIAN_POINT('',(4701.2,-302.3,15.9));
#3464=DIRECTION('',(0.,-0.,1.));
#3465=DIRECTION('',(-0.747784309,-0.663941735,0.));
#3466=AXIS2_PLACEMENT_3D('',#3463,#3464,#3465);
#3467=CYLINDRICAL_SURFACE('',#3466,24.5);
#3468=CARTESIAN_POINT('',(4682.87928443,-318.566572503,15.3));
#3469=VERTEX_POINT('',#3468);
#3470=CARTESIAN_POINT('',(4682.87928443,-318.566572503,13.5));
#3471=VERTEX_POINT('',#3470);
#3472=CARTESIAN_POINT('',(4682.87928443,-318.566572503,15.3));
#3473=DIRECTION('',(-0.,0.,-1.));
#3474=VECTOR('',#3473,1.8);
#3475=LINE('',#3472,#3474);
#3476=EDGE_CURVE('',#3469,#3471,#3475,.T.);
#3477=ORIENTED_EDGE('',*,*,#3476,.T.);
#3478=CARTESIAN_POINT('',(4714.445234803,-281.688989471,13.5));
#3479=VERTEX_POINT('',#3478);
#3480=CARTESIAN_POINT('',(4701.2,-302.3,13.5));
#3481=DIRECTION('',(-0.,0.,-1.));
#3482=DIRECTION('',(0.663941735,-0.747784309,-0.));
#3483=AXIS2_PLACEMENT_3D('',#3480,#3481,#3482);
#3484=CIRCLE('',#3483,24.5);
#3485=EDGE_CURVE('',#3479,#3471,#3484,.T.);
#3486=ORIENTED_EDGE('',*,*,#3485,.F.);
#3487=CARTESIAN_POINT('',(4714.445234803,-281.688989471,16.3));
#3488=VERTEX_POINT('',#3487);
#3489=CARTESIAN_POINT('',(4714.445234803,-281.688989471,13.5));
#3490=DIRECTION('',(0.,-0.,1.));
#3491=VECTOR('',#3490,2.8);
#3492=LINE('',#3489,#3491);
#3493=EDGE_CURVE('',#3479,#3488,#3492,.T.);
#3494=ORIENTED_EDGE('',*,*,#3493,.T.);
#3495=CARTESIAN_POINT('',(4690.487449393,-280.266133805,16.3));
#3496=VERTEX_POINT('',#3495);
#3497=CARTESIAN_POINT('',(4701.2,-302.3,16.3));
#3498=DIRECTION('',(-0.,-0.,1.));
#3499=DIRECTION('',(-0.059285653,-0.998241059,-0.));
#3500=AXIS2_PLACEMENT_3D('',#3497,#3498,#3499);
#3501=CIRCLE('',#3500,24.5);
#3502=EDGE_CURVE('',#3488,#3496,#3501,.T.);
#3503=ORIENTED_EDGE('',*,*,#3502,.T.);
#3504=CARTESIAN_POINT('',(4690.487449393,-280.266133805,13.5));
#3505=VERTEX_POINT('',#3504);
#3506=CARTESIAN_POINT('',(4690.487449393,-280.266133805,16.3));
#3507=DIRECTION('',(-0.,0.,-1.));
#3508=VECTOR('',#3507,2.8);
#3509=LINE('',#3506,#3508);
#3510=EDGE_CURVE('',#3496,#3505,#3509,.T.);
#3511=ORIENTED_EDGE('',*,*,#3510,.T.);
#3512=CARTESIAN_POINT('',(4701.2,-302.3,13.5));
#3513=DIRECTION('',(-0.,0.,-1.));
#3514=DIRECTION('',(0.663941735,-0.747784309,-0.));
#3515=AXIS2_PLACEMENT_3D('',#3512,#3513,#3514);
#3516=CIRCLE('',#3515,24.5);
#3517=EDGE_CURVE('',#3471,#3505,#3516,.T.);
#3518=ORIENTED_EDGE('',*,*,#3517,.F.);
#3519=ORIENTED_EDGE('',*,*,#3476,.F.);
#3520=CARTESIAN_POINT('',(4682.87928443,-318.566572503,17.299999998));
#3521=VERTEX_POINT('',#3520);
#3522=CARTESIAN_POINT('',(4682.87928443,-318.566572503,15.3));
#3523=CARTESIAN_POINT('',(4682.923152524,-318.615980261,15.3));
#3524=CARTESIAN_POINT('',(4682.966486361,-318.66438403,15.306483919));
#3525=CARTESIAN_POINT('',(4683.009296923,-318.711834801,15.319185941));
#3526=CARTESIAN_POINT('',(4683.052107484,-318.759285572,15.331887963));
#3527=CARTESIAN_POINT('',(4683.094843456,-318.806270738,15.351116762));
#3528=CARTESIAN_POINT('',(4683.135752554,-318.850920343,15.376214656));
#3529=CARTESIAN_POINT('',(4683.176661652,-318.895569949,15.40131255));
#3530=CARTESIAN_POINT('',(4683.215633673,-318.937773983,15.432028474));
#3531=CARTESIAN_POINT('',(4683.252639404,-318.977597178,15.468312333));
#3532=CARTESIAN_POINT('',(4683.289645135,-319.017420373,15.504596191));
#3533=CARTESIAN_POINT('',(4683.324822231,-319.055003685,15.546830289));
#3534=CARTESIAN_POINT('',(4683.356438655,-319.088606808,15.59295811));
#3535=CARTESIAN_POINT('',(4683.419671505,-319.155813053,15.68521375));
#3536=CARTESIAN_POINT('',(4683.471132047,-319.209752574,15.796767398));
#3537=CARTESIAN_POINT('',(4683.50565314,-319.245798571,15.917093068));
#3538=CARTESIAN_POINT('',(4683.540174233,-319.281844568,16.037418738));
#3539=CARTESIAN_POINT('',(4683.558444995,-319.300751071,16.169020211));
#3540=CARTESIAN_POINT('',(4683.558493331,-319.30080123,16.299466436));
#3541=CARTESIAN_POINT('',(4683.5585175,-319.300826309,16.364689549));
#3542=CARTESIAN_POINT('',(4683.554008219,-319.296150653,16.430938166));
#3543=CARTESIAN_POINT('',(4683.545157836,-319.286952291,16.495067365));
#3544=CARTESIAN_POINT('',(4683.536307452,-319.27775393,16.559196564));
#3545=CARTESIAN_POINT('',(4683.523216169,-319.2641369,16.621535494));
#3546=CARTESIAN_POINT('',(4683.505891685,-319.246047649,16.682074415));
#3547=CARTESIAN_POINT('',(4683.4885672,-319.227958398,16.742613337));
#3548=CARTESIAN_POINT('',(4683.466926264,-319.205307061,16.801174937));
#3549=CARTESIAN_POINT('',(4683.441981732,-319.179063576,16.855360913));
#3550=CARTESIAN_POINT('',(4683.417037201,-319.152820091,16.909546889));
#3551=CARTESIAN_POINT('',(4683.388615507,-319.122804767,16.960058772));
#3552=CARTESIAN_POINT('',(4683.356636613,-319.088817202,17.006752957));
#3553=CARTESIAN_POINT('',(4683.32465772,-319.054829637,17.053447142));
#3554=CARTESIAN_POINT('',(4683.290075395,-319.017880641,17.094903553));
#3555=CARTESIAN_POINT('',(4683.253211481,-318.97821279,17.131126146));
#3556=CARTESIAN_POINT('',(4683.216347567,-318.938544938,17.167348739));
#3557=CARTESIAN_POINT('',(4683.1767022,-318.895614114,17.198660693));
#3558=CARTESIAN_POINT('',(4683.135769334,-318.850938657,17.223775049));
#3559=CARTESIAN_POINT('',(4683.094836468,-318.806263201,17.248889405));
#3560=CARTESIAN_POINT('',(4683.052890527,-318.760149508,17.267811044));
#3561=CARTESIAN_POINT('',(4683.00997468,-318.712585989,17.280612428));
#3562=CARTESIAN_POINT('',(4682.967058833,-318.66502247,17.293413813));
#3563=CARTESIAN_POINT('',(4682.922852144,-318.615640517,17.299976715));
#3564=CARTESIAN_POINT('',(4682.879520675,-318.566838577,17.299999937));
#3565=CARTESIAN_POINT('',(4682.792857738,-318.469234698,17.30004638));
#3566=CARTESIAN_POINT('',(4682.706336081,-318.370124106,17.27389214));
#3567=CARTESIAN_POINT('',(4682.627817381,-318.278862061,17.224118988));
#3568=CARTESIAN_POINT('',(4682.549298681,-318.187600016,17.174345836));
#3569=CARTESIAN_POINT('',(4682.477163255,-318.102338707,17.099902345));
#3570=CARTESIAN_POINT('',(4682.417879357,-318.031558859,17.007792005));
#3571=CARTESIAN_POINT('',(4682.388237408,-317.996168936,16.961736836));
#3572=CARTESIAN_POINT('',(4682.361192138,-317.963672692,16.910356836));
#3573=CARTESIAN_POINT('',(4682.337971546,-317.935660606,16.855994107));
#3574=CARTESIAN_POINT('',(4682.314750953,-317.90764852,16.801631378));
#3575=CARTESIAN_POINT('',(4682.29517223,-317.883905775,16.744225867));
#3576=CARTESIAN_POINT('',(4682.279198713,-317.864487742,16.683767096));
#3577=CARTESIAN_POINT('',(4682.263225197,-317.845069709,16.623308324));
#3578=CARTESIAN_POINT('',(4682.250967099,-317.830109956,16.559719156));
#3579=CARTESIAN_POINT('',(4682.24287617,-317.820227322,16.495803156));
#3580=CARTESIAN_POINT('',(4682.234785242,-317.810344687,16.431887155));
#3581=CARTESIAN_POINT('',(4682.230652499,-317.805284757,16.366968445));
#3582=CARTESIAN_POINT('',(4682.230610284,-317.80523311,16.301010474));
#3583=CARTESIAN_POINT('',(4682.230525854,-317.805129817,16.169094531));
#3584=CARTESIAN_POINT('',(4682.24686698,-317.825181695,16.039254408));
#3585=CARTESIAN_POINT('',(4682.27874379,-317.863934702,15.917959343));
#3586=CARTESIAN_POINT('',(4682.294682194,-317.883311206,15.85731181));
#3587=CARTESIAN_POINT('',(4682.314213879,-317.90699827,15.799843211));
#3588=CARTESIAN_POINT('',(4682.337332519,-317.934889687,15.745504902));
#3589=CARTESIAN_POINT('',(4682.360451159,-317.962781103,15.691166593));
#3590=CARTESIAN_POINT('',(4682.387454864,-317.995230931,15.639646895));
#3591=CARTESIAN_POINT('',(4682.417076915,-318.030600763,15.593457004));
#3592=CARTESIAN_POINT('',(4682.446698966,-318.065970595,15.547267113));
#3593=CARTESIAN_POINT('',(4682.479099652,-318.104457178,15.505852646));
#3594=CARTESIAN_POINT('',(4682.514386437,-318.146067203,15.46929863));
#3595=CARTESIAN_POINT('',(4682.549673223,-318.187677227,15.432744614));
#3596=CARTESIAN_POINT('',(4682.587541881,-318.232043848,15.401537682));
#3597=CARTESIAN_POINT('',(4682.626770713,-318.277645441,15.376546154));
#3598=CARTESIAN_POINT('',(4682.705228377,-318.368848628,15.326563099));
#3599=CARTESIAN_POINT('',(4682.791548348,-318.467757108,15.3));
#3600=CARTESIAN_POINT('',(4682.87928443,-318.566572503,15.3));
#3601=B_SPLINE_CURVE_WITH_KNOTS('',3,(#3522,#3523,#3524,#3525,#3526,#3527,#3528,#3529,#3530,#3531,#3532,#3533,#3534,#3535,#3536,#3537,#3538,#3539,#3540,#3541,#3542,#3543,#3544,#3545,#3546,#3547,
#3548,#3549,#3550,#3551,#3552,#3553,#3554,#3555,#3556,#3557,#3558,#3559,#3560,#3561,#3562,#3563,#3564,#3565,#3566,#3567,#3568,#3569,#3570,#3571,#3572,
#3573,#3574,#3575,#3576,#3577,#3578,#3579,#3580,#3581,#3582,#3583,#3584,#3585,#3586,#3587,#3588,#3589,#3590,#3591,#3592,#3593,#3594,#3595,#3596,#3597,
#3598,#3599,#3600),.UNSPECIFIED.,.T.,.F.,(4,3,3,3,3,3,3,3,3,3,3,3,3,3,3,3,3,3,3,3,3,3,3,3,3,3,
4),(0.,0.000195402,0.000390803,0.000586205,0.000781607,0.00117241,0.001563213,0.001758615,0.001954016,0.002149418,0.00234482,0.002540221,0.002735623,0.002931025,0.003126426,0.00351723,0.003908033,0.004103434,0.004298836,0.004494238,0.004689639,0.005080443,0.005275844,0.005471246,0.005666648,0.005862049,
0.006252853),.UNSPECIFIED.);
#3602=EDGE_CURVE('',#3521,#3469,#3601,.T.);
#3603=ORIENTED_EDGE('',*,*,#3602,.F.);
#3604=CARTESIAN_POINT('',(4682.87928443,-318.566572503,27.9));
#3605=VERTEX_POINT('',#3604);
#3606=CARTESIAN_POINT('',(4682.87928443,-318.566572503,27.9));
#3607=DIRECTION('',(-0.,0.,-1.));
#3608=VECTOR('',#3607,10.600000002);
#3609=LINE('',#3606,#3608);
#3610=EDGE_CURVE('',#3605,#3521,#3609,.T.);
#3611=ORIENTED_EDGE('',*,*,#3610,.F.);
#3612=CARTESIAN_POINT('',(4701.2,-302.3,27.9));
#3613=DIRECTION('',(-0.,0.,-1.));
#3614=DIRECTION('',(-0.747784309,-0.663941735,0.));
#3615=AXIS2_PLACEMENT_3D('',#3612,#3613,#3614);
#3616=CIRCLE('',#3615,24.5);
#3617=EDGE_CURVE('',#3605,#3605,#3616,.T.);
#3618=ORIENTED_EDGE('',*,*,#3617,.T.);
#3619=ORIENTED_EDGE('',*,*,#3610,.T.);
#3620=CARTESIAN_POINT('',(4682.87928443,-318.566572503,15.3));
#3621=CARTESIAN_POINT('',(4682.923152524,-318.615980261,15.3));
#3622=CARTESIAN_POINT('',(4682.966486361,-318.66438403,15.306483919));
#3623=CARTESIAN_POINT('',(4683.009296923,-318.711834801,15.319185941));
#3624=CARTESIAN_POINT('',(4683.052107484,-318.759285572,15.331887963));
#3625=CARTESIAN_POINT('',(4683.094843456,-318.806270738,15.351116762));
#3626=CARTESIAN_POINT('',(4683.135752554,-318.850920343,15.376214656));
#3627=CARTESIAN_POINT('',(4683.176661652,-318.895569949,15.40131255));
#3628=CARTESIAN_POINT('',(4683.215633673,-318.937773983,15.432028474));
#3629=CARTESIAN_POINT('',(4683.252639404,-318.977597178,15.468312333));
#3630=CARTESIAN_POINT('',(4683.289645135,-319.017420373,15.504596191));
#3631=CARTESIAN_POINT('',(4683.324822231,-319.055003685,15.546830289));
#3632=CARTESIAN_POINT('',(4683.356438655,-319.088606808,15.59295811));
#3633=CARTESIAN_POINT('',(4683.419671505,-319.155813053,15.68521375));
#3634=CARTESIAN_POINT('',(4683.471132047,-319.209752574,15.796767398));
#3635=CARTESIAN_POINT('',(4683.50565314,-319.245798571,15.917093068));
#3636=CARTESIAN_POINT('',(4683.540174233,-319.281844568,16.037418738));
#3637=CARTESIAN_POINT('',(4683.558444995,-319.300751071,16.169020211));
#3638=CARTESIAN_POINT('',(4683.558493331,-319.30080123,16.299466436));
#3639=CARTESIAN_POINT('',(4683.5585175,-319.300826309,16.364689549));
#3640=CARTESIAN_POINT('',(4683.554008219,-319.296150653,16.430938166));
#3641=CARTESIAN_POINT('',(4683.545157836,-319.286952291,16.495067365));
#3642=CARTESIAN_POINT('',(4683.536307452,-319.27775393,16.559196564));
#3643=CARTESIAN_POINT('',(4683.523216169,-319.2641369,16.621535494));
#3644=CARTESIAN_POINT('',(4683.505891685,-319.246047649,16.682074415));
#3645=CARTESIAN_POINT('',(4683.4885672,-319.227958398,16.742613337));
#3646=CARTESIAN_POINT('',(4683.466926264,-319.205307061,16.801174937));
#3647=CARTESIAN_POINT('',(4683.441981732,-319.179063576,16.855360913));
#3648=CARTESIAN_POINT('',(4683.417037201,-319.152820091,16.909546889));
#3649=CARTESIAN_POINT('',(4683.388615507,-319.122804767,16.960058772));
#3650=CARTESIAN_POINT('',(4683.356636613,-319.088817202,17.006752957));
#3651=CARTESIAN_POINT('',(4683.32465772,-319.054829637,17.053447142));
#3652=CARTESIAN_POINT('',(4683.290075395,-319.017880641,17.094903553));
#3653=CARTESIAN_POINT('',(4683.253211481,-318.97821279,17.131126146));
#3654=CARTESIAN_POINT('',(4683.216347567,-318.938544938,17.167348739));
#3655=CARTESIAN_POINT('',(4683.1767022,-318.895614114,17.198660693));
#3656=CARTESIAN_POINT('',(4683.135769334,-318.850938657,17.223775049));
#3657=CARTESIAN_POINT('',(4683.094836468,-318.806263201,17.248889405));
#3658=CARTESIAN_POINT('',(4683.052890527,-318.760149508,17.267811044));
#3659=CARTESIAN_POINT('',(4683.00997468,-318.712585989,17.280612428));
#3660=CARTESIAN_POINT('',(4682.967058833,-318.66502247,17.293413813));
#3661=CARTESIAN_POINT('',(4682.922852144,-318.615640517,17.299976715));
#3662=CARTESIAN_POINT('',(4682.879520675,-318.566838577,17.299999937));
#3663=CARTESIAN_POINT('',(4682.792857738,-318.469234698,17.30004638));
#3664=CARTESIAN_POINT('',(4682.706336081,-318.370124106,17.27389214));
#3665=CARTESIAN_POINT('',(4682.627817381,-318.278862061,17.224118988));
#3666=CARTESIAN_POINT('',(4682.549298681,-318.187600016,17.174345836));
#3667=CARTESIAN_POINT('',(4682.477163255,-318.102338707,17.099902345));
#3668=CARTESIAN_POINT('',(4682.417879357,-318.031558859,17.007792005));
#3669=CARTESIAN_POINT('',(4682.388237408,-317.996168936,16.961736836));
#3670=CARTESIAN_POINT('',(4682.361192138,-317.963672692,16.910356836));
#3671=CARTESIAN_POINT('',(4682.337971546,-317.935660606,16.855994107));
#3672=CARTESIAN_POINT('',(4682.314750953,-317.90764852,16.801631378));
#3673=CARTESIAN_POINT('',(4682.29517223,-317.883905775,16.744225867));
#3674=CARTESIAN_POINT('',(4682.279198713,-317.864487742,16.683767096));
#3675=CARTESIAN_POINT('',(4682.263225197,-317.845069709,16.623308324));
#3676=CARTESIAN_POINT('',(4682.250967099,-317.830109956,16.559719156));
#3677=CARTESIAN_POINT('',(4682.24287617,-317.820227322,16.495803156));
#3678=CARTESIAN_POINT('',(4682.234785242,-317.810344687,16.431887155));
#3679=CARTESIAN_POINT('',(4682.230652499,-317.805284757,16.366968445));
#3680=CARTESIAN_POINT('',(4682.230610284,-317.80523311,16.301010474));
#3681=CARTESIAN_POINT('',(4682.230525854,-317.805129817,16.169094531));
#3682=CARTESIAN_POINT('',(4682.24686698,-317.825181695,16.039254408));
#3683=CARTESIAN_POINT('',(4682.27874379,-317.863934702,15.917959343));
#3684=CARTESIAN_POINT('',(4682.294682194,-317.883311206,15.85731181));
#3685=CARTESIAN_POINT('',(4682.314213879,-317.90699827,15.799843211));
#3686=CARTESIAN_POINT('',(4682.337332519,-317.934889687,15.745504902));
#3687=CARTESIAN_POINT('',(4682.360451159,-317.962781103,15.691166593));
#3688=CARTESIAN_POINT('',(4682.387454864,-317.995230931,15.639646895));
#3689=CARTESIAN_POINT('',(4682.417076915,-318.030600763,15.593457004));
#3690=CARTESIAN_POINT('',(4682.446698966,-318.065970595,15.547267113));
#3691=CARTESIAN_POINT('',(4682.479099652,-318.104457178,15.505852646));
#3692=CARTESIAN_POINT('',(4682.514386437,-318.146067203,15.46929863));
#3693=CARTESIAN_POINT('',(4682.549673223,-318.187677227,15.432744614));
#3694=CARTESIAN_POINT('',(4682.587541881,-318.232043848,15.401537682));
#3695=CARTESIAN_POINT('',(4682.626770713,-318.277645441,15.376546154));
#3696=CARTESIAN_POINT('',(4682.705228377,-318.368848628,15.326563099));
#3697=CARTESIAN_POINT('',(4682.791548348,-318.467757108,15.3));
#3698=CARTESIAN_POINT('',(4682.87928443,-318.566572503,15.3));
#3699=B_SPLINE_CURVE_WITH_KNOTS('',3,(#3620,#3621,#3622,#3623,#3624,#3625,#3626,#3627,#3628,#3629,#3630,#3631,#3632,#3633,#3634,#3635,#3636,#3637,#3638,#3639,#3640,#3641,#3642,#3643,#3644,#3645,
#3646,#3647,#3648,#3649,#3650,#3651,#3652,#3653,#3654,#3655,#3656,#3657,#3658,#3659,#3660,#3661,#3662,#3663,#3664,#3665,#3666,#3667,#3668,#3669,#3670,
#3671,#3672,#3673,#3674,#3675,#3676,#3677,#3678,#3679,#3680,#3681,#3682,#3683,#3684,#3685,#3686,#3687,#3688,#3689,#3690,#3691,#3692,#3693,#3694,#3695,
#3696,#3697,#3698),.UNSPECIFIED.,.T.,.F.,(4,3,3,3,3,3,3,3,3,3,3,3,3,3,3,3,3,3,3,3,3,3,3,3,3,3,
4),(0.,0.000195402,0.000390803,0.000586205,0.000781607,0.00117241,0.001563213,0.001758615,0.001954016,0.002149418,0.00234482,0.002540221,0.002735623,0.002931025,0.003126426,0.00351723,0.003908033,0.004103434,0.004298836,0.004494238,0.004689639,0.005080443,0.005275844,0.005471246,0.005666648,0.005862049,
0.006252853),.UNSPECIFIED.);
#3700=EDGE_CURVE('',#3469,#3521,#3699,.T.);
#3701=ORIENTED_EDGE('',*,*,#3700,.F.);
#3702=EDGE_LOOP('',(#3477,#3486,#3494,#3503,#3511,#3518,#3519,#3603,#3611,#3618,#3619,#3701));
#3703=FACE_BOUND('',#3702,.T.);
#3704=CARTESIAN_POINT('',(4719.52071557,-286.033427497,17.3));
#3705=VERTEX_POINT('',#3704);
#3706=CARTESIAN_POINT('',(4719.52071557,-286.033427497,17.3));
#3707=CARTESIAN_POINT('',(4719.564583664,-286.082835255,17.3));
#3708=CARTESIAN_POINT('',(4719.607518064,-286.131593676,17.293516081));
#3709=CARTESIAN_POINT('',(4719.6495681,-286.179719701,17.280814059));
#3710=CARTESIAN_POINT('',(4719.691618137,-286.227845726,17.268112037));
#3711=CARTESIAN_POINT('',(4719.73321467,-286.275842576,17.248883238));
#3712=CARTESIAN_POINT('',(4719.772708294,-286.32174895,17.223785344));
#3713=CARTESIAN_POINT('',(4719.812201918,-286.367655324,17.19868745));
#3714=CARTESIAN_POINT('',(4719.849496441,-286.411348773,17.167971526));
#3715=CARTESIAN_POINT('',(4719.884659596,-286.452807952,17.131687667));
#3716=CARTESIAN_POINT('',(4719.91982275,-286.494267132,17.095403809));
#3717=CARTESIAN_POINT('',(4719.95297821,-286.533645411,17.053169711));
#3718=CARTESIAN_POINT('',(4719.98260291,-286.569016943,17.00704189));
#3719=CARTESIAN_POINT('',(4720.04185231,-286.639760009,16.91478625));
#3720=CARTESIAN_POINT('',(4720.089321649,-286.697243235,16.803232602));
#3721=CARTESIAN_POINT('',(4720.121028246,-286.735788163,16.682906932));
#3722=CARTESIAN_POINT('',(4720.152734843,-286.77433309,16.562581262));
#3723=CARTESIAN_POINT('',(4720.169345865,-286.794713241,16.430979789));
#3724=CARTESIAN_POINT('',(4720.169389949,-286.794767175,16.300533564));
#3725=CARTESIAN_POINT('',(4720.169411992,-286.794794142,16.235310451));
#3726=CARTESIAN_POINT('',(4720.165302934,-286.789763136,16.169061834));
#3727=CARTESIAN_POINT('',(4720.157216789,-286.779886224,16.104932635));
#3728=CARTESIAN_POINT('',(4720.149130644,-286.770009311,16.040803436));
#3729=CARTESIAN_POINT('',(4720.137158856,-286.755398306,15.978464506));
#3730=CARTESIAN_POINT('',(4720.121247338,-286.736054512,15.917925585));
#3731=CARTESIAN_POINT('',(4720.105335821,-286.716710718,15.857386663));
#3732=CARTESIAN_POINT('',(4720.085405193,-286.692540833,15.798825063));
#3733=CARTESIAN_POINT('',(4720.062298692,-286.6646654,15.744639087));
#3734=CARTESIAN_POINT('',(4720.039192191,-286.636789968,15.690453111));
#3735=CARTESIAN_POINT('',(4720.012751932,-286.60501537,15.639941228));
#3736=CARTESIAN_POINT('',(4719.982788395,-286.569238413,15.593247043));
#3737=CARTESIAN_POINT('',(4719.952824858,-286.533461456,15.546552858));
#3738=CARTESIAN_POINT('',(4719.920228857,-286.494748846,15.505096447));
#3739=CARTESIAN_POINT('',(4719.885203167,-286.453448874,15.468873854));
#3740=CARTESIAN_POINT('',(4719.850177478,-286.412148902,15.432651261));
#3741=CARTESIAN_POINT('',(4719.812240974,-286.367700815,15.401339307));
#3742=CARTESIAN_POINT('',(4719.772724493,-286.321767779,15.376224951));
#3743=CARTESIAN_POINT('',(4719.733208013,-286.275834744,15.351110595));
#3744=CARTESIAN_POINT('',(4719.692383317,-286.228725523,15.332188956));
#3745=CARTESIAN_POINT('',(4719.650233787,-286.180481607,15.319387572));
#3746=CARTESIAN_POINT('',(4719.608084257,-286.132237691,15.306586187));
#3747=CARTESIAN_POINT('',(4719.564281863,-286.082496773,15.300023285));
#3748=CARTESIAN_POINT('',(4719.520951811,-286.033693575,15.300000063));
#3749=CARTESIAN_POINT('',(4719.434291709,-285.936087178,15.29995362));
#3750=CARTESIAN_POINT('',(4719.346118764,-285.83844273,15.32610786));
#3751=CARTESIAN_POINT('',(4719.264791941,-285.749673957,15.375881012));
#3752=CARTESIAN_POINT('',(4719.183465119,-285.660905185,15.425654164));
#3753=CARTESIAN_POINT('',(4719.107341307,-285.579185077,15.500097655));
#3754=CARTESIAN_POINT('',(4719.044076017,-285.511940223,15.592207995));
#3755=CARTESIAN_POINT('',(4719.012443373,-285.478317795,15.638263164));
#3756=CARTESIAN_POINT('',(4718.983376716,-285.447616298,15.689643164));
#3757=CARTESIAN_POINT('',(4718.958309996,-285.421243349,15.744005893));
#3758=CARTESIAN_POINT('',(4718.933243276,-285.3948704,15.798368622));
#3759=CARTESIAN_POINT('',(4718.911984824,-285.372619051,15.855774133));
#3760=CARTESIAN_POINT('',(4718.894593961,-285.354459449,15.916232904));
#3761=CARTESIAN_POINT('',(4718.877203098,-285.336299848,15.976691676));
#3762=CARTESIAN_POINT('',(4718.863799408,-285.322357242,16.040280844));
#3763=CARTESIAN_POINT('',(4718.854943909,-285.313153454,16.104196844));
#3764=CARTESIAN_POINT('',(4718.846088409,-285.303949665,16.168112845));
#3765=CARTESIAN_POINT('',(4718.841553211,-285.299247067,16.233031555));
#3766=CARTESIAN_POINT('',(4718.841506924,-285.299199035,16.298989526));
#3767=CARTESIAN_POINT('',(4718.84141435,-285.299102973,16.430905469));
#3768=CARTESIAN_POINT('',(4718.859391092,-285.317702623,16.560745592));
#3769=CARTESIAN_POINT('',(4718.894098655,-285.353942264,16.682040657));
#3770=CARTESIAN_POINT('',(4718.911452437,-285.372062085,16.74268819));
#3771=CARTESIAN_POINT('',(4718.932661167,-285.394260136,16.800156789));
#3772=CARTESIAN_POINT('',(4718.957620133,-285.420517567,16.854495098));
#3773=CARTESIAN_POINT('',(4718.982579099,-285.446774997,16.908833407));
#3774=CARTESIAN_POINT('',(4719.011604586,-285.477429727,16.960353105));
#3775=CARTESIAN_POINT('',(4719.043219635,-285.511030018,17.006542996));
#3776=CARTESIAN_POINT('',(4719.074834685,-285.544630309,17.052732887));
#3777=CARTESIAN_POINT('',(4719.10921569,-285.58135861,17.094147354));
#3778=CARTESIAN_POINT('',(4719.146356572,-285.621322421,17.13070137));
#3779=CARTESIAN_POINT('',(4719.183497455,-285.661286232,17.167255386));
#3780=CARTESIAN_POINT('',(4719.223069959,-285.704140044,17.198462318));
#3781=CARTESIAN_POINT('',(4719.26370776,-285.748490644,17.223453846));
#3782=CARTESIAN_POINT('',(4719.344983363,-285.837191844,17.273436901));
#3783=CARTESIAN_POINT('',(4719.432979489,-285.934612102,17.3));
#3784=CARTESIAN_POINT('',(4719.52071557,-286.033427497,17.3));
#3785=B_SPLINE_CURVE_WITH_KNOTS('',3,(#3706,#3707,#3708,#3709,#3710,#3711,#3712,#3713,#3714,#3715,#3716,#3717,#3718,#3719,#3720,#3721,#3722,#3723,#3724,#3725,#3726,#3727,#3728,#3729,#3730,#3731,
#3732,#3733,#3734,#3735,#3736,#3737,#3738,#3739,#3740,#3741,#3742,#3743,#3744,#3745,#3746,#3747,#3748,#3749,#3750,#3751,#3752,#3753,#3754,#3755,#3756,
#3757,#3758,#3759,#3760,#3761,#3762,#3763,#3764,#3765,#3766,#3767,#3768,#3769,#3770,#3771,#3772,#3773,#3774,#3775,#3776,#3777,#3778,#3779,#3780,#3781,
#3782,#3783,#3784),.UNSPECIFIED.,.T.,.F.,(4,3,3,3,3,3,3,3,3,3,3,3,3,3,3,3,3,3,3,3,3,3,3,3,3,3,
4),(0.,0.000195402,0.000390803,0.000586205,0.000781607,0.00117241,0.001563213,0.001758615,0.001954016,0.002149418,0.00234482,0.002540221,0.002735623,0.002931025,0.003126426,0.00351723,0.003908033,0.004103434,0.004298836,0.004494238,0.004689639,0.005080443,0.005275844,0.005471246,0.005666648,0.005862049,
0.006252853),.UNSPECIFIED.);
#3786=EDGE_CURVE('',#3705,#3705,#3785,.T.);
#3787=ORIENTED_EDGE('',*,*,#3786,.F.);
#3788=EDGE_LOOP('',(#3787));
#3789=FACE_BOUND('',#3788,.T.);
#3790=CARTESIAN_POINT('',(4684.933427497,-283.97928443,17.3));
#3791=VERTEX_POINT('',#3790);
#3792=CARTESIAN_POINT('',(4684.933427497,-283.97928443,17.3));
#3793=CARTESIAN_POINT('',(4684.982835255,-283.935416336,17.3));
#3794=CARTESIAN_POINT('',(4685.031593676,-283.892481936,17.293516081));
#3795=CARTESIAN_POINT('',(4685.079719701,-283.8504319,17.280814059));
#3796=CARTESIAN_POINT('',(4685.127845726,-283.808381863,17.268112037));
#3797=CARTESIAN_POINT('',(4685.175842576,-283.76678533,17.248883238));
#3798=CARTESIAN_POINT('',(4685.22174895,-283.727291706,17.223785344));
#3799=CARTESIAN_POINT('',(4685.267655324,-283.687798082,17.19868745));
#3800=CARTESIAN_POINT('',(4685.311348773,-283.650503559,17.167971526));
#3801=CARTESIAN_POINT('',(4685.352807952,-283.615340404,17.131687667));
#3802=CARTESIAN_POINT('',(4685.394267132,-283.58017725,17.095403809));
#3803=CARTESIAN_POINT('',(4685.433645411,-283.54702179,17.053169711));
#3804=CARTESIAN_POINT('',(4685.469016943,-283.51739709,17.00704189));
#3805=CARTESIAN_POINT('',(4685.539760009,-283.45814769,16.91478625));
#3806=CARTESIAN_POINT('',(4685.597243235,-283.410678351,16.803232602));
#3807=CARTESIAN_POINT('',(4685.635788163,-283.378971754,16.682906932));
#3808=CARTESIAN_POINT('',(4685.67433309,-283.347265157,16.562581262));
#3809=CARTESIAN_POINT('',(4685.694713241,-283.330654135,16.430979789));
#3810=CARTESIAN_POINT('',(4685.694767175,-283.330610051,16.300533564));
#3811=CARTESIAN_POINT('',(4685.694794142,-283.330588008,16.235310451));
#3812=CARTESIAN_POINT('',(4685.689763136,-283.334697066,16.169061834));
#3813=CARTESIAN_POINT('',(4685.679886224,-283.342783211,16.104932635));
#3814=CARTESIAN_POINT('',(4685.670009311,-283.350869356,16.040803436));
#3815=CARTESIAN_POINT('',(4685.655398306,-283.362841144,15.978464506));
#3816=CARTESIAN_POINT('',(4685.636054512,-283.378752662,15.917925585));
#3817=CARTESIAN_POINT('',(4685.616710718,-283.394664179,15.857386663));
#3818=CARTESIAN_POINT('',(4685.592540833,-283.414594807,15.798825063));
#3819=CARTESIAN_POINT('',(4685.5646654,-283.437701308,15.744639087));
#3820=CARTESIAN_POINT('',(4685.536789968,-283.460807809,15.690453111));
#3821=CARTESIAN_POINT('',(4685.50501537,-283.487248068,15.639941228));
#3822=CARTESIAN_POINT('',(4685.469238413,-283.517211605,15.593247043));
#3823=CARTESIAN_POINT('',(4685.433461456,-283.547175142,15.546552858));
#3824=CARTESIAN_POINT('',(4685.394748846,-283.579771143,15.505096447));
#3825=CARTESIAN_POINT('',(4685.353448874,-283.614796833,15.468873854));
#3826=CARTESIAN_POINT('',(4685.312148902,-283.649822522,15.432651261));
#3827=CARTESIAN_POINT('',(4685.267700815,-283.687759026,15.401339307));
#3828=CARTESIAN_POINT('',(4685.221767779,-283.727275507,15.376224951));
#3829=CARTESIAN_POINT('',(4685.175834744,-283.766791987,15.351110595));
#3830=CARTESIAN_POINT('',(4685.128725523,-283.807616683,15.332188956));
#3831=CARTESIAN_POINT('',(4685.080481607,-283.849766213,15.319387572));
#3832=CARTESIAN_POINT('',(4685.032237691,-283.891915743,15.306586187));
#3833=CARTESIAN_POINT('',(4684.982496773,-283.935718137,15.300023285));
#3834=CARTESIAN_POINT('',(4684.933693575,-283.979048189,15.300000063));
#3835=CARTESIAN_POINT('',(4684.836087178,-284.065708291,15.29995362));
#3836=CARTESIAN_POINT('',(4684.73844273,-284.153881236,15.32610786));
#3837=CARTESIAN_POINT('',(4684.649673957,-284.235208059,15.375881012));
#3838=CARTESIAN_POINT('',(4684.560905185,-284.316534881,15.425654164));
#3839=CARTESIAN_POINT('',(4684.479185077,-284.392658693,15.500097655));
#3840=CARTESIAN_POINT('',(4684.411940223,-284.455923983,15.592207995));
#3841=CARTESIAN_POINT('',(4684.378317795,-284.487556627,15.638263164));
#3842=CARTESIAN_POINT('',(4684.347616298,-284.516623284,15.689643164));
#3843=CARTESIAN_POINT('',(4684.321243349,-284.541690004,15.744005893));
#3844=CARTESIAN_POINT('',(4684.2948704,-284.566756724,15.798368622));
#3845=CARTESIAN_POINT('',(4684.272619051,-284.588015176,15.855774133));
#3846=CARTESIAN_POINT('',(4684.254459449,-284.605406039,15.916232904));
#3847=CARTESIAN_POINT('',(4684.236299848,-284.622796902,15.976691676));
#3848=CARTESIAN_POINT('',(4684.222357242,-284.636200592,16.040280844));
#3849=CARTESIAN_POINT('',(4684.213153454,-284.645056091,16.104196844));
#3850=CARTESIAN_POINT('',(4684.203949665,-284.653911591,16.168112845));
#3851=CARTESIAN_POINT('',(4684.199247067,-284.658446789,16.233031555));
#3852=CARTESIAN_POINT('',(4684.199199035,-284.658493076,16.298989526));
#3853=CARTESIAN_POINT('',(4684.199102973,-284.65858565,16.430905469));
#3854=CARTESIAN_POINT('',(4684.217702623,-284.640608908,16.560745592));
#3855=CARTESIAN_POINT('',(4684.253942264,-284.605901345,16.682040657));
#3856=CARTESIAN_POINT('',(4684.272062085,-284.588547563,16.74268819));
#3857=CARTESIAN_POINT('',(4684.294260136,-284.567338833,16.800156789));
#3858=CARTESIAN_POINT('',(4684.320517567,-284.542379867,16.854495098));
#3859=CARTESIAN_POINT('',(4684.346774997,-284.517420901,16.908833407));
#3860=CARTESIAN_POINT('',(4684.377429727,-284.488395414,16.960353105));
#3861=CARTESIAN_POINT('',(4684.411030018,-284.456780365,17.006542996));
#3862=CARTESIAN_POINT('',(4684.444630309,-284.425165315,17.052732887));
#3863=CARTESIAN_POINT('',(4684.48135861,-284.39078431,17.094147354));
#3864=CARTESIAN_POINT('',(4684.521322421,-284.353643428,17.13070137));
#3865=CARTESIAN_POINT('',(4684.561286232,-284.316502545,17.167255386));
#3866=CARTESIAN_POINT('',(4684.604140044,-284.276930041,17.198462318));
#3867=CARTESIAN_POINT('',(4684.648490644,-284.23629224,17.223453846));
#3868=CARTESIAN_POINT('',(4684.737191844,-284.155016637,17.273436901));
#3869=CARTESIAN_POINT('',(4684.834612102,-284.067020511,17.3));
#3870=CARTESIAN_POINT('',(4684.933427497,-283.97928443,17.3));
#3871=B_SPLINE_CURVE_WITH_KNOTS('',3,(#3792,#3793,#3794,#3795,#3796,#3797,#3798,#3799,#3800,#3801,#3802,#3803,#3804,#3805,#3806,#3807,#3808,#3809,#3810,#3811,#3812,#3813,#3814,#3815,#3816,#3817,
#3818,#3819,#3820,#3821,#3822,#3823,#3824,#3825,#3826,#3827,#3828,#3829,#3830,#3831,#3832,#3833,#3834,#3835,#3836,#3837,#3838,#3839,#3840,#3841,#3842,
#3843,#3844,#3845,#3846,#3847,#3848,#3849,#3850,#3851,#3852,#3853,#3854,#3855,#3856,#3857,#3858,#3859,#3860,#3861,#3862,#3863,#3864,#3865,#3866,#3867,
#3868,#3869,#3870),.UNSPECIFIED.,.T.,.F.,(4,3,3,3,3,3,3,3,3,3,3,3,3,3,3,3,3,3,3,3,3,3,3,3,3,3,
4),(0.,0.000195402,0.000390803,0.000586205,0.000781607,0.00117241,0.001563213,0.001758615,0.001954016,0.002149418,0.00234482,0.002540221,0.002735623,0.002931025,0.003126426,0.00351723,0.003908033,0.004103434,0.004298836,0.004494238,0.004689639,0.005080443,0.005275844,0.005471246,0.005666648,0.005862049,
0.006252853),.UNSPECIFIED.);
#3872=EDGE_CURVE('',#3791,#3791,#3871,.T.);
#3873=ORIENTED_EDGE('',*,*,#3872,.F.);
#3874=EDGE_LOOP('',(#3873));
#3875=FACE_BOUND('',#3874,.T.);
#3876=CARTESIAN_POINT('',(4717.466572503,-320.62071557,17.3));
#3877=VERTEX_POINT('',#3876);
#3878=CARTESIAN_POINT('',(4717.466572503,-320.62071557,17.3));
#3879=CARTESIAN_POINT('',(4717.417164745,-320.664583664,17.3));
#3880=CARTESIAN_POINT('',(4717.368406324,-320.707518064,17.293516081));
#3881=CARTESIAN_POINT('',(4717.320280299,-320.7495681,17.280814059));
#3882=CARTESIAN_POINT('',(4717.272154274,-320.791618137,17.268112037));
#3883=CARTESIAN_POINT('',(4717.224157424,-320.83321467,17.248883238));
#3884=CARTESIAN_POINT('',(4717.17825105,-320.872708294,17.223785344));
#3885=CARTESIAN_POINT('',(4717.132344676,-320.912201918,17.19868745));
#3886=CARTESIAN_POINT('',(4717.088651227,-320.949496441,17.167971526));
#3887=CARTESIAN_POINT('',(4717.047192048,-320.984659596,17.131687667));
#3888=CARTESIAN_POINT('',(4717.005732868,-321.01982275,17.095403809));
#3889=CARTESIAN_POINT('',(4716.966354589,-321.05297821,17.053169711));
#3890=CARTESIAN_POINT('',(4716.930983057,-321.08260291,17.00704189));
#3891=CARTESIAN_POINT('',(4716.860239991,-321.14185231,16.91478625));
#3892=CARTESIAN_POINT('',(4716.802756765,-321.189321649,16.803232602));
#3893=CARTESIAN_POINT('',(4716.764211837,-321.221028246,16.682906932));
#3894=CARTESIAN_POINT('',(4716.72566691,-321.252734843,16.562581262));
#3895=CARTESIAN_POINT('',(4716.705286759,-321.269345865,16.430979789));
#3896=CARTESIAN_POINT('',(4716.705232825,-321.269389949,16.300533564));
#3897=CARTESIAN_POINT('',(4716.705205858,-321.269411992,16.235310451));
#3898=CARTESIAN_POINT('',(4716.710236864,-321.265302934,16.169061834));
#3899=CARTESIAN_POINT('',(4716.720113776,-321.257216789,16.104932635));
#3900=CARTESIAN_POINT('',(4716.729990689,-321.249130644,16.040803436));
#3901=CARTESIAN_POINT('',(4716.744601694,-321.237158856,15.978464506));
#3902=CARTESIAN_POINT('',(4716.763945488,-321.221247338,15.917925585));
#3903=CARTESIAN_POINT('',(4716.783289282,-321.205335821,15.857386663));
#3904=CARTESIAN_POINT('',(4716.807459167,-321.185405193,15.798825063));
#3905=CARTESIAN_POINT('',(4716.8353346,-321.162298692,15.744639087));
#3906=CARTESIAN_POINT('',(4716.863210032,-321.139192191,15.690453111));
#3907=CARTESIAN_POINT('',(4716.89498463,-321.112751932,15.639941228));
#3908=CARTESIAN_POINT('',(4716.930761587,-321.082788395,15.593247043));
#3909=CARTESIAN_POINT('',(4716.966538544,-321.052824858,15.546552858));
#3910=CARTESIAN_POINT('',(4717.005251154,-321.020228857,15.505096447));
#3911=CARTESIAN_POINT('',(4717.046551126,-320.985203167,15.468873854));
#3912=CARTESIAN_POINT('',(4717.087851098,-320.950177478,15.432651261));
#3913=CARTESIAN_POINT('',(4717.132299185,-320.912240974,15.401339307));
#3914=CARTESIAN_POINT('',(4717.178232221,-320.872724493,15.376224951));
#3915=CARTESIAN_POINT('',(4717.224165256,-320.833208013,15.351110595));
#3916=CARTESIAN_POINT('',(4717.271274477,-320.792383317,15.332188956));
#3917=CARTESIAN_POINT('',(4717.319518393,-320.750233787,15.319387572));
#3918=CARTESIAN_POINT('',(4717.367762309,-320.708084257,15.306586187));
#3919=CARTESIAN_POINT('',(4717.417503227,-320.664281863,15.300023285));
#3920=CARTESIAN_POINT('',(4717.466306425,-320.620951811,15.300000063));
#3921=CARTESIAN_POINT('',(4717.563912822,-320.534291709,15.29995362));
#3922=CARTESIAN_POINT('',(4717.66155727,-320.446118764,15.32610786));
#3923=CARTESIAN_POINT('',(4717.750326043,-320.364791941,15.375881012));
#3924=CARTESIAN_POINT('',(4717.839094815,-320.283465119,15.425654164));
#3925=CARTESIAN_POINT('',(4717.920814923,-320.207341307,15.500097655));
#3926=CARTESIAN_POINT('',(4717.988059777,-320.144076017,15.592207995));
#3927=CARTESIAN_POINT('',(4718.021682205,-320.112443373,15.638263164));
#3928=CARTESIAN_POINT('',(4718.052383702,-320.083376716,15.689643164));
#3929=CARTESIAN_POINT('',(4718.078756651,-320.058309996,15.744005893));
#3930=CARTESIAN_POINT('',(4718.1051296,-320.033243276,15.798368622));
#3931=CARTESIAN_POINT('',(4718.127380949,-320.011984824,15.855774133));
#3932=CARTESIAN_POINT('',(4718.145540551,-319.994593961,15.916232904));
#3933=CARTESIAN_POINT('',(4718.163700152,-319.977203098,15.976691676));
#3934=CARTESIAN_POINT('',(4718.177642758,-319.963799408,16.040280844));
#3935=CARTESIAN_POINT('',(4718.186846546,-319.954943909,16.104196844));
#3936=CARTESIAN_POINT('',(4718.196050335,-319.946088409,16.168112845));
#3937=CARTESIAN_POINT('',(4718.200752933,-319.941553211,16.233031555));
#3938=CARTESIAN_POINT('',(4718.200800965,-319.941506924,16.298989526));
#3939=CARTESIAN_POINT('',(4718.200897027,-319.94141435,16.430905469));
#3940=CARTESIAN_POINT('',(4718.182297377,-319.959391092,16.560745592));
#3941=CARTESIAN_POINT('',(4718.146057736,-319.994098655,16.682040657));
#3942=CARTESIAN_POINT('',(4718.127937915,-320.011452437,16.74268819));
#3943=CARTESIAN_POINT('',(4718.105739864,-320.032661167,16.800156789));
#3944=CARTESIAN_POINT('',(4718.079482433,-320.057620133,16.854495098));
#3945=CARTESIAN_POINT('',(4718.053225003,-320.082579099,16.908833407));
#3946=CARTESIAN_POINT('',(4718.022570273,-320.111604586,16.960353105));
#3947=CARTESIAN_POINT('',(4717.988969982,-320.143219635,17.006542996));
#3948=CARTESIAN_POINT('',(4717.955369691,-320.174834685,17.052732887));
#3949=CARTESIAN_POINT('',(4717.91864139,-320.20921569,17.094147354));
#3950=CARTESIAN_POINT('',(4717.878677579,-320.246356572,17.13070137));
#3951=CARTESIAN_POINT('',(4717.838713768,-320.283497455,17.167255386));
#3952=CARTESIAN_POINT('',(4717.795859956,-320.323069959,17.198462318));
#3953=CARTESIAN_POINT('',(4717.751509356,-320.36370776,17.223453846));
#3954=CARTESIAN_POINT('',(4717.662808156,-320.444983363,17.273436901));
#3955=CARTESIAN_POINT('',(4717.565387898,-320.532979489,17.3));
#3956=CARTESIAN_POINT('',(4717.466572503,-320.62071557,17.3));
#3957=B_SPLINE_CURVE_WITH_KNOTS('',3,(#3878,#3879,#3880,#3881,#3882,#3883,#3884,#3885,#3886,#3887,#3888,#3889,#3890,#3891,#3892,#3893,#3894,#3895,#3896,#3897,#3898,#3899,#3900,#3901,#3902,#3903,
#3904,#3905,#3906,#3907,#3908,#3909,#3910,#3911,#3912,#3913,#3914,#3915,#3916,#3917,#3918,#3919,#3920,#3921,#3922,#3923,#3924,#3925,#3926,#3927,#3928,
#3929,#3930,#3931,#3932,#3933,#3934,#3935,#3936,#3937,#3938,#3939,#3940,#3941,#3942,#3943,#3944,#3945,#3946,#3947,#3948,#3949,#3950,#3951,#3952,#3953,
#3954,#3955,#3956),.UNSPECIFIED.,.T.,.F.,(4,3,3,3,3,3,3,3,3,3,3,3,3,3,3,3,3,3,3,3,3,3,3,3,3,3,
4),(0.,0.000195402,0.000390803,0.000586205,0.000781607,0.00117241,0.001563213,0.001758615,0.001954016,0.002149418,0.00234482,0.002540221,0.002735623,0.002931025,0.003126426,0.00351723,0.003908033,0.004103434,0.004298836,0.004494238,0.004689639,0.005080443,0.005275844,0.005471246,0.005666648,0.005862049,
0.006252853),.UNSPECIFIED.);
#3958=EDGE_CURVE('',#3877,#3877,#3957,.T.);
#3959=ORIENTED_EDGE('',*,*,#3958,.F.);
#3960=EDGE_LOOP('',(#3959));
#3961=FACE_BOUND('',#3960,.T.);
#3962=ADVANCED_FACE('',(#3703,#3789,#3875,#3961),#3467,.T.);
#3963=CARTESIAN_POINT('',(4701.2,-302.3,9.9));
#3964=DIRECTION('',(0.,-0.,1.));
#3965=DIRECTION('',(-0.747784309,-0.663941735,0.));
#3966=AXIS2_PLACEMENT_3D('',#3963,#3964,#3965);
#3967=CYLINDRICAL_SURFACE('',#3966,22.5);
#3968=CARTESIAN_POINT('',(4684.374853048,-317.238689033,15.3));
#3969=VERTEX_POINT('',#3968);
#3970=CARTESIAN_POINT('',(4684.374853048,-317.238689033,13.5));
#3971=VERTEX_POINT('',#3970);
#3972=CARTESIAN_POINT('',(4684.374853048,-317.238689033,15.3));
#3973=DIRECTION('',(-0.,0.,-1.));
#3974=VECTOR('',#3973,1.8);
#3975=LINE('',#3972,#3974);
#3976=EDGE_CURVE('',#3969,#3971,#3975,.T.);
#3977=ORIENTED_EDGE('',*,*,#3976,.F.);
#3978=CARTESIAN_POINT('',(4684.374853048,-317.238689033,17.299999998));
#3979=VERTEX_POINT('',#3978);
#3980=CARTESIAN_POINT('',(4684.374853048,-317.238689033,15.3));
#3981=CARTESIAN_POINT('',(4684.418722046,-317.28809781,15.3));
#3982=CARTESIAN_POINT('',(4684.462074365,-317.336486622,15.306484182));
#3983=CARTESIAN_POINT('',(4684.504919313,-317.38390801,15.319186598));
#3984=CARTESIAN_POINT('',(4684.547764261,-317.431329398,15.331889015));
#3985=CARTESIAN_POINT('',(4684.590551403,-317.478270144,15.351118449));
#3986=CARTESIAN_POINT('',(4684.631523215,-317.522863628,15.376216561));
#3987=CARTESIAN_POINT('',(4684.672495028,-317.567457112,15.401314672));
#3988=CARTESIAN_POINT('',(4684.711541293,-317.609594541,15.432030672));
#3989=CARTESIAN_POINT('',(4684.748628635,-317.649344618,15.468314511));
#3990=CARTESIAN_POINT('',(4684.785715976,-317.689094695,15.504598349));
#3991=CARTESIAN_POINT('',(4684.820982014,-317.726597124,15.546831594));
#3992=CARTESIAN_POINT('',(4684.852686308,-317.760120797,15.592958379));
#3993=CARTESIAN_POINT('',(4684.916094897,-317.827168144,15.685211949));
#3994=CARTESIAN_POINT('',(4684.967732804,-317.880949695,15.796763615));
#3995=CARTESIAN_POINT('',(4685.002379471,-317.916884747,15.917088654));
#3996=CARTESIAN_POINT('',(4685.037026138,-317.952819799,16.037413694));
#3997=CARTESIAN_POINT('',(4685.055371756,-317.97166165,16.169016965));
#3998=CARTESIAN_POINT('',(4685.055420327,-317.971711686,16.299465955));
#3999=CARTESIAN_POINT('',(4685.055444612,-317.971736704,16.36469045));
#4000=CARTESIAN_POINT('',(4685.050917271,-317.967076626,16.430940758));
#4001=CARTESIAN_POINT('',(4685.042032655,-317.957908266,16.495070401));
#4002=CARTESIAN_POINT('',(4685.033148038,-317.948739906,16.559200044));
#4003=CARTESIAN_POINT('',(4685.020006625,-317.935166835,16.621539558));
#4004=CARTESIAN_POINT('',(4685.002618764,-317.917132934,16.682079249));
#4005=CARTESIAN_POINT('',(4684.985230902,-317.899099033,16.742618941));
#4006=CARTESIAN_POINT('',(4684.96351418,-317.876515638,16.801178613));
#4007=CARTESIAN_POINT('',(4684.938488114,-317.85034505,16.855363641));
#4008=CARTESIAN_POINT('',(4684.913462048,-317.824174462,16.909548669));
#4009=CARTESIAN_POINT('',(4684.884952341,-317.794237576,16.960060226));
#4010=CARTESIAN_POINT('',(4684.852883456,-317.760329256,17.006754675));
#4011=CARTESIAN_POINT('',(4684.820814572,-317.726420936,17.053449124));
#4012=CARTESIAN_POINT('',(4684.786146846,-317.689553513,17.094901891));
#4013=CARTESIAN_POINT('',(4684.749201656,-317.649958757,17.131124281));
#4014=CARTESIAN_POINT('',(4684.712256466,-317.610364001,17.167346671));
#4015=CARTESIAN_POINT('',(4684.672534223,-317.567499677,17.198659523));
#4016=CARTESIAN_POINT('',(4684.631539285,-317.522881118,17.223773595));
#4017=CARTESIAN_POINT('',(4684.590544347,-317.478262559,17.248887667));
#4018=CARTESIAN_POINT('',(4684.548548622,-317.432193209,17.267809815));
#4019=CARTESIAN_POINT('',(4684.505597757,-317.384658888,17.280611723));
#4020=CARTESIAN_POINT('',(4684.462646892,-317.337124567,17.29341363));
#4021=CARTESIAN_POINT('',(4684.418421498,-317.287757748,17.299976686));
#4022=CARTESIAN_POINT('',(4684.375089581,-317.238955432,17.299999937));
#4023=CARTESIAN_POINT('',(4684.288425747,-317.141350801,17.300046437));
#4024=CARTESIAN_POINT('',(4684.201975417,-317.042172665,17.27389113));
#4025=CARTESIAN_POINT('',(4684.12358157,-316.95079976,17.224117384));
#4026=CARTESIAN_POINT('',(4684.045187722,-316.859426854,17.174343638));
#4027=CARTESIAN_POINT('',(4683.973231752,-316.774010548,17.099901743));
#4028=CARTESIAN_POINT('',(4683.914125292,-316.703073824,17.007791863));
#4029=CARTESIAN_POINT('',(4683.884572061,-316.667605462,16.961736923));
#4030=CARTESIAN_POINT('',(4683.857616702,-316.635029321,16.910356635));
#4031=CARTESIAN_POINT('',(4683.834479087,-316.606945287,16.85599612));
#4032=CARTESIAN_POINT('',(4683.811341472,-316.578861253,16.801635605));
#4033=CARTESIAN_POINT('',(4683.791837347,-316.555051928,16.744230907));
#4034=CARTESIAN_POINT('',(4683.77592639,-316.535577222,16.68377079));
#4035=CARTESIAN_POINT('',(4683.760015434,-316.516102516,16.623310672));
#4036=CARTESIAN_POINT('',(4683.747808563,-316.501097747,16.559723066));
#4037=CARTESIAN_POINT('',(4683.739751505,-316.491184676,16.495807012));
#4038=CARTESIAN_POINT('',(4683.731694448,-316.481271604,16.431890957));
#4039=CARTESIAN_POINT('',(4683.727579231,-316.476195275,16.36697039));
#4040=CARTESIAN_POINT('',(4683.727537277,-316.476143566,16.301008494));
#4041=CARTESIAN_POINT('',(4683.727453369,-316.476040147,16.169084703));
#4042=CARTESIAN_POINT('',(4683.743723625,-316.496159114,16.039244176));
#4043=CARTESIAN_POINT('',(4683.775473766,-316.5350232,15.917953712));
#4044=CARTESIAN_POINT('',(4683.791348836,-316.554455243,15.85730848));
#4045=CARTESIAN_POINT('',(4683.810805643,-316.578208303,15.79984059));
#4046=CARTESIAN_POINT('',(4683.833842824,-316.606172966,15.7455017));
#4047=CARTESIAN_POINT('',(4683.856880005,-316.63413763,15.69116281));
#4048=CARTESIAN_POINT('',(4683.883793333,-316.666666813,15.639644702));
#4049=CARTESIAN_POINT('',(4683.913325495,-316.702113893,15.593456761));
#4050=CARTESIAN_POINT('',(4683.942857658,-316.737560972,15.54726882));
#4051=CARTESIAN_POINT('',(4683.975169795,-316.776125221,15.505854317));
#4052=CARTESIAN_POINT('',(4684.010375194,-316.817809718,15.469299123));
#4053=CARTESIAN_POINT('',(4684.045580592,-316.859494215,15.432743929));
#4054=CARTESIAN_POINT('',(4684.083370023,-316.903924019,15.401539908));
#4055=CARTESIAN_POINT('',(4684.122535832,-316.949580799,15.376548237));
#4056=CARTESIAN_POINT('',(4684.200867449,-317.040894359,15.326564895));
#4057=CARTESIAN_POINT('',(4684.287115175,-317.139871621,15.3));
#4058=CARTESIAN_POINT('',(4684.374853048,-317.238689033,15.3));
#4059=B_SPLINE_CURVE_WITH_KNOTS('',3,(#3980,#3981,#3982,#3983,#3984,#3985,#3986,#3987,#3988,#3989,#3990,#3991,#3992,#3993,#3994,#3995,#3996,#3997,#3998,#3999,#4000,#4001,#4002,#4003,#4004,#4005,
#4006,#4007,#4008,#4009,#4010,#4011,#4012,#4013,#4014,#4015,#4016,#4017,#4018,#4019,#4020,#4021,#4022,#4023,#4024,#4025,#4026,#4027,#4028,#4029,#4030,
#4031,#4032,#4033,#4034,#4035,#4036,#4037,#4038,#4039,#4040,#4041,#4042,#4043,#4044,#4045,#4046,#4047,#4048,#4049,#4050,#4051,#4052,#4053,#4054,#4055,
#4056,#4057,#4058),.UNSPECIFIED.,.T.,.F.,(4,3,3,3,3,3,3,3,3,3,3,3,3,3,3,3,3,3,3,3,3,3,3,3,3,3,
4),(0.,0.000195405,0.000390811,0.000586216,0.000781622,0.001172432,0.001563243,0.001758648,0.001954054,0.002149459,0.002344865,0.00254027,0.002735675,0.002931081,0.003126486,0.003517297,0.003908108,0.004103513,0.004298918,0.004494324,0.004689729,0.00508054,0.005275945,0.005471351,0.005666756,0.005862161,
0.006252972),.UNSPECIFIED.);
#4060=EDGE_CURVE('',#3969,#3979,#4059,.T.);
#4061=ORIENTED_EDGE('',*,*,#4060,.T.);
#4062=CARTESIAN_POINT('',(4684.374853048,-317.238689033,25.9));
#4063=VERTEX_POINT('',#4062);
#4064=CARTESIAN_POINT('',(4684.374853048,-317.238689033,25.9));
#4065=DIRECTION('',(-0.,0.,-1.));
#4066=VECTOR('',#4065,8.600000002);
#4067=LINE('',#4064,#4066);
#4068=EDGE_CURVE('',#4063,#3979,#4067,.T.);
#4069=ORIENTED_EDGE('',*,*,#4068,.F.);
#4070=CARTESIAN_POINT('',(4701.2,-302.3,25.9));
#4071=DIRECTION('',(-0.,0.,-1.));
#4072=DIRECTION('',(-0.747784309,-0.663941735,0.));
#4073=AXIS2_PLACEMENT_3D('',#4070,#4071,#4072);
#4074=CIRCLE('',#4073,22.5);
#4075=EDGE_CURVE('',#4063,#4063,#4074,.T.);
#4076=ORIENTED_EDGE('',*,*,#4075,.F.);
#4077=ORIENTED_EDGE('',*,*,#4068,.T.);
#4078=CARTESIAN_POINT('',(4684.374853048,-317.238689033,15.3));
#4079=CARTESIAN_POINT('',(4684.418722046,-317.28809781,15.3));
#4080=CARTESIAN_POINT('',(4684.462074365,-317.336486622,15.306484182));
#4081=CARTESIAN_POINT('',(4684.504919313,-317.38390801,15.319186598));
#4082=CARTESIAN_POINT('',(4684.547764261,-317.431329398,15.331889015));
#4083=CARTESIAN_POINT('',(4684.590551403,-317.478270144,15.351118449));
#4084=CARTESIAN_POINT('',(4684.631523215,-317.522863628,15.376216561));
#4085=CARTESIAN_POINT('',(4684.672495028,-317.567457112,15.401314672));
#4086=CARTESIAN_POINT('',(4684.711541293,-317.609594541,15.432030672));
#4087=CARTESIAN_POINT('',(4684.748628635,-317.649344618,15.468314511));
#4088=CARTESIAN_POINT('',(4684.785715976,-317.689094695,15.504598349));
#4089=CARTESIAN_POINT('',(4684.820982014,-317.726597124,15.546831594));
#4090=CARTESIAN_POINT('',(4684.852686308,-317.760120797,15.592958379));
#4091=CARTESIAN_POINT('',(4684.916094897,-317.827168144,15.685211949));
#4092=CARTESIAN_POINT('',(4684.967732804,-317.880949695,15.796763615));
#4093=CARTESIAN_POINT('',(4685.002379471,-317.916884747,15.917088654));
#4094=CARTESIAN_POINT('',(4685.037026138,-317.952819799,16.037413694));
#4095=CARTESIAN_POINT('',(4685.055371756,-317.97166165,16.169016965));
#4096=CARTESIAN_POINT('',(4685.055420327,-317.971711686,16.299465955));
#4097=CARTESIAN_POINT('',(4685.055444612,-317.971736704,16.36469045));
#4098=CARTESIAN_POINT('',(4685.050917271,-317.967076626,16.430940758));
#4099=CARTESIAN_POINT('',(4685.042032655,-317.957908266,16.495070401));
#4100=CARTESIAN_POINT('',(4685.033148038,-317.948739906,16.559200044));
#4101=CARTESIAN_POINT('',(4685.020006625,-317.935166835,16.621539558));
#4102=CARTESIAN_POINT('',(4685.002618764,-317.917132934,16.682079249));
#4103=CARTESIAN_POINT('',(4684.985230902,-317.899099033,16.742618941));
#4104=CARTESIAN_POINT('',(4684.96351418,-317.876515638,16.801178613));
#4105=CARTESIAN_POINT('',(4684.938488114,-317.85034505,16.855363641));
#4106=CARTESIAN_POINT('',(4684.913462048,-317.824174462,16.909548669));
#4107=CARTESIAN_POINT('',(4684.884952341,-317.794237576,16.960060226));
#4108=CARTESIAN_POINT('',(4684.852883456,-317.760329256,17.006754675));
#4109=CARTESIAN_POINT('',(4684.820814572,-317.726420936,17.053449124));
#4110=CARTESIAN_POINT('',(4684.786146846,-317.689553513,17.094901891));
#4111=CARTESIAN_POINT('',(4684.749201656,-317.649958757,17.131124281));
#4112=CARTESIAN_POINT('',(4684.712256466,-317.610364001,17.167346671));
#4113=CARTESIAN_POINT('',(4684.672534223,-317.567499677,17.198659523));
#4114=CARTESIAN_POINT('',(4684.631539285,-317.522881118,17.223773595));
#4115=CARTESIAN_POINT('',(4684.590544347,-317.478262559,17.248887667));
#4116=CARTESIAN_POINT('',(4684.548548622,-317.432193209,17.267809815));
#4117=CARTESIAN_POINT('',(4684.505597757,-317.384658888,17.280611723));
#4118=CARTESIAN_POINT('',(4684.462646892,-317.337124567,17.29341363));
#4119=CARTESIAN_POINT('',(4684.418421498,-317.287757748,17.299976686));
#4120=CARTESIAN_POINT('',(4684.375089581,-317.238955432,17.299999937));
#4121=CARTESIAN_POINT('',(4684.288425747,-317.141350801,17.300046437));
#4122=CARTESIAN_POINT('',(4684.201975417,-317.042172665,17.27389113));
#4123=CARTESIAN_POINT('',(4684.12358157,-316.95079976,17.224117384));
#4124=CARTESIAN_POINT('',(4684.045187722,-316.859426854,17.174343638));
#4125=CARTESIAN_POINT('',(4683.973231752,-316.774010548,17.099901743));
#4126=CARTESIAN_POINT('',(4683.914125292,-316.703073824,17.007791863));
#4127=CARTESIAN_POINT('',(4683.884572061,-316.667605462,16.961736923));
#4128=CARTESIAN_POINT('',(4683.857616702,-316.635029321,16.910356635));
#4129=CARTESIAN_POINT('',(4683.834479087,-316.606945287,16.85599612));
#4130=CARTESIAN_POINT('',(4683.811341472,-316.578861253,16.801635605));
#4131=CARTESIAN_POINT('',(4683.791837347,-316.555051928,16.744230907));
#4132=CARTESIAN_POINT('',(4683.77592639,-316.535577222,16.68377079));
#4133=CARTESIAN_POINT('',(4683.760015434,-316.516102516,16.623310672));
#4134=CARTESIAN_POINT('',(4683.747808563,-316.501097747,16.559723066));
#4135=CARTESIAN_POINT('',(4683.739751505,-316.491184676,16.495807012));
#4136=CARTESIAN_POINT('',(4683.731694448,-316.481271604,16.431890957));
#4137=CARTESIAN_POINT('',(4683.727579231,-316.476195275,16.36697039));
#4138=CARTESIAN_POINT('',(4683.727537277,-316.476143566,16.301008494));
#4139=CARTESIAN_POINT('',(4683.727453369,-316.476040147,16.169084703));
#4140=CARTESIAN_POINT('',(4683.743723625,-316.496159114,16.039244176));
#4141=CARTESIAN_POINT('',(4683.775473766,-316.5350232,15.917953712));
#4142=CARTESIAN_POINT('',(4683.791348836,-316.554455243,15.85730848));
#4143=CARTESIAN_POINT('',(4683.810805643,-316.578208303,15.79984059));
#4144=CARTESIAN_POINT('',(4683.833842824,-316.606172966,15.7455017));
#4145=CARTESIAN_POINT('',(4683.856880005,-316.63413763,15.69116281));
#4146=CARTESIAN_POINT('',(4683.883793333,-316.666666813,15.639644702));
#4147=CARTESIAN_POINT('',(4683.913325495,-316.702113893,15.593456761));
#4148=CARTESIAN_POINT('',(4683.942857658,-316.737560972,15.54726882));
#4149=CARTESIAN_POINT('',(4683.975169795,-316.776125221,15.505854317));
#4150=CARTESIAN_POINT('',(4684.010375194,-316.817809718,15.469299123));
#4151=CARTESIAN_POINT('',(4684.045580592,-316.859494215,15.432743929));
#4152=CARTESIAN_POINT('',(4684.083370023,-316.903924019,15.401539908));
#4153=CARTESIAN_POINT('',(4684.122535832,-316.949580799,15.376548237));
#4154=CARTESIAN_POINT('',(4684.200867449,-317.040894359,15.326564895));
#4155=CARTESIAN_POINT('',(4684.287115175,-317.139871621,15.3));
#4156=CARTESIAN_POINT('',(4684.374853048,-317.238689033,15.3));
#4157=B_SPLINE_CURVE_WITH_KNOTS('',3,(#4078,#4079,#4080,#4081,#4082,#4083,#4084,#4085,#4086,#4087,#4088,#4089,#4090,#4091,#4092,#4093,#4094,#4095,#4096,#4097,#4098,#4099,#4100,#4101,#4102,#4103,
#4104,#4105,#4106,#4107,#4108,#4109,#4110,#4111,#4112,#4113,#4114,#4115,#4116,#4117,#4118,#4119,#4120,#4121,#4122,#4123,#4124,#4125,#4126,#4127,#4128,
#4129,#4130,#4131,#4132,#4133,#4134,#4135,#4136,#4137,#4138,#4139,#4140,#4141,#4142,#4143,#4144,#4145,#4146,#4147,#4148,#4149,#4150,#4151,#4152,#4153,
#4154,#4155,#4156),.UNSPECIFIED.,.T.,.F.,(4,3,3,3,3,3,3,3,3,3,3,3,3,3,3,3,3,3,3,3,3,3,3,3,3,3,
4),(0.,0.000195405,0.000390811,0.000586216,0.000781622,0.001172432,0.001563243,0.001758648,0.001954054,0.002149459,0.002344865,0.00254027,0.002735675,0.002931081,0.003126486,0.003517297,0.003908108,0.004103513,0.004298918,0.004494324,0.004689729,0.00508054,0.005275945,0.005471351,0.005666756,0.005862161,
0.006252972),.UNSPECIFIED.);
#4158=EDGE_CURVE('',#3979,#3969,#4157,.T.);
#4159=ORIENTED_EDGE('',*,*,#4158,.T.);
#4160=ORIENTED_EDGE('',*,*,#3976,.T.);
#4161=CARTESIAN_POINT('',(4690.349483198,-282.58918355,13.5));
#4162=VERTEX_POINT('',#4161);
#4163=CARTESIAN_POINT('',(4701.2,-302.3,13.5));
#4164=DIRECTION('',(-0.,0.,-1.));
#4165=DIRECTION('',(0.663941735,-0.747784309,-0.));
#4166=AXIS2_PLACEMENT_3D('',#4163,#4164,#4165);
#4167=CIRCLE('',#4166,22.5);
#4168=EDGE_CURVE('',#3971,#4162,#4167,.T.);
#4169=ORIENTED_EDGE('',*,*,#4168,.T.);
#4170=CARTESIAN_POINT('',(4690.349483198,-282.58918355,16.3));
#4171=VERTEX_POINT('',#4170);
#4172=CARTESIAN_POINT('',(4690.349483198,-282.58918355,16.3));
#4173=DIRECTION('',(-0.,0.,-1.));
#4174=VECTOR('',#4173,2.8);
#4175=LINE('',#4172,#4174);
#4176=EDGE_CURVE('',#4171,#4162,#4175,.T.);
#4177=ORIENTED_EDGE('',*,*,#4176,.F.);
#4178=CARTESIAN_POINT('',(4714.307268608,-284.012039216,16.3));
#4179=VERTEX_POINT('',#4178);
#4180=CARTESIAN_POINT('',(4701.2,-302.3,16.3));
#4181=DIRECTION('',(-0.,-0.,1.));
#4182=DIRECTION('',(-0.059285653,-0.998241059,-0.));
#4183=AXIS2_PLACEMENT_3D('',#4180,#4181,#4182);
#4184=CIRCLE('',#4183,22.5);
#4185=EDGE_CURVE('',#4179,#4171,#4184,.T.);
#4186=ORIENTED_EDGE('',*,*,#4185,.F.);
#4187=CARTESIAN_POINT('',(4714.307268608,-284.012039216,13.5));
#4188=VERTEX_POINT('',#4187);
#4189=CARTESIAN_POINT('',(4714.307268608,-284.012039216,13.5));
#4190=DIRECTION('',(0.,-0.,1.));
#4191=VECTOR('',#4190,2.8);
#4192=LINE('',#4189,#4191);
#4193=EDGE_CURVE('',#4188,#4179,#4192,.T.);
#4194=ORIENTED_EDGE('',*,*,#4193,.F.);
#4195=CARTESIAN_POINT('',(4701.2,-302.3,13.5));
#4196=DIRECTION('',(-0.,0.,-1.));
#4197=DIRECTION('',(0.663941735,-0.747784309,-0.));
#4198=AXIS2_PLACEMENT_3D('',#4195,#4196,#4197);
#4199=CIRCLE('',#4198,22.5);
#4200=EDGE_CURVE('',#4188,#3971,#4199,.T.);
#4201=ORIENTED_EDGE('',*,*,#4200,.T.);
#4202=EDGE_LOOP('',(#3977,#4061,#4069,#4076,#4077,#4159,#4160,#4169,#4177,#4186,#4194,#4201));
#4203=FACE_BOUND('',#4202,.T.);
#4204=CARTESIAN_POINT('',(4686.261310967,-285.474853048,17.3));
#4205=VERTEX_POINT('',#4204);
#4206=CARTESIAN_POINT('',(4686.261310967,-285.474853048,17.3));
#4207=CARTESIAN_POINT('',(4686.310719743,-285.430984049,17.3));
#4208=CARTESIAN_POINT('',(4686.359494746,-285.38806669,17.293515818));
#4209=CARTESIAN_POINT('',(4686.407651438,-285.346049899,17.280813402));
#4210=CARTESIAN_POINT('',(4686.455808129,-285.304033109,17.268110985));
#4211=CARTESIAN_POINT('',(4686.503850532,-285.26248674,17.248881551));
#4212=CARTESIAN_POINT('',(4686.549812537,-285.223056266,17.223783439));
#4213=CARTESIAN_POINT('',(4686.595774542,-285.183625792,17.198685328));
#4214=CARTESIAN_POINT('',(4686.63953383,-285.146406194,17.167969328));
#4215=CARTESIAN_POINT('',(4686.681065391,-285.111325303,17.131685489));
#4216=CARTESIAN_POINT('',(4686.722596953,-285.076244412,17.095401651));
#4217=CARTESIAN_POINT('',(4686.762053976,-285.043179794,17.053168406));
#4218=CARTESIAN_POINT('',(4686.797503356,-285.013644385,17.007041621));
#4219=CARTESIAN_POINT('',(4686.868402117,-284.954573568,16.914788051));
#4220=CARTESIAN_POINT('',(4686.926042764,-284.907282083,16.803236385));
#4221=CARTESIAN_POINT('',(4686.964699251,-284.875700514,16.682911346));
#4222=CARTESIAN_POINT('',(4687.003355738,-284.844118945,16.562586306));
#4223=CARTESIAN_POINT('',(4687.023802567,-284.827580982,16.430983035));
#4224=CARTESIAN_POINT('',(4687.023856719,-284.827537046,16.300534045));
#4225=CARTESIAN_POINT('',(4687.023883795,-284.827515078,16.23530955));
#4226=CARTESIAN_POINT('',(4687.0188367,-284.831606529,16.169059242));
#4227=CARTESIAN_POINT('',(4687.008929346,-284.839658832,16.104929599));
#4228=CARTESIAN_POINT('',(4686.999021992,-284.847711135,16.040799956));
#4229=CARTESIAN_POINT('',(4686.984366412,-284.85963334,15.978460442));
#4230=CARTESIAN_POINT('',(4686.964966238,-284.875482395,15.917920751));
#4231=CARTESIAN_POINT('',(4686.945566063,-284.89133145,15.857381059));
#4232=CARTESIAN_POINT('',(4686.921328968,-284.911185642,15.798821387));
#4233=CARTESIAN_POINT('',(4686.893381202,-284.934210108,15.744636359));
#4234=CARTESIAN_POINT('',(4686.865433436,-284.957234574,15.690451331));
#4235=CARTESIAN_POINT('',(4686.833580728,-284.98358653,15.639939774));
#4236=CARTESIAN_POINT('',(4686.797723792,-285.013460727,15.593245325));
#4237=CARTESIAN_POINT('',(4686.761866857,-285.043334925,15.546550876));
#4238=CARTESIAN_POINT('',(4686.723079101,-285.075839818,15.505098109));
#4239=CARTESIAN_POINT('',(4686.681707076,-285.110783305,15.468875719));
#4240=CARTESIAN_POINT('',(4686.640335051,-285.145726793,15.432653329));
#4241=CARTESIAN_POINT('',(4686.5958185,-285.183588165,15.401340477));
#4242=CARTESIAN_POINT('',(4686.549830564,-285.223040801,15.376226405));
#4243=CARTESIAN_POINT('',(4686.503842628,-285.262493437,15.351112333));
#4244=CARTESIAN_POINT('',(4686.45668922,-285.30326821,15.332190185));
#4245=CARTESIAN_POINT('',(4686.408413989,-285.345384603,15.319388277));
#4246=CARTESIAN_POINT('',(4686.360138757,-285.387500995,15.30658637));
#4247=CARTESIAN_POINT('',(4686.310381057,-285.431286147,15.300023314));
#4248=CARTESIAN_POINT('',(4686.261577369,-285.474616518,15.300000063));
#4249=CARTESIAN_POINT('',(4686.163969993,-285.561277262,15.299953563));
#4250=CARTESIAN_POINT('',(4686.066388375,-285.649525718,15.32610887));
#4251=CARTESIAN_POINT('',(4685.977730456,-285.7309774,15.375882616));
#4252=CARTESIAN_POINT('',(4685.889072536,-285.812429081,15.425656362));
#4253=CARTESIAN_POINT('',(4685.807512278,-285.888728041,15.500098257));
#4254=CARTESIAN_POINT('',(4685.740425045,-285.952170107,15.592208137));
#4255=CARTESIAN_POINT('',(4685.706881429,-285.98389114,15.638263077));
#4256=CARTESIAN_POINT('',(4685.676259753,-286.013047774,15.689643365));
#4257=CARTESIAN_POINT('',(4685.649960682,-286.038195758,15.74400388));
#4258=CARTESIAN_POINT('',(4685.623661611,-286.063343741,15.798364395));
#4259=CARTESIAN_POINT('',(4685.601476455,-286.084677135,15.855769093));
#4260=CARTESIAN_POINT('',(4685.583372266,-286.102131677,15.91622921));
#4261=CARTESIAN_POINT('',(4685.565268077,-286.11958622,15.976689328));
#4262=CARTESIAN_POINT('',(4685.551371009,-286.133040673,16.040276934));
#4263=CARTESIAN_POINT('',(4685.542197251,-286.141930404,16.104192988));
#4264=CARTESIAN_POINT('',(4685.533023493,-286.150820135,16.168109043));
#4265=CARTESIAN_POINT('',(4685.528336356,-286.155373692,16.23302961));
#4266=CARTESIAN_POINT('',(4685.528288577,-286.155420071,16.298991506));
#4267=CARTESIAN_POINT('',(4685.528193018,-286.155512831,16.430915297));
#4268=CARTESIAN_POINT('',(4685.546730237,-286.137461084,16.560755824));
#4269=CARTESIAN_POINT('',(4685.582857248,-286.10262823,16.682046288));
#4270=CARTESIAN_POINT('',(4685.600920753,-286.085211803,16.74269152));
#4271=CARTESIAN_POINT('',(4685.623052264,-286.063928678,16.80015941));
#4272=CARTESIAN_POINT('',(4685.649237478,-286.038887339,16.8544983));
#4273=CARTESIAN_POINT('',(4685.675422692,-286.013845999,16.90883719));
#4274=CARTESIAN_POINT('',(4685.705997073,-285.984731018,16.960355298));
#4275=CARTESIAN_POINT('',(4685.739517251,-285.953028624,17.006543239));
#4276=CARTESIAN_POINT('',(4685.773037429,-285.92132623,17.05273118));
#4277=CARTESIAN_POINT('',(4685.809686995,-285.886857625,17.094145683));
#4278=CARTESIAN_POINT('',(4685.849578806,-285.84963316,17.130700877));
#4279=CARTESIAN_POINT('',(4685.889470617,-285.812408695,17.167256071));
#4280=CARTESIAN_POINT('',(4685.932253238,-285.772764075,17.198460092));
#4281=CARTESIAN_POINT('',(4685.976547789,-285.732064015,17.223451763));
#4282=CARTESIAN_POINT('',(4686.065136892,-285.650663896,17.273435105));
#4283=CARTESIAN_POINT('',(4686.162493554,-285.56259092,17.3));
#4284=CARTESIAN_POINT('',(4686.261310967,-285.474853048,17.3));
#4285=B_SPLINE_CURVE_WITH_KNOTS('',3,(#4206,#4207,#4208,#4209,#4210,#4211,#4212,#4213,#4214,#4215,#4216,#4217,#4218,#4219,#4220,#4221,#4222,#4223,#4224,#4225,#4226,#4227,#4228,#4229,#4230,#4231,
#4232,#4233,#4234,#4235,#4236,#4237,#4238,#4239,#4240,#4241,#4242,#4243,#4244,#4245,#4246,#4247,#4248,#4249,#4250,#4251,#4252,#4253,#4254,#4255,#4256,
#4257,#4258,#4259,#4260,#4261,#4262,#4263,#4264,#4265,#4266,#4267,#4268,#4269,#4270,#4271,#4272,#4273,#4274,#4275,#4276,#4277,#4278,#4279,#4280,#4281,
#4282,#4283,#4284),.UNSPECIFIED.,.T.,.F.,(4,3,3,3,3,3,3,3,3,3,3,3,3,3,3,3,3,3,3,3,3,3,3,3,3,3,
4),(0.,0.000195405,0.000390811,0.000586216,0.000781622,0.001172432,0.001563243,0.001758648,0.001954054,0.002149459,0.002344865,0.00254027,0.002735675,0.002931081,0.003126486,0.003517297,0.003908108,0.004103513,0.004298918,0.004494324,0.004689729,0.00508054,0.005275945,0.005471351,0.005666756,0.005862161,
0.006252972),.UNSPECIFIED.);
#4286=EDGE_CURVE('',#4205,#4205,#4285,.T.);
#4287=ORIENTED_EDGE('',*,*,#4286,.T.);
#4288=EDGE_LOOP('',(#4287));
#4289=FACE_BOUND('',#4288,.T.);
#4290=CARTESIAN_POINT('',(4718.025146952,-287.361310967,17.3));
#4291=VERTEX_POINT('',#4290);
#4292=CARTESIAN_POINT('',(4718.025146952,-287.361310967,17.3));
#4293=CARTESIAN_POINT('',(4718.069015951,-287.410719743,17.3));
#4294=CARTESIAN_POINT('',(4718.11193331,-287.459494746,17.293515818));
#4295=CARTESIAN_POINT('',(4718.153950101,-287.507651438,17.280813402));
#4296=CARTESIAN_POINT('',(4718.195966891,-287.555808129,17.268110985));
#4297=CARTESIAN_POINT('',(4718.23751326,-287.603850532,17.248881551));
#4298=CARTESIAN_POINT('',(4718.276943734,-287.649812537,17.223783439));
#4299=CARTESIAN_POINT('',(4718.316374208,-287.695774542,17.198685328));
#4300=CARTESIAN_POINT('',(4718.353593806,-287.73953383,17.167969328));
#4301=CARTESIAN_POINT('',(4718.388674697,-287.781065391,17.131685489));
#4302=CARTESIAN_POINT('',(4718.423755588,-287.822596953,17.095401651));
#4303=CARTESIAN_POINT('',(4718.456820206,-287.862053976,17.053168406));
#4304=CARTESIAN_POINT('',(4718.486355615,-287.897503356,17.007041621));
#4305=CARTESIAN_POINT('',(4718.545426432,-287.968402117,16.914788051));
#4306=CARTESIAN_POINT('',(4718.592717917,-288.026042764,16.803236385));
#4307=CARTESIAN_POINT('',(4718.624299486,-288.064699251,16.682911346));
#4308=CARTESIAN_POINT('',(4718.655881055,-288.103355738,16.562586306));
#4309=CARTESIAN_POINT('',(4718.672419018,-288.123802567,16.430983035));
#4310=CARTESIAN_POINT('',(4718.672462954,-288.123856719,16.300534045));
#4311=CARTESIAN_POINT('',(4718.672484922,-288.123883795,16.23530955));
#4312=CARTESIAN_POINT('',(4718.668393471,-288.1188367,16.169059242));
#4313=CARTESIAN_POINT('',(4718.660341168,-288.108929346,16.104929599));
#4314=CARTESIAN_POINT('',(4718.652288865,-288.099021992,16.040799956));
#4315=CARTESIAN_POINT('',(4718.64036666,-288.084366412,15.978460442));
#4316=CARTESIAN_POINT('',(4718.624517605,-288.064966238,15.917920751));
#4317=CARTESIAN_POINT('',(4718.60866855,-288.045566063,15.857381059));
#4318=CARTESIAN_POINT('',(4718.588814358,-288.021328968,15.798821387));
#4319=CARTESIAN_POINT('',(4718.565789892,-287.993381202,15.744636359));
#4320=CARTESIAN_POINT('',(4718.542765426,-287.965433436,15.690451331));
#4321=CARTESIAN_POINT('',(4718.51641347,-287.933580728,15.639939774));
#4322=CARTESIAN_POINT('',(4718.486539273,-287.897723792,15.593245325));
#4323=CARTESIAN_POINT('',(4718.456665075,-287.861866857,15.546550876));
#4324=CARTESIAN_POINT('',(4718.424160182,-287.823079101,15.505098109));
#4325=CARTESIAN_POINT('',(4718.389216695,-287.781707076,15.468875719));
#4326=CARTESIAN_POINT('',(4718.354273207,-287.740335051,15.432653329));
#4327=CARTESIAN_POINT('',(4718.316411835,-287.6958185,15.401340477));
#4328=CARTESIAN_POINT('',(4718.276959199,-287.649830564,15.376226405));
#4329=CARTESIAN_POINT('',(4718.237506563,-287.603842628,15.351112333));
#4330=CARTESIAN_POINT('',(4718.19673179,-287.55668922,15.332190185));
#4331=CARTESIAN_POINT('',(4718.154615397,-287.508413989,15.319388277));
#4332=CARTESIAN_POINT('',(4718.112499005,-287.460138757,15.30658637));
#4333=CARTESIAN_POINT('',(4718.068713853,-287.410381057,15.300023314));
#4334=CARTESIAN_POINT('',(4718.025383482,-287.361577369,15.300000063));
#4335=CARTESIAN_POINT('',(4717.938722738,-287.263969993,15.299953563));
#4336=CARTESIAN_POINT('',(4717.850474282,-287.166388375,15.32610887));
#4337=CARTESIAN_POINT('',(4717.7690226,-287.077730456,15.375882616));
#4338=CARTESIAN_POINT('',(4717.687570919,-286.989072536,15.425656362));
#4339=CARTESIAN_POINT('',(4717.611271959,-286.907512278,15.500098257));
#4340=CARTESIAN_POINT('',(4717.547829893,-286.840425045,15.592208137));
#4341=CARTESIAN_POINT('',(4717.51610886,-286.806881429,15.638263077));
#4342=CARTESIAN_POINT('',(4717.486952226,-286.776259753,15.689643365));
#4343=CARTESIAN_POINT('',(4717.461804242,-286.749960682,15.74400388));
#4344=CARTESIAN_POINT('',(4717.436656259,-286.723661611,15.798364395));
#4345=CARTESIAN_POINT('',(4717.415322865,-286.701476455,15.855769093));
#4346=CARTESIAN_POINT('',(4717.397868323,-286.683372266,15.91622921));
#4347=CARTESIAN_POINT('',(4717.38041378,-286.665268077,15.976689328));
#4348=CARTESIAN_POINT('',(4717.366959327,-286.651371009,16.040276934));
#4349=CARTESIAN_POINT('',(4717.358069596,-286.642197251,16.104192988));
#4350=CARTESIAN_POINT('',(4717.349179865,-286.633023493,16.168109043));
#4351=CARTESIAN_POINT('',(4717.344626308,-286.628336356,16.23302961));
#4352=CARTESIAN_POINT('',(4717.344579929,-286.628288577,16.298991506));
#4353=CARTESIAN_POINT('',(4717.344487169,-286.628193018,16.430915297));
#4354=CARTESIAN_POINT('',(4717.362538916,-286.646730237,16.560755824));
#4355=CARTESIAN_POINT('',(4717.39737177,-286.682857248,16.682046288));
#4356=CARTESIAN_POINT('',(4717.414788197,-286.700920753,16.74269152));
#4357=CARTESIAN_POINT('',(4717.436071322,-286.723052264,16.80015941));
#4358=CARTESIAN_POINT('',(4717.461112661,-286.749237478,16.8544983));
#4359=CARTESIAN_POINT('',(4717.486154001,-286.775422692,16.90883719));
#4360=CARTESIAN_POINT('',(4717.515268982,-286.805997073,16.960355298));
#4361=CARTESIAN_POINT('',(4717.546971376,-286.839517251,17.006543239));
#4362=CARTESIAN_POINT('',(4717.57867377,-286.873037429,17.05273118));
#4363=CARTESIAN_POINT('',(4717.613142375,-286.909686995,17.094145683));
#4364=CARTESIAN_POINT('',(4717.65036684,-286.949578806,17.130700877));
#4365=CARTESIAN_POINT('',(4717.687591305,-286.989470617,17.167256071));
#4366=CARTESIAN_POINT('',(4717.727235925,-287.032253238,17.198460092));
#4367=CARTESIAN_POINT('',(4717.767935985,-287.076547789,17.223451763));
#4368=CARTESIAN_POINT('',(4717.849336104,-287.165136892,17.273435105));
#4369=CARTESIAN_POINT('',(4717.93740908,-287.262493554,17.3));
#4370=CARTESIAN_POINT('',(4718.025146952,-287.361310967,17.3));
#4371=B_SPLINE_CURVE_WITH_KNOTS('',3,(#4292,#4293,#4294,#4295,#4296,#4297,#4298,#4299,#4300,#4301,#4302,#4303,#4304,#4305,#4306,#4307,#4308,#4309,#4310,#4311,#4312,#4313,#4314,#4315,#4316,#4317,
#4318,#4319,#4320,#4321,#4322,#4323,#4324,#4325,#4326,#4327,#4328,#4329,#4330,#4331,#4332,#4333,#4334,#4335,#4336,#4337,#4338,#4339,#4340,#4341,#4342,
#4343,#4344,#4345,#4346,#4347,#4348,#4349,#4350,#4351,#4352,#4353,#4354,#4355,#4356,#4357,#4358,#4359,#4360,#4361,#4362,#4363,#4364,#4365,#4366,#4367,
#4368,#4369,#4370),.UNSPECIFIED.,.T.,.F.,(4,3,3,3,3,3,3,3,3,3,3,3,3,3,3,3,3,3,3,3,3,3,3,3,3,3,
4),(0.,0.000195405,0.000390811,0.000586216,0.000781622,0.001172432,0.001563243,0.001758648,0.001954054,0.002149459,0.002344865,0.00254027,0.002735675,0.002931081,0.003126486,0.003517297,0.003908108,0.004103513,0.004298918,0.004494324,0.004689729,0.00508054,0.005275945,0.005471351,0.005666756,0.005862161,
0.006252972),.UNSPECIFIED.);
#4372=EDGE_CURVE('',#4291,#4291,#4371,.T.);
#4373=ORIENTED_EDGE('',*,*,#4372,.T.);
#4374=EDGE_LOOP('',(#4373));
#4375=FACE_BOUND('',#4374,.T.);
#4376=CARTESIAN_POINT('',(4716.138689033,-319.125146952,17.3));
#4377=VERTEX_POINT('',#4376);
#4378=CARTESIAN_POINT('',(4716.138689033,-319.125146952,17.3));
#4379=CARTESIAN_POINT('',(4716.089280257,-319.169015951,17.3));
#4380=CARTESIAN_POINT('',(4716.040505254,-319.21193331,17.293515818));
#4381=CARTESIAN_POINT('',(4715.992348562,-319.253950101,17.280813402));
#4382=CARTESIAN_POINT('',(4715.944191871,-319.295966891,17.268110985));
#4383=CARTESIAN_POINT('',(4715.896149468,-319.33751326,17.248881551));
#4384=CARTESIAN_POINT('',(4715.850187463,-319.376943734,17.223783439));
#4385=CARTESIAN_POINT('',(4715.804225458,-319.416374208,17.198685328));
#4386=CARTESIAN_POINT('',(4715.76046617,-319.453593806,17.167969328));
#4387=CARTESIAN_POINT('',(4715.718934609,-319.488674697,17.131685489));
#4388=CARTESIAN_POINT('',(4715.677403047,-319.523755588,17.095401651));
#4389=CARTESIAN_POINT('',(4715.637946024,-319.556820206,17.053168406));
#4390=CARTESIAN_POINT('',(4715.602496644,-319.586355615,17.007041621));
#4391=CARTESIAN_POINT('',(4715.531597883,-319.645426432,16.914788051));
#4392=CARTESIAN_POINT('',(4715.473957236,-319.692717917,16.803236385));
#4393=CARTESIAN_POINT('',(4715.435300749,-319.724299486,16.682911346));
#4394=CARTESIAN_POINT('',(4715.396644262,-319.755881055,16.562586306));
#4395=CARTESIAN_POINT('',(4715.376197433,-319.772419018,16.430983035));
#4396=CARTESIAN_POINT('',(4715.376143281,-319.772462954,16.300534045));
#4397=CARTESIAN_POINT('',(4715.376116205,-319.772484922,16.23530955));
#4398=CARTESIAN_POINT('',(4715.3811633,-319.768393471,16.169059242));
#4399=CARTESIAN_POINT('',(4715.391070654,-319.760341168,16.104929599));
#4400=CARTESIAN_POINT('',(4715.400978008,-319.752288865,16.040799956));
#4401=CARTESIAN_POINT('',(4715.415633588,-319.74036666,15.978460442));
#4402=CARTESIAN_POINT('',(4715.435033762,-319.724517605,15.917920751));
#4403=CARTESIAN_POINT('',(4715.454433937,-319.70866855,15.857381059));
#4404=CARTESIAN_POINT('',(4715.478671032,-319.688814358,15.798821387));
#4405=CARTESIAN_POINT('',(4715.506618798,-319.665789892,15.744636359));
#4406=CARTESIAN_POINT('',(4715.534566564,-319.642765426,15.690451331));
#4407=CARTESIAN_POINT('',(4715.566419272,-319.61641347,15.639939774));
#4408=CARTESIAN_POINT('',(4715.602276208,-319.586539273,15.593245325));
#4409=CARTESIAN_POINT('',(4715.638133143,-319.556665075,15.546550876));
#4410=CARTESIAN_POINT('',(4715.676920899,-319.524160182,15.505098109));
#4411=CARTESIAN_POINT('',(4715.718292924,-319.489216695,15.468875719));
#4412=CARTESIAN_POINT('',(4715.759664949,-319.454273207,15.432653329));
#4413=CARTESIAN_POINT('',(4715.8041815,-319.416411835,15.401340477));
#4414=CARTESIAN_POINT('',(4715.850169436,-319.376959199,15.376226405));
#4415=CARTESIAN_POINT('',(4715.896157372,-319.337506563,15.351112333));
#4416=CARTESIAN_POINT('',(4715.94331078,-319.29673179,15.332190185));
#4417=CARTESIAN_POINT('',(4715.991586011,-319.254615397,15.319388277));
#4418=CARTESIAN_POINT('',(4716.039861243,-319.212499005,15.30658637));
#4419=CARTESIAN_POINT('',(4716.089618943,-319.168713853,15.300023314));
#4420=CARTESIAN_POINT('',(4716.138422631,-319.125383482,15.300000063));
#4421=CARTESIAN_POINT('',(4716.236030007,-319.038722738,15.299953563));
#4422=CARTESIAN_POINT('',(4716.333611625,-318.950474282,15.32610887));
#4423=CARTESIAN_POINT('',(4716.422269544,-318.8690226,15.375882616));
#4424=CARTESIAN_POINT('',(4716.510927464,-318.787570919,15.425656362));
#4425=CARTESIAN_POINT('',(4716.592487722,-318.711271959,15.500098257));
#4426=CARTESIAN_POINT('',(4716.659574955,-318.647829893,15.592208137));
#4427=CARTESIAN_POINT('',(4716.693118571,-318.61610886,15.638263077));
#4428=CARTESIAN_POINT('',(4716.723740247,-318.586952226,15.689643365));
#4429=CARTESIAN_POINT('',(4716.750039318,-318.561804242,15.74400388));
#4430=CARTESIAN_POINT('',(4716.776338389,-318.536656259,15.798364395));
#4431=CARTESIAN_POINT('',(4716.798523545,-318.515322865,15.855769093));
#4432=CARTESIAN_POINT('',(4716.816627734,-318.497868323,15.91622921));
#4433=CARTESIAN_POINT('',(4716.834731923,-318.48041378,15.976689328));
#4434=CARTESIAN_POINT('',(4716.848628991,-318.466959327,16.040276934));
#4435=CARTESIAN_POINT('',(4716.857802749,-318.458069596,16.104192988));
#4436=CARTESIAN_POINT('',(4716.866976507,-318.449179865,16.168109043));
#4437=CARTESIAN_POINT('',(4716.871663644,-318.444626308,16.23302961));
#4438=CARTESIAN_POINT('',(4716.871711423,-318.444579929,16.298991506));
#4439=CARTESIAN_POINT('',(4716.871806982,-318.444487169,16.430915297));
#4440=CARTESIAN_POINT('',(4716.853269763,-318.462538916,16.560755824));
#4441=CARTESIAN_POINT('',(4716.817142752,-318.49737177,16.682046288));
#4442=CARTESIAN_POINT('',(4716.799079247,-318.514788197,16.74269152));
#4443=CARTESIAN_POINT('',(4716.776947736,-318.536071322,16.80015941));
#4444=CARTESIAN_POINT('',(4716.750762522,-318.561112661,16.8544983));
#4445=CARTESIAN_POINT('',(4716.724577308,-318.586154001,16.90883719));
#4446=CARTESIAN_POINT('',(4716.694002927,-318.615268982,16.960355298));
#4447=CARTESIAN_POINT('',(4716.660482749,-318.646971376,17.006543239));
#4448=CARTESIAN_POINT('',(4716.626962571,-318.67867377,17.05273118));
#4449=CARTESIAN_POINT('',(4716.590313005,-318.713142375,17.094145683));
#4450=CARTESIAN_POINT('',(4716.550421194,-318.75036684,17.130700877));
#4451=CARTESIAN_POINT('',(4716.510529383,-318.787591305,17.167256071));
#4452=CARTESIAN_POINT('',(4716.467746762,-318.827235925,17.198460092));
#4453=CARTESIAN_POINT('',(4716.423452211,-318.867935985,17.223451763));
#4454=CARTESIAN_POINT('',(4716.334863108,-318.949336104,17.273435105));
#4455=CARTESIAN_POINT('',(4716.237506446,-319.03740908,17.3));
#4456=CARTESIAN_POINT('',(4716.138689033,-319.125146952,17.3));
#4457=B_SPLINE_CURVE_WITH_KNOTS('',3,(#4378,#4379,#4380,#4381,#4382,#4383,#4384,#4385,#4386,#4387,#4388,#4389,#4390,#4391,#4392,#4393,#4394,#4395,#4396,#4397,#4398,#4399,#4400,#4401,#4402,#4403,
#4404,#4405,#4406,#4407,#4408,#4409,#4410,#4411,#4412,#4413,#4414,#4415,#4416,#4417,#4418,#4419,#4420,#4421,#4422,#4423,#4424,#4425,#4426,#4427,#4428,
#4429,#4430,#4431,#4432,#4433,#4434,#4435,#4436,#4437,#4438,#4439,#4440,#4441,#4442,#4443,#4444,#4445,#4446,#4447,#4448,#4449,#4450,#4451,#4452,#4453,
#4454,#4455,#4456),.UNSPECIFIED.,.T.,.F.,(4,3,3,3,3,3,3,3,3,3,3,3,3,3,3,3,3,3,3,3,3,3,3,3,3,3,
4),(0.,0.000195405,0.000390811,0.000586216,0.000781622,0.001172432,0.001563243,0.001758648,0.001954054,0.002149459,0.002344865,0.00254027,0.002735675,0.002931081,0.003126486,0.003517297,0.003908108,0.004103513,0.004298918,0.004494324,0.004689729,0.00508054,0.005275945,0.005471351,0.005666756,0.005862161,
0.006252972),.UNSPECIFIED.);
#4458=EDGE_CURVE('',#4377,#4377,#4457,.T.);
#4459=ORIENTED_EDGE('',*,*,#4458,.T.);
#4460=EDGE_LOOP('',(#4459));
#4461=FACE_BOUND('',#4460,.T.);
#4462=ADVANCED_FACE('',(#4203,#4289,#4375,#4461),#3967,.F.);
#4463=CARTESIAN_POINT('',(4853.800088566,-589.391384353,25.9));
#4464=DIRECTION('',(-0.,0.,-1.));
#4465=DIRECTION('',(0.747784309,0.663941735,-0.));
#4466=AXIS2_PLACEMENT_3D('',#4463,#4464,#4465);
#4467=PLANE('',#4466);
#4468=CARTESIAN_POINT('',(4713.416527921,-316.059231285,25.9));
#4469=VERTEX_POINT('',#4468);
#4470=CARTESIAN_POINT('',(4714.959231285,-290.083472079,25.9));
#4471=VERTEX_POINT('',#4470);
#4472=CARTESIAN_POINT('',(4701.2,-302.3,25.9));
#4473=DIRECTION('',(0.,-0.,1.));
#4474=DIRECTION('',(0.663941735,-0.747784309,-0.));
#4475=AXIS2_PLACEMENT_3D('',#4472,#4473,#4474);
#4476=CIRCLE('',#4475,18.4);
#4477=EDGE_CURVE('',#4469,#4471,#4476,.T.);
#4478=ORIENTED_EDGE('',*,*,#4477,.T.);
#4479=CARTESIAN_POINT('',(4701.2,-302.3,25.9));
#4480=DIRECTION('',(0.,-0.,1.));
#4481=DIRECTION('',(0.663941735,-0.747784309,-0.));
#4482=AXIS2_PLACEMENT_3D('',#4479,#4480,#4481);
#4483=CIRCLE('',#4482,18.4);
#4484=EDGE_CURVE('',#4471,#4469,#4483,.T.);
#4485=ORIENTED_EDGE('',*,*,#4484,.T.);
#4486=EDGE_LOOP('',(#4478,#4485));
#4487=FACE_BOUND('',#4486,.T.);
#4488=ORIENTED_EDGE('',*,*,#4075,.T.);
#4489=EDGE_LOOP('',(#4488));
#4490=FACE_BOUND('',#4489,.T.);
#4491=ADVANCED_FACE('',(#4487,#4490),#4467,.T.);
#4492=CARTESIAN_POINT('',(4853.800088566,-589.391384353,27.9));
#4493=DIRECTION('',(-0.,0.,-1.));
#4494=DIRECTION('',(0.747784309,0.663941735,-0.));
#4495=AXIS2_PLACEMENT_3D('',#4492,#4493,#4494);
#4496=PLANE('',#4495);
#4497=CARTESIAN_POINT('',(4714.959231285,-290.083472079,27.9));
#4498=VERTEX_POINT('',#4497);
#4499=CARTESIAN_POINT('',(4713.416527921,-316.059231285,27.9));
#4500=VERTEX_POINT('',#4499);
#4501=CARTESIAN_POINT('',(4701.2,-302.3,27.9));
#4502=DIRECTION('',(0.,-0.,1.));
#4503=DIRECTION('',(0.663941735,-0.747784309,-0.));
#4504=AXIS2_PLACEMENT_3D('',#4501,#4502,#4503);
#4505=CIRCLE('',#4504,18.4);
#4506=EDGE_CURVE('',#4498,#4500,#4505,.T.);
#4507=ORIENTED_EDGE('',*,*,#4506,.F.);
#4508=CARTESIAN_POINT('',(4701.2,-302.3,27.9));
#4509=DIRECTION('',(0.,-0.,1.));
#4510=DIRECTION('',(0.663941735,-0.747784309,-0.));
#4511=AXIS2_PLACEMENT_3D('',#4508,#4509,#4510);
#4512=CIRCLE('',#4511,18.4);
#4513=EDGE_CURVE('',#4500,#4498,#4512,.T.);
#4514=ORIENTED_EDGE('',*,*,#4513,.F.);
#4515=EDGE_LOOP('',(#4507,#4514));
#4516=FACE_BOUND('',#4515,.T.);
#4517=ORIENTED_EDGE('',*,*,#3617,.F.);
#4518=EDGE_LOOP('',(#4517));
#4519=FACE_BOUND('',#4518,.T.);
#4520=ADVANCED_FACE('',(#4516,#4519),#4496,.F.);
#4521=CARTESIAN_POINT('',(4701.2,-302.3,40.9));
#4522=DIRECTION('',(-0.,0.,-1.));
#4523=DIRECTION('',(0.747784309,0.663941735,-0.));
#4524=AXIS2_PLACEMENT_3D('',#4521,#4522,#4523);
#4525=CYLINDRICAL_SURFACE('',#4524,18.4);
#4526=CARTESIAN_POINT('',(4714.959231285,-290.083472079,25.9));
#4527=DIRECTION('',(0.,-0.,1.));
#4528=VECTOR('',#4527,2.);
#4529=LINE('',#4526,#4528);
#4530=EDGE_CURVE('',#4471,#4498,#4529,.T.);
#4531=ORIENTED_EDGE('',*,*,#4530,.F.);
#4532=ORIENTED_EDGE('',*,*,#4477,.F.);
#4533=ORIENTED_EDGE('',*,*,#4484,.F.);
#4534=ORIENTED_EDGE('',*,*,#4530,.T.);
#4535=ORIENTED_EDGE('',*,*,#4506,.T.);
#4536=ORIENTED_EDGE('',*,*,#4513,.T.);
#4537=EDGE_LOOP('',(#4531,#4532,#4533,#4534,#4535,#4536));
#4538=FACE_BOUND('',#4537,.T.);
#4539=ADVANCED_FACE('',(#4538),#4525,.F.);
#4540=CARTESIAN_POINT('',(4853.800088566,-589.391384353,13.5));
#4541=DIRECTION('',(-0.,0.,-1.));
#4542=DIRECTION('',(0.747784309,0.663941735,-0.));
#4543=AXIS2_PLACEMENT_3D('',#4540,#4541,#4542);
#4544=PLANE('',#4543);
#4545=CARTESIAN_POINT('',(4690.349483198,-282.58918355,13.5));
#4546=DIRECTION('',(0.059285653,0.998241059,0.));
#4547=VECTOR('',#4546,2.327143053);
#4548=LINE('',#4545,#4547);
#4549=EDGE_CURVE('',#4162,#3505,#4548,.T.);
#4550=ORIENTED_EDGE('',*,*,#4549,.F.);
#4551=ORIENTED_EDGE('',*,*,#4168,.F.);
#4552=ORIENTED_EDGE('',*,*,#4200,.F.);
#4553=CARTESIAN_POINT('',(4714.445234803,-281.688989471,13.5));
#4554=DIRECTION('',(-0.059285653,-0.998241059,-0.));
#4555=VECTOR('',#4554,2.327143053);
#4556=LINE('',#4553,#4555);
#4557=EDGE_CURVE('',#3479,#4188,#4556,.T.);
#4558=ORIENTED_EDGE('',*,*,#4557,.F.);
#4559=ORIENTED_EDGE('',*,*,#3485,.T.);
#4560=ORIENTED_EDGE('',*,*,#3517,.T.);
#4561=EDGE_LOOP('',(#4550,#4551,#4552,#4558,#4559,#4560));
#4562=FACE_BOUND('',#4561,.T.);
#4563=ADVANCED_FACE('',(#4562),#4544,.T.);
#4564=CARTESIAN_POINT('',(4708.453507797,-295.859765172,16.3));
#4565=DIRECTION('',(-0.747784309,-0.663941735,0.));
#4566=DIRECTION('',(0.,0.,1.));
#4567=AXIS2_PLACEMENT_3D('',#4564,#4565,#4566);
#4568=CYLINDRICAL_SURFACE('',#4567,1.);
#4569=CARTESIAN_POINT('',(4718.025146952,-287.361310967,17.3));
#4570=DIRECTION('',(0.747784309,0.663941735,-0.));
#4571=VECTOR('',#4570,2.);
#4572=LINE('',#4569,#4571);
#4573=EDGE_CURVE('',#4291,#3705,#4572,.T.);
#4574=ORIENTED_EDGE('',*,*,#4573,.F.);
#4575=ORIENTED_EDGE('',*,*,#4372,.F.);
#4576=ORIENTED_EDGE('',*,*,#4573,.T.);
#4577=ORIENTED_EDGE('',*,*,#3786,.T.);
#4578=EDGE_LOOP('',(#4574,#4575,#4576,#4577));
#4579=FACE_BOUND('',#4578,.T.);
#4580=ADVANCED_FACE('',(#4579),#4568,.F.);
#4581=CARTESIAN_POINT('',(4708.453507797,-295.859765172,16.3));
#4582=DIRECTION('',(-0.747784309,-0.663941735,0.));
#4583=DIRECTION('',(0.,0.,1.));
#4584=AXIS2_PLACEMENT_3D('',#4581,#4582,#4583);
#4585=CYLINDRICAL_SURFACE('',#4584,1.);
#4586=CARTESIAN_POINT('',(4682.87928443,-318.566572503,17.3));
#4587=DIRECTION('',(0.747784309,0.663941735,-0.));
#4588=VECTOR('',#4587,2.);
#4589=LINE('',#4586,#4588);
#4590=EDGE_CURVE('',#3521,#3979,#4589,.T.);
#4591=ORIENTED_EDGE('',*,*,#4590,.F.);
#4592=ORIENTED_EDGE('',*,*,#3602,.T.);
#4593=ORIENTED_EDGE('',*,*,#3700,.T.);
#4594=ORIENTED_EDGE('',*,*,#4590,.T.);
#4595=ORIENTED_EDGE('',*,*,#4060,.F.);
#4596=ORIENTED_EDGE('',*,*,#4158,.F.);
#4597=EDGE_LOOP('',(#4591,#4592,#4593,#4594,#4595,#4596));
#4598=FACE_BOUND('',#4597,.T.);
#4599=ADVANCED_FACE('',(#4598),#4585,.F.);
#4600=CARTESIAN_POINT('',(4707.640234828,-309.553507797,16.3));
#4601=DIRECTION('',(-0.663941735,0.747784309,0.));
#4602=DIRECTION('',(0.,0.,1.));
#4603=AXIS2_PLACEMENT_3D('',#4600,#4601,#4602);
#4604=CYLINDRICAL_SURFACE('',#4603,1.);
#4605=CARTESIAN_POINT('',(4684.933427497,-283.97928443,17.3));
#4606=DIRECTION('',(0.663941735,-0.747784309,-0.));
#4607=VECTOR('',#4606,2.);
#4608=LINE('',#4605,#4607);
#4609=EDGE_CURVE('',#3791,#4205,#4608,.T.);
#4610=ORIENTED_EDGE('',*,*,#4609,.F.);
#4611=ORIENTED_EDGE('',*,*,#3872,.T.);
#4612=ORIENTED_EDGE('',*,*,#4609,.T.);
#4613=ORIENTED_EDGE('',*,*,#4286,.F.);
#4614=EDGE_LOOP('',(#4610,#4611,#4612,#4613));
#4615=FACE_BOUND('',#4614,.T.);
#4616=ADVANCED_FACE('',(#4615),#4604,.F.);
#4617=CARTESIAN_POINT('',(4707.640234828,-309.553507797,16.3));
#4618=DIRECTION('',(-0.663941735,0.747784309,0.));
#4619=DIRECTION('',(0.,0.,1.));
#4620=AXIS2_PLACEMENT_3D('',#4617,#4618,#4619);
#4621=CYLINDRICAL_SURFACE('',#4620,1.);
#4622=CARTESIAN_POINT('',(4716.138689033,-319.125146952,17.3));
#4623=DIRECTION('',(0.663941735,-0.747784309,-0.));
#4624=VECTOR('',#4623,2.);
#4625=LINE('',#4622,#4624);
#4626=EDGE_CURVE('',#4377,#3877,#4625,.T.);
#4627=ORIENTED_EDGE('',*,*,#4626,.F.);
#4628=ORIENTED_EDGE('',*,*,#4458,.F.);
#4629=ORIENTED_EDGE('',*,*,#4626,.T.);
#4630=ORIENTED_EDGE('',*,*,#3958,.T.);
#4631=EDGE_LOOP('',(#4627,#4628,#4629,#4630));
#4632=FACE_BOUND('',#4631,.T.);
#4633=ADVANCED_FACE('',(#4632),#4621,.F.);
#4634=CARTESIAN_POINT('',(4709.023455572,-278.521994556,16.3));
#4635=DIRECTION('',(-0.,-0.,1.));
#4636=DIRECTION('',(0.059285653,0.998241059,0.));
#4637=AXIS2_PLACEMENT_3D('',#4634,#4635,#4636);
#4638=PLANE('',#4637);
#4639=CARTESIAN_POINT('',(4714.445234803,-281.688989471,16.3));
#4640=DIRECTION('',(-0.059285653,-0.998241059,-0.));
#4641=VECTOR('',#4640,2.327143053);
#4642=LINE('',#4639,#4641);
#4643=EDGE_CURVE('',#3488,#4179,#4642,.T.);
#4644=ORIENTED_EDGE('',*,*,#4643,.T.);
#4645=ORIENTED_EDGE('',*,*,#4185,.T.);
#4646=CARTESIAN_POINT('',(4690.487449393,-280.266133805,16.3));
#4647=DIRECTION('',(-0.059285653,-0.998241059,-0.));
#4648=VECTOR('',#4647,2.327143053);
#4649=LINE('',#4646,#4648);
#4650=EDGE_CURVE('',#3496,#4171,#4649,.T.);
#4651=ORIENTED_EDGE('',*,*,#4650,.F.);
#4652=ORIENTED_EDGE('',*,*,#3502,.F.);
#4653=EDGE_LOOP('',(#4644,#4645,#4651,#4652));
#4654=FACE_BOUND('',#4653,.T.);
#4655=ADVANCED_FACE('',(#4654),#4638,.F.);
#4656=CARTESIAN_POINT('',(4690.655820091,-277.431138545,15.4));
#4657=DIRECTION('',(-0.998241059,0.059285653,0.));
#4658=DIRECTION('',(-0.059285653,-0.998241059,-0.));
#4659=AXIS2_PLACEMENT_3D('',#4656,#4657,#4658);
#4660=PLANE('',#4659);
#4661=ORIENTED_EDGE('',*,*,#4650,.T.);
#4662=ORIENTED_EDGE('',*,*,#4176,.T.);
#4663=ORIENTED_EDGE('',*,*,#4549,.T.);
#4664=ORIENTED_EDGE('',*,*,#3510,.F.);
#4665=EDGE_LOOP('',(#4661,#4662,#4663,#4664));
#4666=FACE_BOUND('',#4665,.T.);
#4667=ADVANCED_FACE('',(#4666),#4660,.F.);
#4668=CARTESIAN_POINT('',(4714.613605501,-278.853994211,15.4));
#4669=DIRECTION('',(0.998241059,-0.059285653,-0.));
#4670=DIRECTION('',(0.059285653,0.998241059,0.));
#4671=AXIS2_PLACEMENT_3D('',#4668,#4669,#4670);
#4672=PLANE('',#4671);
#4673=ORIENTED_EDGE('',*,*,#4557,.T.);
#4674=ORIENTED_EDGE('',*,*,#4193,.T.);
#4675=ORIENTED_EDGE('',*,*,#4643,.F.);
#4676=ORIENTED_EDGE('',*,*,#3493,.F.);
#4677=EDGE_LOOP('',(#4673,#4674,#4675,#4676));
#4678=FACE_BOUND('',#4677,.T.);
#4679=ADVANCED_FACE('',(#4678),#4672,.F.);
#4680=CLOSED_SHELL('',(#3962,#4462,#4491,#4520,#4539,#4563,#4580,#4599,#4616,#4633,#4655,#4667,#4679));
#4681=MANIFOLD_SOLID_BREP('ball-ring',#4680);
#3462=STYLED_ITEM('',(#619),#4681);
#3443=SHAPE_REPRESENTATION('Folder 10',(#15),#3441);
#3444=ADVANCED_BREP_SHAPE_REPRESENTATION('Folder 10',(#4681),#3441);
#4689=SHAPE_REPRESENTATION_RELATIONSHIP('','',#3443,#3444);
#4690=CARTESIAN_POINT('',(0.,0.,0.));
#4691=DIRECTION('',(0.,0.,1.));
#4692=DIRECTION('',(1.,0.,0.));
#4693=AXIS2_PLACEMENT_3D('',#4690,#4691,#4692);
#4695=MAPPED_ITEM('',#4694,#4693);
#4694=REPRESENTATION_MAP(#4693,#3443);
#4696=APPLICATION_CONTEXT('Managed model based 3d engineering');
#4697=APPLICATION_PROTOCOL_DEFINITION('international standard','ap242_managed_model_based_3d_engineering',2014,#4696);
#4698=PRODUCT_CONTEXT('',#4696,'mechanical');
#4699=PRODUCT_DEFINITION_CONTEXT('part definition',#4696,'design');
#3451=PRODUCT('Folder 10','Folder 10','',(#4698));
#4700=PRODUCT_RELATED_PRODUCT_CATEGORY('part','',(#3451));
#4701=PRODUCT_DEFINITION_FORMATION_WITH_SPECIFIED_SOURCE('','',#3451,.NOT_KNOWN.);
#3452=PRODUCT_DEFINITION('design','',#4701,#4699);
#3450=PRODUCT_DEFINITION_SHAPE('','',#3452);
#4702=SHAPE_DEFINITION_REPRESENTATION(#3450,#3443);
#3442=DRAUGHTING_MODEL('',(#4695),#3441);
#657=SHAPE_REPRESENTATION('planck + macropad (nice!nano).x_t',(#15,#3456),#655);
#658=ADVANCED_BREP_SHAPE_REPRESENTATION('planck + macropad (nice!nano).x_t',(#3433),#655);
#4710=SHAPE_REPRESENTATION_RELATIONSHIP('','',#657,#658);
#4711=CARTESIAN_POINT('',(0.,0.,0.));
#4712=DIRECTION('',(0.,0.,1.));
#4713=DIRECTION('',(1.,0.,0.));
#4714=AXIS2_PLACEMENT_3D('',#4711,#4712,#4713);
#4716=MAPPED_ITEM('',#4715,#4714);
#4715=REPRESENTATION_MAP(#4714,#657);
#665=PRODUCT('planck + macropad (nice!nano).x_t','planck + macropad (nice!nano).x_t','',(#4698));
#4717=PRODUCT_RELATED_PRODUCT_CATEGORY('part','',(#665));
#4718=PRODUCT_DEFINITION_FORMATION_WITH_SPECIFIED_SOURCE('','',#665,.NOT_KNOWN.);
#666=PRODUCT_DEFINITION('design','',#4718,#4699);
#664=PRODUCT_DEFINITION_SHAPE('','',#666);
#4719=SHAPE_DEFINITION_REPRESENTATION(#664,#657);
#656=DRAUGHTING_MODEL('',(#4716),#655);
#629=SHAPE_REPRESENTATION('planck + macropad (nice!nano).x_t',(#15,#670),#627);
#4720=CARTESIAN_POINT('',(0.,0.,0.));
#4721=DIRECTION('',(0.,0.,1.));
#4722=DIRECTION('',(1.,0.,0.));
#4723=AXIS2_PLACEMENT_3D('',#4720,#4721,#4722);
#4725=MAPPED_ITEM('',#4724,#4723);
#4724=REPRESENTATION_MAP(#4723,#629);
#637=PRODUCT('planck + macropad (nice!nano).x_t','planck + macropad (nice!nano).x_t','',(#4698));
#4726=PRODUCT_RELATED_PRODUCT_CATEGORY('part','',(#637));
#4727=PRODUCT_DEFINITION_FORMATION_WITH_SPECIFIED_SOURCE('','',#637,.NOT_KNOWN.);
#638=PRODUCT_DEFINITION('design','',#4727,#4699);
#636=PRODUCT_DEFINITION_SHAPE('','',#638);
#4728=SHAPE_DEFINITION_REPRESENTATION(#636,#629);
#628=DRAUGHTING_MODEL('',(#4725),#627);
#91=SHAPE_REPRESENTATION('trackball.x_t',(#15,#642),#89);
#92=ADVANCED_BREP_SHAPE_REPRESENTATION('trackball.x_t',(#612),#89);
#4736=SHAPE_REPRESENTATION_RELATIONSHIP('','',#91,#92);
#4737=CARTESIAN_POINT('',(0.,0.,0.));
#4738=DIRECTION('',(0.,0.,1.));
#4739=DIRECTION('',(1.,0.,0.));
#4740=AXIS2_PLACEMENT_3D('',#4737,#4738,#4739);
#4742=MAPPED_ITEM('',#4741,#4740);
#4741=REPRESENTATION_MAP(#4740,#91);
#99=PRODUCT('trackball.x_t','trackball.x_t','',(#4698));
#4743=PRODUCT_RELATED_PRODUCT_CATEGORY('part','',(#99));
#4744=PRODUCT_DEFINITION_FORMATION_WITH_SPECIFIED_SOURCE('','',#99,.NOT_KNOWN.);
#100=PRODUCT_DEFINITION('design','',#4744,#4699);
#98=PRODUCT_DEFINITION_SHAPE('','',#100);
#4745=SHAPE_DEFINITION_REPRESENTATION(#98,#91);
#90=DRAUGHTING_MODEL('',(#4742),#89);
#63=SHAPE_REPRESENTATION('trackball.x_t',(#15,#104),#61);
#4746=CARTESIAN_POINT('',(0.,0.,0.));
#4747=DIRECTION('',(0.,0.,1.));
#4748=DIRECTION('',(1.,0.,0.));
#4749=AXIS2_PLACEMENT_3D('',#4746,#4747,#4748);
#4751=MAPPED_ITEM('',#4750,#4749);
#4750=REPRESENTATION_MAP(#4749,#63);
#71=PRODUCT('trackball.x_t','trackball.x_t','',(#4698));
#4752=PRODUCT_RELATED_PRODUCT_CATEGORY('part','',(#71));
#4753=PRODUCT_DEFINITION_FORMATION_WITH_SPECIFIED_SOURCE('','',#71,.NOT_KNOWN.);
#72=PRODUCT_DEFINITION('design','',#4753,#4699);
#70=PRODUCT_DEFINITION_SHAPE('','',#72);
#4754=SHAPE_DEFINITION_REPRESENTATION(#70,#63);
#62=DRAUGHTING_MODEL('',(#4751),#61);
#35=SHAPE_REPRESENTATION('trackball.x_t',(#15,#76),#33);
#4755=CARTESIAN_POINT('',(0.,0.,0.));
#4756=DIRECTION('',(0.,0.,1.));
#4757=DIRECTION('',(1.,0.,0.));
#4758=AXIS2_PLACEMENT_3D('',#4755,#4756,#4757);
#4760=MAPPED_ITEM('',#4759,#4758);
#4759=REPRESENTATION_MAP(#4758,#35);
#43=PRODUCT('trackball.x_t','trackball.x_t','',(#4698));
#4761=PRODUCT_RELATED_PRODUCT_CATEGORY('part','',(#43));
#4762=PRODUCT_DEFINITION_FORMATION_WITH_SPECIFIED_SOURCE('','',#43,.NOT_KNOWN.);
#44=PRODUCT_DEFINITION('design','',#4762,#4699);
#42=PRODUCT_DEFINITION_SHAPE('','',#44);
#4763=SHAPE_DEFINITION_REPRESENTATION(#42,#35);
#34=DRAUGHTING_MODEL('',(#4760),#33);
#4764=(NAMED_UNIT(*)PLANE_ANGLE_UNIT()SI_UNIT($,.RADIAN.));
#4765=PLANE_ANGLE_MEASURE_WITH_UNIT(PLANE_ANGLE_MEASURE(0.0174532925),#4764);
#4766=(CONVERSION_BASED_UNIT('DEGREE',#4765)NAMED_UNIT(#4767)PLANE_ANGLE_UNIT());
#4767=DIMENSIONAL_EXPONENTS(0.,0.,0.,0.,0.,0.,0.);
#4768=(NAMED_UNIT(*)SI_UNIT($,.STERADIAN.)SOLID_ANGLE_UNIT());
#4769=(LENGTH_UNIT()NAMED_UNIT(*)SI_UNIT(.MILLI.,.METRE.));
#4770=UNCERTAINTY_MEASURE_WITH_UNIT(LENGTH_MEASURE(1.000000E-03),#4769,'DISTANCE_ACCURACY_VALUE','Maximum Tolerance applied to model');
#4771=(GEOMETRIC_REPRESENTATION_CONTEXT(3)GLOBAL_UNCERTAINTY_ASSIGNED_CONTEXT((#4770))GLOBAL_UNIT_ASSIGNED_CONTEXT((#4769,#4766,#4768))REPRESENTATION_CONTEXT('','usb.x_t'));
#4783=CARTESIAN_POINT('',(0.,0.,0.));
#4784=DIRECTION('',(0.,0.,1.));
#4785=DIRECTION('',(1.,0.,-0.));
#4786=AXIS2_PLACEMENT_3D('',#4783,#4784,#4785);
#4787=ITEM_DEFINED_TRANSFORMATION('','',#4786,#15);
#4788=(REPRESENTATION_RELATIONSHIP('','',#4773,#16)REPRESENTATION_RELATIONSHIP_WITH_TRANSFORMATION(#4787)SHAPE_REPRESENTATION_RELATIONSHIP());
#4789=NEXT_ASSEMBLY_USAGE_OCCURRENCE('usb.x_t_7','usb.x_t','usb.x_t',#25,#4782,$);
#4790=PRODUCT_DEFINITION_SHAPE('','',#4789);
#4791=CONTEXT_DEPENDENT_SHAPE_REPRESENTATION(#4788,#4790);
#4792=(NAMED_UNIT(*)PLANE_ANGLE_UNIT()SI_UNIT($,.RADIAN.));
#4793=PLANE_ANGLE_MEASURE_WITH_UNIT(PLANE_ANGLE_MEASURE(0.0174532925),#4792);
#4794=(CONVERSION_BASED_UNIT('DEGREE',#4793)NAMED_UNIT(#4795)PLANE_ANGLE_UNIT());
#4795=DIMENSIONAL_EXPONENTS(0.,0.,0.,0.,0.,0.,0.);
#4796=(NAMED_UNIT(*)SI_UNIT($,.STERADIAN.)SOLID_ANGLE_UNIT());
#4797=(LENGTH_UNIT()NAMED_UNIT(*)SI_UNIT(.MILLI.,.METRE.));
#4798=UNCERTAINTY_MEASURE_WITH_UNIT(LENGTH_MEASURE(1.000000E-05),#4797,'DISTANCE_ACCURACY_VALUE','Maximum Tolerance applied to model');
#4799=(GEOMETRIC_REPRESENTATION_CONTEXT(3)GLOBAL_UNCERTAINTY_ASSIGNED_CONTEXT((#4798))GLOBAL_UNIT_ASSIGNED_CONTEXT((#4797,#4794,#4796))REPRESENTATION_CONTEXT('','planck.x_t'));
#4811=CARTESIAN_POINT('',(0.,0.,0.));
#4812=DIRECTION('',(0.,0.,1.));
#4813=DIRECTION('',(1.,0.,-0.));
#4814=AXIS2_PLACEMENT_3D('',#4811,#4812,#4813);
#4815=ITEM_DEFINED_TRANSFORMATION('','',#4814,#15);
#4816=(REPRESENTATION_RELATIONSHIP('','',#4801,#4773)REPRESENTATION_RELATIONSHIP_WITH_TRANSFORMATION(#4815)SHAPE_REPRESENTATION_RELATIONSHIP());
#4817=NEXT_ASSEMBLY_USAGE_OCCURRENCE('planck.x_t_8','planck.x_t','planck.x_t',#4782,#4810,$);
#4818=PRODUCT_DEFINITION_SHAPE('','',#4817);
#4819=CONTEXT_DEPENDENT_SHAPE_REPRESENTATION(#4816,#4818);
#4821=CARTESIAN_POINT('',(4691.7,-274.9,5.9));
#4822=DIRECTION('',(0.,1.,0.));
#4823=DIRECTION('',(0.,0.,-1.));
#4824=AXIS2_PLACEMENT_3D('',#4821,#4822,#4823);
#4825=PLANE('',#4824);
#4826=CARTESIAN_POINT('',(4704.1,-274.9,6.9));
#4827=VERTEX_POINT('',#4826);
#4828=CARTESIAN_POINT('',(4705.9,-274.9,8.7));
#4829=VERTEX_POINT('',#4828);
#4830=CARTESIAN_POINT('',(4704.1,-274.9,8.7));
#4831=DIRECTION('',(-0.,-1.,-0.));
#4832=DIRECTION('',(-1.,0.,0.));
#4833=AXIS2_PLACEMENT_3D('',#4830,#4831,#4832);
#4834=CIRCLE('',#4833,1.8);
#4835=EDGE_CURVE('',#4827,#4829,#4834,.T.);
#4836=ORIENTED_EDGE('',*,*,#4835,.F.);
#4837=CARTESIAN_POINT('',(4698.3,-274.9,6.9));
#4838=VERTEX_POINT('',#4837);
#4839=CARTESIAN_POINT('',(4698.3,-274.9,6.9));
#4840=DIRECTION('',(1.,-0.,-0.));
#4841=VECTOR('',#4840,5.8);
#4842=LINE('',#4839,#4841);
#4843=EDGE_CURVE('',#4838,#4827,#4842,.T.);
#4844=ORIENTED_EDGE('',*,*,#4843,.F.);
#4845=CARTESIAN_POINT('',(4696.5,-274.9,8.7));
#4846=VERTEX_POINT('',#4845);
#4847=CARTESIAN_POINT('',(4698.3,-274.9,8.7));
#4848=DIRECTION('',(-0.,-1.,-0.));
#4849=DIRECTION('',(-1.,0.,0.));
#4850=AXIS2_PLACEMENT_3D('',#4847,#4848,#4849);
#4851=CIRCLE('',#4850,1.8);
#4852=EDGE_CURVE('',#4846,#4838,#4851,.T.);
#4853=ORIENTED_EDGE('',*,*,#4852,.F.);
#4854=CARTESIAN_POINT('',(4698.3,-274.9,10.5));
#4855=VERTEX_POINT('',#4854);
#4856=CARTESIAN_POINT('',(4698.3,-274.9,8.7));
#4857=DIRECTION('',(-0.,-1.,-0.));
#4858=DIRECTION('',(-1.,0.,0.));
#4859=AXIS2_PLACEMENT_3D('',#4856,#4857,#4858);
#4860=CIRCLE('',#4859,1.8);
#4861=EDGE_CURVE('',#4855,#4846,#4860,.T.);
#4862=ORIENTED_EDGE('',*,*,#4861,.F.);
#4863=CARTESIAN_POINT('',(4704.1,-274.9,10.5));
#4864=VERTEX_POINT('',#4863);
#4865=CARTESIAN_POINT('',(4704.1,-274.9,10.5));
#4866=DIRECTION('',(-1.,0.,0.));
#4867=VECTOR('',#4866,5.8);
#4868=LINE('',#4865,#4867);
#4869=EDGE_CURVE('',#4864,#4855,#4868,.T.);
#4870=ORIENTED_EDGE('',*,*,#4869,.F.);
#4871=CARTESIAN_POINT('',(4704.1,-274.9,8.7));
#4872=DIRECTION('',(-0.,-1.,-0.));
#4873=DIRECTION('',(-1.,0.,0.));
#4874=AXIS2_PLACEMENT_3D('',#4871,#4872,#4873);
#4875=CIRCLE('',#4874,1.8);
#4876=EDGE_CURVE('',#4829,#4864,#4875,.T.);
#4877=ORIENTED_EDGE('',*,*,#4876,.F.);
#4878=EDGE_LOOP('',(#4836,#4844,#4853,#4862,#4870,#4877));
#4879=FACE_BOUND('',#4878,.T.);
#4880=CARTESIAN_POINT('',(4707.4,-274.9,7.9));
#4881=VERTEX_POINT('',#4880);
#4882=CARTESIAN_POINT('',(4707.4,-274.9,5.9));
#4883=VERTEX_POINT('',#4882);
#4884=CARTESIAN_POINT('',(4707.4,-274.9,7.9));
#4885=DIRECTION('',(-0.,-0.,-1.));
#4886=VECTOR('',#4885,2.);
#4887=LINE('',#4884,#4886);
#4888=EDGE_CURVE('',#4881,#4883,#4887,.T.);
#4889=ORIENTED_EDGE('',*,*,#4888,.F.);
#4890=CARTESIAN_POINT('',(4717.7,-274.9,7.9));
#4891=VERTEX_POINT('',#4890);
#4892=CARTESIAN_POINT('',(4707.4,-274.9,7.9));
#4893=DIRECTION('',(1.,0.,0.));
#4894=VECTOR('',#4893,10.3);
#4895=LINE('',#4892,#4894);
#4896=EDGE_CURVE('',#4881,#4891,#4895,.T.);
#4897=ORIENTED_EDGE('',*,*,#4896,.T.);
#4898=CARTESIAN_POINT('',(4717.7,-274.9,5.9));
#4899=VERTEX_POINT('',#4898);
#4900=CARTESIAN_POINT('',(4717.7,-274.9,7.9));
#4901=DIRECTION('',(0.,0.,-1.));
#4902=VECTOR('',#4901,2.);
#4903=LINE('',#4900,#4902);
#4904=EDGE_CURVE('',#4891,#4899,#4903,.T.);
#4905=ORIENTED_EDGE('',*,*,#4904,.T.);
#4906=CARTESIAN_POINT('',(4728.6,-274.9,5.9));
#4907=VERTEX_POINT('',#4906);
#4908=CARTESIAN_POINT('',(4728.6,-274.9,5.9));
#4909=DIRECTION('',(-1.,0.,0.));
#4910=VECTOR('',#4909,10.9);
#4911=LINE('',#4908,#4910);
#4912=EDGE_CURVE('',#4907,#4899,#4911,.T.);
#4913=ORIENTED_EDGE('',*,*,#4912,.F.);
#4914=CARTESIAN_POINT('',(4728.6,-274.9,15.9));
#4915=VERTEX_POINT('',#4914);
#4916=CARTESIAN_POINT('',(4728.6,-274.9,15.9));
#4917=DIRECTION('',(-0.,0.,-1.));
#4918=VECTOR('',#4917,10.);
#4919=LINE('',#4916,#4918);
#4920=EDGE_CURVE('',#4915,#4907,#4919,.T.);
#4921=ORIENTED_EDGE('',*,*,#4920,.F.);
#4922=CARTESIAN_POINT('',(4711.,-274.9,15.9));
#4923=VERTEX_POINT('',#4922);
#4924=CARTESIAN_POINT('',(4728.6,-274.9,15.9));
#4925=DIRECTION('',(-1.,0.,0.));
#4926=VECTOR('',#4925,17.6);
#4927=LINE('',#4924,#4926);
#4928=EDGE_CURVE('',#4915,#4923,#4927,.T.);
#4929=ORIENTED_EDGE('',*,*,#4928,.T.);
#4930=CARTESIAN_POINT('',(4711.,-274.9,10.1));
#4931=VERTEX_POINT('',#4930);
#4932=CARTESIAN_POINT('',(4711.,-274.9,10.1));
#4933=DIRECTION('',(0.,-0.,1.));
#4934=VECTOR('',#4933,5.8);
#4935=LINE('',#4932,#4934);
#4936=EDGE_CURVE('',#4931,#4923,#4935,.T.);
#4937=ORIENTED_EDGE('',*,*,#4936,.F.);
#4938=CARTESIAN_POINT('',(4706.4,-274.9,10.1));
#4939=VERTEX_POINT('',#4938);
#4940=CARTESIAN_POINT('',(4711.,-274.9,10.1));
#4941=DIRECTION('',(-1.,0.,0.));
#4942=VECTOR('',#4941,4.6);
#4943=LINE('',#4940,#4942);
#4944=EDGE_CURVE('',#4931,#4939,#4943,.T.);
#4945=ORIENTED_EDGE('',*,*,#4944,.T.);
#4946=CARTESIAN_POINT('',(4706.4,-274.9,15.9));
#4947=VERTEX_POINT('',#4946);
#4948=CARTESIAN_POINT('',(4706.4,-274.9,15.9));
#4949=DIRECTION('',(-0.,0.,-1.));
#4950=VECTOR('',#4949,5.8);
#4951=LINE('',#4948,#4950);
#4952=EDGE_CURVE('',#4947,#4939,#4951,.T.);
#4953=ORIENTED_EDGE('',*,*,#4952,.F.);
#4954=CARTESIAN_POINT('',(4705.2,-274.9,15.9));
#4955=VERTEX_POINT('',#4954);
#4956=CARTESIAN_POINT('',(4706.4,-274.9,15.9));
#4957=DIRECTION('',(-1.,0.,0.));
#4958=VECTOR('',#4957,1.2);
#4959=LINE('',#4956,#4958);
#4960=EDGE_CURVE('',#4947,#4955,#4959,.T.);
#4961=ORIENTED_EDGE('',*,*,#4960,.T.);
#4962=CARTESIAN_POINT('',(4705.2,-274.9,12.1));
#4963=VERTEX_POINT('',#4962);
#4964=CARTESIAN_POINT('',(4705.2,-274.9,12.1));
#4965=DIRECTION('',(0.,-0.,1.));
#4966=VECTOR('',#4965,3.8);
#4967=LINE('',#4964,#4966);
#4968=EDGE_CURVE('',#4963,#4955,#4967,.T.);
#4969=ORIENTED_EDGE('',*,*,#4968,.F.);
#4970=CARTESIAN_POINT('',(4697.2,-274.9,12.1));
#4971=VERTEX_POINT('',#4970);
#4972=CARTESIAN_POINT('',(4697.2,-274.9,12.1));
#4973=DIRECTION('',(1.,0.,-0.));
#4974=VECTOR('',#4973,8.);
#4975=LINE('',#4972,#4974);
#4976=EDGE_CURVE('',#4971,#4963,#4975,.T.);
#4977=ORIENTED_EDGE('',*,*,#4976,.F.);
#4978=CARTESIAN_POINT('',(4697.2,-274.9,15.9));
#4979=VERTEX_POINT('',#4978);
#4980=CARTESIAN_POINT('',(4697.2,-274.9,15.9));
#4981=DIRECTION('',(-0.,0.,-1.));
#4982=VECTOR('',#4981,3.8);
#4983=LINE('',#4980,#4982);
#4984=EDGE_CURVE('',#4979,#4971,#4983,.T.);
#4985=ORIENTED_EDGE('',*,*,#4984,.F.);
#4986=CARTESIAN_POINT('',(4696.,-274.9,15.9));
#4987=VERTEX_POINT('',#4986);
#4988=CARTESIAN_POINT('',(4697.2,-274.9,15.9));
#4989=DIRECTION('',(-1.,0.,0.));
#4990=VECTOR('',#4989,1.2);
#4991=LINE('',#4988,#4990);
#4992=EDGE_CURVE('',#4979,#4987,#4991,.T.);
#4993=ORIENTED_EDGE('',*,*,#4992,.T.);
#4994=CARTESIAN_POINT('',(4696.,-274.9,10.1));
#4995=VERTEX_POINT('',#4994);
#4996=CARTESIAN_POINT('',(4696.,-274.9,15.9));
#4997=DIRECTION('',(-0.,0.,-1.));
#4998=VECTOR('',#4997,5.8);
#4999=LINE('',#4996,#4998);
#5000=EDGE_CURVE('',#4987,#4995,#4999,.T.);
#5001=ORIENTED_EDGE('',*,*,#5000,.T.);
#5002=CARTESIAN_POINT('',(4691.4,-274.9,10.1));
#5003=VERTEX_POINT('',#5002);
#5004=CARTESIAN_POINT('',(4696.,-274.9,10.1));
#5005=DIRECTION('',(-1.,0.,0.));
#5006=VECTOR('',#5005,4.6);
#5007=LINE('',#5004,#5006);
#5008=EDGE_CURVE('',#4995,#5003,#5007,.T.);
#5009=ORIENTED_EDGE('',*,*,#5008,.T.);
#5010=CARTESIAN_POINT('',(4691.4,-274.9,15.9));
#5011=VERTEX_POINT('',#5010);
#5012=CARTESIAN_POINT('',(4691.4,-274.9,10.1));
#5013=DIRECTION('',(0.,-0.,1.));
#5014=VECTOR('',#5013,5.8);
#5015=LINE('',#5012,#5014);
#5016=EDGE_CURVE('',#5003,#5011,#5015,.T.);
#5017=ORIENTED_EDGE('',*,*,#5016,.T.);
#5018=CARTESIAN_POINT('',(4673.8,-274.9,15.9));
#5019=VERTEX_POINT('',#5018);
#5020=CARTESIAN_POINT('',(4691.4,-274.9,15.9));
#5021=DIRECTION('',(-1.,0.,0.));
#5022=VECTOR('',#5021,17.6);
#5023=LINE('',#5020,#5022);
#5024=EDGE_CURVE('',#5011,#5019,#5023,.T.);
#5025=ORIENTED_EDGE('',*,*,#5024,.T.);
#5026=CARTESIAN_POINT('',(4673.8,-274.9,5.9));
#5027=VERTEX_POINT('',#5026);
#5028=CARTESIAN_POINT('',(4673.8,-274.9,15.9));
#5029=DIRECTION('',(-0.,0.,-1.));
#5030=VECTOR('',#5029,10.);
#5031=LINE('',#5028,#5030);
#5032=EDGE_CURVE('',#5019,#5027,#5031,.T.);
#5033=ORIENTED_EDGE('',*,*,#5032,.T.);
#5034=CARTESIAN_POINT('',(4684.7,-274.9,5.9));
#5035=VERTEX_POINT('',#5034);
#5036=CARTESIAN_POINT('',(4684.7,-274.9,5.9));
#5037=DIRECTION('',(-1.,0.,0.));
#5038=VECTOR('',#5037,10.9);
#5039=LINE('',#5036,#5038);
#5040=EDGE_CURVE('',#5035,#5027,#5039,.T.);
#5041=ORIENTED_EDGE('',*,*,#5040,.F.);
#5042=CARTESIAN_POINT('',(4684.7,-274.9,7.9));
#5043=VERTEX_POINT('',#5042);
#5044=CARTESIAN_POINT('',(4684.7,-274.9,7.9));
#5045=DIRECTION('',(0.,0.,-1.));
#5046=VECTOR('',#5045,2.);
#5047=LINE('',#5044,#5046);
#5048=EDGE_CURVE('',#5043,#5035,#5047,.T.);
#5049=ORIENTED_EDGE('',*,*,#5048,.F.);
#5050=CARTESIAN_POINT('',(4695.,-274.9,7.9));
#5051=VERTEX_POINT('',#5050);
#5052=CARTESIAN_POINT('',(4684.7,-274.9,7.9));
#5053=DIRECTION('',(1.,0.,0.));
#5054=VECTOR('',#5053,10.3);
#5055=LINE('',#5052,#5054);
#5056=EDGE_CURVE('',#5043,#5051,#5055,.T.);
#5057=ORIENTED_EDGE('',*,*,#5056,.T.);
#5058=CARTESIAN_POINT('',(4695.,-274.9,5.9));
#5059=VERTEX_POINT('',#5058);
#5060=CARTESIAN_POINT('',(4695.,-274.9,7.9));
#5061=DIRECTION('',(-0.,-0.,-1.));
#5062=VECTOR('',#5061,2.);
#5063=LINE('',#5060,#5062);
#5064=EDGE_CURVE('',#5051,#5059,#5063,.T.);
#5065=ORIENTED_EDGE('',*,*,#5064,.T.);
#5066=CARTESIAN_POINT('',(4707.4,-274.9,5.9));
#5067=DIRECTION('',(-1.,0.,0.));
#5068=VECTOR('',#5067,12.4);
#5069=LINE('',#5066,#5068);
#5070=EDGE_CURVE('',#4883,#5059,#5069,.T.);
#5071=ORIENTED_EDGE('',*,*,#5070,.F.);
#5072=EDGE_LOOP('',(#4889,#4897,#4905,#4913,#4921,#4929,#4937,#4945,#4953,#4961,#4969,#4977,#4985,#4993,#5001,#5009,#5017,#5025,#5033,#5041,#5049,#5057,#5065,#5071));
#5073=FACE_BOUND('',#5072,.T.);
#5074=ADVANCED_FACE('',(#4879,#5073),#4825,.F.);
#5075=CARTESIAN_POINT('',(4755.3,-627.8,5.9));
#5076=DIRECTION('',(-0.,-0.,1.));
#5077=DIRECTION('',(-1.,0.,-0.));
#5078=AXIS2_PLACEMENT_3D('',#5075,#5076,#5077);
#5079=PLANE('',#5078);
#5080=CARTESIAN_POINT('',(4708.6,-288.193422476,5.9));
#5081=VERTEX_POINT('',#5080);
#5082=CARTESIAN_POINT('',(4708.6,-284.7,5.9));
#5083=VERTEX_POINT('',#5082);
#5084=CARTESIAN_POINT('',(4708.6,-288.193422476,5.9));
#5085=DIRECTION('',(0.,1.,-0.));
#5086=VECTOR('',#5085,3.493422476);
#5087=LINE('',#5084,#5086);
#5088=EDGE_CURVE('',#5081,#5083,#5087,.T.);
#5089=ORIENTED_EDGE('',*,*,#5088,.F.);
#5090=CARTESIAN_POINT('',(4715.164744968,-294.,5.9));
#5091=VERTEX_POINT('',#5090);
#5092=CARTESIAN_POINT('',(4701.,-303.4,5.9));
#5093=DIRECTION('',(0.,0.,-1.));
#5094=DIRECTION('',(1.,0.,0.));
#5095=AXIS2_PLACEMENT_3D('',#5092,#5093,#5094);
#5096=CIRCLE('',#5095,17.);
#5097=EDGE_CURVE('',#5081,#5091,#5096,.T.);
#5098=ORIENTED_EDGE('',*,*,#5097,.T.);
#5099=CARTESIAN_POINT('',(4717.049922118,-294.,5.9));
#5100=VERTEX_POINT('',#5099);
#5101=CARTESIAN_POINT('',(4715.164744968,-294.,5.9));
#5102=DIRECTION('',(1.,0.,0.));
#5103=VECTOR('',#5102,1.88517715);
#5104=LINE('',#5101,#5103);
#5105=EDGE_CURVE('',#5091,#5100,#5104,.T.);
#5106=ORIENTED_EDGE('',*,*,#5105,.T.);
#5107=CARTESIAN_POINT('',(4717.049922118,-312.8,5.9));
#5108=VERTEX_POINT('',#5107);
#5109=CARTESIAN_POINT('',(4701.,-303.4,5.9));
#5110=DIRECTION('',(0.,0.,-1.));
#5111=DIRECTION('',(-1.,0.,-0.));
#5112=AXIS2_PLACEMENT_3D('',#5109,#5110,#5111);
#5113=CIRCLE('',#5112,18.6);
#5114=EDGE_CURVE('',#5100,#5108,#5113,.T.);
#5115=ORIENTED_EDGE('',*,*,#5114,.T.);
#5116=CARTESIAN_POINT('',(4715.164744968,-312.8,5.9));
#5117=VERTEX_POINT('',#5116);
#5118=CARTESIAN_POINT('',(4717.049922118,-312.8,5.9));
#5119=DIRECTION('',(-1.,0.,-0.));
#5120=VECTOR('',#5119,1.88517715);
#5121=LINE('',#5118,#5120);
#5122=EDGE_CURVE('',#5108,#5117,#5121,.T.);
#5123=ORIENTED_EDGE('',*,*,#5122,.T.);
#5124=CARTESIAN_POINT('',(4686.835255032,-312.8,5.9));
#5125=VERTEX_POINT('',#5124);
#5126=CARTESIAN_POINT('',(4701.,-303.4,5.9));
#5127=DIRECTION('',(0.,0.,-1.));
#5128=DIRECTION('',(-1.,0.,-0.));
#5129=AXIS2_PLACEMENT_3D('',#5126,#5127,#5128);
#5130=CIRCLE('',#5129,17.);
#5131=EDGE_CURVE('',#5117,#5125,#5130,.T.);
#5132=ORIENTED_EDGE('',*,*,#5131,.T.);
#5133=CARTESIAN_POINT('',(4684.950077882,-312.8,5.9));
#5134=VERTEX_POINT('',#5133);
#5135=CARTESIAN_POINT('',(4686.835255032,-312.8,5.9));
#5136=DIRECTION('',(-1.,0.,-0.));
#5137=VECTOR('',#5136,1.88517715);
#5138=LINE('',#5135,#5137);
#5139=EDGE_CURVE('',#5125,#5134,#5138,.T.);
#5140=ORIENTED_EDGE('',*,*,#5139,.T.);
#5141=CARTESIAN_POINT('',(4682.4,-303.4,5.9));
#5142=VERTEX_POINT('',#5141);
#5143=CARTESIAN_POINT('',(4701.,-303.4,5.9));
#5144=DIRECTION('',(0.,0.,-1.));
#5145=DIRECTION('',(-1.,0.,-0.));
#5146=AXIS2_PLACEMENT_3D('',#5143,#5144,#5145);
#5147=CIRCLE('',#5146,18.6);
#5148=EDGE_CURVE('',#5134,#5142,#5147,.T.);
#5149=ORIENTED_EDGE('',*,*,#5148,.T.);
#5150=CARTESIAN_POINT('',(4684.950077882,-294.,5.9));
#5151=VERTEX_POINT('',#5150);
#5152=CARTESIAN_POINT('',(4701.,-303.4,5.9));
#5153=DIRECTION('',(0.,0.,-1.));
#5154=DIRECTION('',(-1.,0.,-0.));
#5155=AXIS2_PLACEMENT_3D('',#5152,#5153,#5154);
#5156=CIRCLE('',#5155,18.6);
#5157=EDGE_CURVE('',#5142,#5151,#5156,.T.);
#5158=ORIENTED_EDGE('',*,*,#5157,.T.);
#5159=CARTESIAN_POINT('',(4686.835255032,-294.,5.9));
#5160=VERTEX_POINT('',#5159);
#5161=CARTESIAN_POINT('',(4684.950077882,-294.,5.9));
#5162=DIRECTION('',(1.,0.,0.));
#5163=VECTOR('',#5162,1.88517715);
#5164=LINE('',#5161,#5163);
#5165=EDGE_CURVE('',#5151,#5160,#5164,.T.);
#5166=ORIENTED_EDGE('',*,*,#5165,.T.);
#5167=CARTESIAN_POINT('',(4693.8,-288.,5.9));
#5168=VERTEX_POINT('',#5167);
#5169=CARTESIAN_POINT('',(4701.,-303.4,5.9));
#5170=DIRECTION('',(0.,0.,-1.));
#5171=DIRECTION('',(1.,0.,0.));
#5172=AXIS2_PLACEMENT_3D('',#5169,#5170,#5171);
#5173=CIRCLE('',#5172,17.);
#5174=EDGE_CURVE('',#5160,#5168,#5173,.T.);
#5175=ORIENTED_EDGE('',*,*,#5174,.T.);
#5176=CARTESIAN_POINT('',(4693.8,-284.7,5.9));
#5177=VERTEX_POINT('',#5176);
#5178=CARTESIAN_POINT('',(4693.8,-284.7,5.9));
#5179=DIRECTION('',(-0.,-1.,0.));
#5180=VECTOR('',#5179,3.3);
#5181=LINE('',#5178,#5180);
#5182=EDGE_CURVE('',#5177,#5168,#5181,.T.);
#5183=ORIENTED_EDGE('',*,*,#5182,.F.);
#5184=CARTESIAN_POINT('',(4692.3,-284.7,5.9));
#5185=VERTEX_POINT('',#5184);
#5186=CARTESIAN_POINT('',(4693.8,-284.7,5.9));
#5187=DIRECTION('',(-1.,-0.,-0.));
#5188=VECTOR('',#5187,1.5);
#5189=LINE('',#5186,#5188);
#5190=EDGE_CURVE('',#5177,#5185,#5189,.T.);
#5191=ORIENTED_EDGE('',*,*,#5190,.T.);
#5192=CARTESIAN_POINT('',(4689.8,-282.2,5.9));
#5193=VERTEX_POINT('',#5192);
#5194=CARTESIAN_POINT('',(4692.3,-282.2,5.9));
#5195=DIRECTION('',(0.,0.,-1.));
#5196=DIRECTION('',(1.,0.,0.));
#5197=AXIS2_PLACEMENT_3D('',#5194,#5195,#5196);
#5198=CIRCLE('',#5197,2.5);
#5199=EDGE_CURVE('',#5185,#5193,#5198,.T.);
#5200=ORIENTED_EDGE('',*,*,#5199,.T.);
#5201=CARTESIAN_POINT('',(4689.8,-281.3,5.9));
#5202=VERTEX_POINT('',#5201);
#5203=CARTESIAN_POINT('',(4689.8,-282.2,5.9));
#5204=DIRECTION('',(-0.,1.,0.));
#5205=VECTOR('',#5204,0.9);
#5206=LINE('',#5203,#5205);
#5207=EDGE_CURVE('',#5193,#5202,#5206,.T.);
#5208=ORIENTED_EDGE('',*,*,#5207,.T.);
#5209=CARTESIAN_POINT('',(4687.9,-281.3,5.9));
#5210=VERTEX_POINT('',#5209);
#5211=CARTESIAN_POINT('',(4689.8,-281.3,5.9));
#5212=DIRECTION('',(-1.,-0.,-0.));
#5213=VECTOR('',#5212,1.9);
#5214=LINE('',#5211,#5213);
#5215=EDGE_CURVE('',#5202,#5210,#5214,.T.);
#5216=ORIENTED_EDGE('',*,*,#5215,.T.);
#5217=CARTESIAN_POINT('',(4684.7,-278.1,5.9));
#5218=VERTEX_POINT('',#5217);
#5219=CARTESIAN_POINT('',(4687.9,-278.1,5.9));
#5220=DIRECTION('',(0.,0.,-1.));
#5221=DIRECTION('',(1.,0.,0.));
#5222=AXIS2_PLACEMENT_3D('',#5219,#5220,#5221);
#5223=CIRCLE('',#5222,3.2);
#5224=EDGE_CURVE('',#5210,#5218,#5223,.T.);
#5225=ORIENTED_EDGE('',*,*,#5224,.T.);
#5226=CARTESIAN_POINT('',(4684.7,-278.1,5.9));
#5227=DIRECTION('',(-0.,1.,0.));
#5228=VECTOR('',#5227,3.2);
#5229=LINE('',#5226,#5228);
#5230=EDGE_CURVE('',#5218,#5035,#5229,.T.);
#5231=ORIENTED_EDGE('',*,*,#5230,.T.);
#5232=ORIENTED_EDGE('',*,*,#5040,.T.);
#5233=CARTESIAN_POINT('',(4673.8,-348.7,5.9));
#5234=VERTEX_POINT('',#5233);
#5235=CARTESIAN_POINT('',(4673.8,-274.9,5.9));
#5236=DIRECTION('',(-0.,-1.,-0.));
#5237=VECTOR('',#5236,73.8);
#5238=LINE('',#5235,#5237);
#5239=EDGE_CURVE('',#5027,#5234,#5238,.T.);
#5240=ORIENTED_EDGE('',*,*,#5239,.T.);
#5241=CARTESIAN_POINT('',(4688.5,-348.7,5.9));
#5242=VERTEX_POINT('',#5241);
#5243=CARTESIAN_POINT('',(4673.8,-348.7,5.9));
#5244=DIRECTION('',(1.,0.,0.));
#5245=VECTOR('',#5244,14.7);
#5246=LINE('',#5243,#5245);
#5247=EDGE_CURVE('',#5234,#5242,#5246,.T.);
#5248=ORIENTED_EDGE('',*,*,#5247,.T.);
#5249=CARTESIAN_POINT('',(4688.5,-345.5,5.9));
#5250=VERTEX_POINT('',#5249);
#5251=CARTESIAN_POINT('',(4688.5,-348.7,5.9));
#5252=DIRECTION('',(-0.,1.,-0.));
#5253=VECTOR('',#5252,3.2);
#5254=LINE('',#5251,#5253);
#5255=EDGE_CURVE('',#5242,#5250,#5254,.T.);
#5256=ORIENTED_EDGE('',*,*,#5255,.T.);
#5257=CARTESIAN_POINT('',(4691.7,-342.3,5.9));
#5258=VERTEX_POINT('',#5257);
#5259=CARTESIAN_POINT('',(4691.7,-345.5,5.9));
#5260=DIRECTION('',(0.,-0.,-1.));
#5261=DIRECTION('',(1.,0.,0.));
#5262=AXIS2_PLACEMENT_3D('',#5259,#5260,#5261);
#5263=CIRCLE('',#5262,3.2);
#5264=EDGE_CURVE('',#5250,#5258,#5263,.T.);
#5265=ORIENTED_EDGE('',*,*,#5264,.T.);
#5266=CARTESIAN_POINT('',(4694.9,-345.5,5.9));
#5267=VERTEX_POINT('',#5266);
#5268=CARTESIAN_POINT('',(4691.7,-345.5,5.9));
#5269=DIRECTION('',(0.,-0.,-1.));
#5270=DIRECTION('',(1.,0.,0.));
#5271=AXIS2_PLACEMENT_3D('',#5268,#5269,#5270);
#5272=CIRCLE('',#5271,3.2);
#5273=EDGE_CURVE('',#5258,#5267,#5272,.T.);
#5274=ORIENTED_EDGE('',*,*,#5273,.T.);
#5275=CARTESIAN_POINT('',(4694.9,-348.7,5.9));
#5276=VERTEX_POINT('',#5275);
#5277=CARTESIAN_POINT('',(4694.9,-348.7,5.9));
#5278=DIRECTION('',(0.,1.,-0.));
#5279=VECTOR('',#5278,3.2);
#5280=LINE('',#5277,#5279);
#5281=EDGE_CURVE('',#5276,#5267,#5280,.T.);
#5282=ORIENTED_EDGE('',*,*,#5281,.F.);
#5283=CARTESIAN_POINT('',(4707.5,-348.7,5.9));
#5284=VERTEX_POINT('',#5283);
#5285=CARTESIAN_POINT('',(4694.9,-348.7,5.9));
#5286=DIRECTION('',(1.,0.,0.));
#5287=VECTOR('',#5286,12.6);
#5288=LINE('',#5285,#5287);
#5289=EDGE_CURVE('',#5276,#5284,#5288,.T.);
#5290=ORIENTED_EDGE('',*,*,#5289,.T.);
#5291=CARTESIAN_POINT('',(4707.5,-345.5,5.9));
#5292=VERTEX_POINT('',#5291);
#5293=CARTESIAN_POINT('',(4707.5,-348.7,5.9));
#5294=DIRECTION('',(0.,1.,-0.));
#5295=VECTOR('',#5294,3.2);
#5296=LINE('',#5293,#5295);
#5297=EDGE_CURVE('',#5284,#5292,#5296,.T.);
#5298=ORIENTED_EDGE('',*,*,#5297,.T.);
#5299=CARTESIAN_POINT('',(4710.7,-342.3,5.9));
#5300=VERTEX_POINT('',#5299);
#5301=CARTESIAN_POINT('',(4710.7,-345.5,5.9));
#5302=DIRECTION('',(0.,-0.,-1.));
#5303=DIRECTION('',(-1.,0.,-0.));
#5304=AXIS2_PLACEMENT_3D('',#5301,#5302,#5303);
#5305=CIRCLE('',#5304,3.2);
#5306=EDGE_CURVE('',#5292,#5300,#5305,.T.);
#5307=ORIENTED_EDGE('',*,*,#5306,.T.);
#5308=CARTESIAN_POINT('',(4713.9,-345.5,5.9));
#5309=VERTEX_POINT('',#5308);
#5310=CARTESIAN_POINT('',(4710.7,-345.5,5.9));
#5311=DIRECTION('',(0.,-0.,-1.));
#5312=DIRECTION('',(-1.,0.,-0.));
#5313=AXIS2_PLACEMENT_3D('',#5310,#5311,#5312);
#5314=CIRCLE('',#5313,3.2);
#5315=EDGE_CURVE('',#5300,#5309,#5314,.T.);
#5316=ORIENTED_EDGE('',*,*,#5315,.T.);
#5317=CARTESIAN_POINT('',(4713.9,-348.7,5.9));
#5318=VERTEX_POINT('',#5317);
#5319=CARTESIAN_POINT('',(4713.9,-348.7,5.9));
#5320=DIRECTION('',(0.,1.,0.));
#5321=VECTOR('',#5320,3.2);
#5322=LINE('',#5319,#5321);
#5323=EDGE_CURVE('',#5318,#5309,#5322,.T.);
#5324=ORIENTED_EDGE('',*,*,#5323,.F.);
#5325=CARTESIAN_POINT('',(4728.6,-348.7,5.9));
#5326=VERTEX_POINT('',#5325);
#5327=CARTESIAN_POINT('',(4713.9,-348.7,5.9));
#5328=DIRECTION('',(1.,0.,0.));
#5329=VECTOR('',#5328,14.7);
#5330=LINE('',#5327,#5329);
#5331=EDGE_CURVE('',#5318,#5326,#5330,.T.);
#5332=ORIENTED_EDGE('',*,*,#5331,.T.);
#5333=CARTESIAN_POINT('',(4728.6,-348.7,5.9));
#5334=DIRECTION('',(0.,1.,0.));
#5335=VECTOR('',#5334,73.8);
#5336=LINE('',#5333,#5335);
#5337=EDGE_CURVE('',#5326,#4907,#5336,.T.);
#5338=ORIENTED_EDGE('',*,*,#5337,.T.);
#5339=ORIENTED_EDGE('',*,*,#4912,.T.);
#5340=CARTESIAN_POINT('',(4717.7,-278.1,5.9));
#5341=VERTEX_POINT('',#5340);
#5342=CARTESIAN_POINT('',(4717.7,-274.9,5.9));
#5343=DIRECTION('',(0.,-1.,-0.));
#5344=VECTOR('',#5343,3.2);
#5345=LINE('',#5342,#5344);
#5346=EDGE_CURVE('',#4899,#5341,#5345,.T.);
#5347=ORIENTED_EDGE('',*,*,#5346,.T.);
#5348=CARTESIAN_POINT('',(4714.5,-281.3,5.9));
#5349=VERTEX_POINT('',#5348);
#5350=CARTESIAN_POINT('',(4714.5,-278.1,5.9));
#5351=DIRECTION('',(0.,0.,-1.));
#5352=DIRECTION('',(1.,0.,0.));
#5353=AXIS2_PLACEMENT_3D('',#5350,#5351,#5352);
#5354=CIRCLE('',#5353,3.2);
#5355=EDGE_CURVE('',#5341,#5349,#5354,.T.);
#5356=ORIENTED_EDGE('',*,*,#5355,.T.);
#5357=CARTESIAN_POINT('',(4712.6,-281.3,5.9));
#5358=VERTEX_POINT('',#5357);
#5359=CARTESIAN_POINT('',(4714.5,-281.3,5.9));
#5360=DIRECTION('',(-1.,-0.,-0.));
#5361=VECTOR('',#5360,1.9);
#5362=LINE('',#5359,#5361);
#5363=EDGE_CURVE('',#5349,#5358,#5362,.T.);
#5364=ORIENTED_EDGE('',*,*,#5363,.T.);
#5365=CARTESIAN_POINT('',(4712.6,-282.2,5.9));
#5366=VERTEX_POINT('',#5365);
#5367=CARTESIAN_POINT('',(4712.6,-281.3,5.9));
#5368=DIRECTION('',(0.,-1.,-0.));
#5369=VECTOR('',#5368,0.9);
#5370=LINE('',#5367,#5369);
#5371=EDGE_CURVE('',#5358,#5366,#5370,.T.);
#5372=ORIENTED_EDGE('',*,*,#5371,.T.);
#5373=CARTESIAN_POINT('',(4710.1,-284.7,5.9));
#5374=VERTEX_POINT('',#5373);
#5375=CARTESIAN_POINT('',(4710.1,-282.2,5.9));
#5376=DIRECTION('',(0.,0.,-1.));
#5377=DIRECTION('',(1.,0.,0.));
#5378=AXIS2_PLACEMENT_3D('',#5375,#5376,#5377);
#5379=CIRCLE('',#5378,2.5);
#5380=EDGE_CURVE('',#5366,#5374,#5379,.T.);
#5381=ORIENTED_EDGE('',*,*,#5380,.T.);
#5382=CARTESIAN_POINT('',(4710.1,-284.7,5.9));
#5383=DIRECTION('',(-1.,-0.,-0.));
#5384=VECTOR('',#5383,1.5);
#5385=LINE('',#5382,#5384);
#5386=EDGE_CURVE('',#5374,#5083,#5385,.T.);
#5387=ORIENTED_EDGE('',*,*,#5386,.T.);
#5388=EDGE_LOOP('',(#5089,#5098,#5106,#5115,#5123,#5132,#5140,#5149,#5158,#5166,#5175,#5183,#5191,#5200,#5208,#5216,#5225,#5231,#5232,#5240,#5248,#5256,#5265,#5274,#5282,#5290,
#5298,#5307,#5316,#5324,#5332,#5338,#5339,#5347,#5356,#5364,#5372,#5381,#5387));
#5389=FACE_BOUND('',#5388,.T.);
#5390=CARTESIAN_POINT('',(4683.3,-317.2,5.9));
#5391=VERTEX_POINT('',#5390);
#5392=CARTESIAN_POINT('',(4678.8,-317.2,5.9));
#5393=DIRECTION('',(0.,0.,-1.));
#5394=DIRECTION('',(1.,0.,0.));
#5395=AXIS2_PLACEMENT_3D('',#5392,#5393,#5394);
#5396=CIRCLE('',#5395,4.5);
#5397=EDGE_CURVE('',#5391,#5391,#5396,.T.);
#5398=ORIENTED_EDGE('',*,*,#5397,.T.);
#5399=EDGE_LOOP('',(#5398));
#5400=FACE_BOUND('',#5399,.T.);
#5401=CARTESIAN_POINT('',(4728.1,-317.2,5.9));
#5402=VERTEX_POINT('',#5401);
#5403=CARTESIAN_POINT('',(4723.6,-317.2,5.9));
#5404=DIRECTION('',(0.,0.,-1.));
#5405=DIRECTION('',(1.,0.,0.));
#5406=AXIS2_PLACEMENT_3D('',#5403,#5404,#5405);
#5407=CIRCLE('',#5406,4.5);
#5408=EDGE_CURVE('',#5402,#5402,#5407,.T.);
#5409=ORIENTED_EDGE('',*,*,#5408,.T.);
#5410=EDGE_LOOP('',(#5409));
#5411=FACE_BOUND('',#5410,.T.);
#5412=ADVANCED_FACE('',(#5389,#5400,#5411),#5079,.T.);
#5413=CARTESIAN_POINT('',(4695.45,-284.7,2.9));
#5414=DIRECTION('',(0.,-1.,-0.));
#5415=DIRECTION('',(-0.,-0.,1.));
#5416=AXIS2_PLACEMENT_3D('',#5413,#5414,#5415);
#5417=PLANE('',#5416);
#5418=ORIENTED_EDGE('',*,*,#5190,.F.);
#5419=CARTESIAN_POINT('',(4693.8,-284.7,7.9));
#5420=VERTEX_POINT('',#5419);
#5421=CARTESIAN_POINT('',(4693.8,-284.7,5.9));
#5422=DIRECTION('',(0.,-0.,1.));
#5423=VECTOR('',#5422,2.);
#5424=LINE('',#5421,#5423);
#5425=EDGE_CURVE('',#5177,#5420,#5424,.T.);
#5426=ORIENTED_EDGE('',*,*,#5425,.T.);
#5427=CARTESIAN_POINT('',(4692.3,-284.7,7.9));
#5428=VERTEX_POINT('',#5427);
#5429=CARTESIAN_POINT('',(4693.8,-284.7,7.9));
#5430=DIRECTION('',(-1.,-0.,-0.));
#5431=VECTOR('',#5430,1.5);
#5432=LINE('',#5429,#5431);
#5433=EDGE_CURVE('',#5420,#5428,#5432,.T.);
#5434=ORIENTED_EDGE('',*,*,#5433,.T.);
#5435=CARTESIAN_POINT('',(4692.3,-284.7,7.9));
#5436=DIRECTION('',(0.,0.,-1.));
#5437=VECTOR('',#5436,2.);
#5438=LINE('',#5435,#5437);
#5439=EDGE_CURVE('',#5428,#5185,#5438,.T.);
#5440=ORIENTED_EDGE('',*,*,#5439,.T.);
#5441=EDGE_LOOP('',(#5418,#5426,#5434,#5440));
#5442=FACE_BOUND('',#5441,.T.);
#5443=ADVANCED_FACE('',(#5442),#5417,.T.);
#5444=CARTESIAN_POINT('',(4713.25,-284.7,2.9));
#5445=DIRECTION('',(0.,-1.,-0.));
#5446=DIRECTION('',(-0.,-0.,1.));
#5447=AXIS2_PLACEMENT_3D('',#5444,#5445,#5446);
#5448=PLANE('',#5447);
#5449=CARTESIAN_POINT('',(4710.1,-284.7,7.9));
#5450=VERTEX_POINT('',#5449);
#5451=CARTESIAN_POINT('',(4708.6,-284.7,7.9));
#5452=VERTEX_POINT('',#5451);
#5453=CARTESIAN_POINT('',(4710.1,-284.7,7.9));
#5454=DIRECTION('',(-1.,-0.,-0.));
#5455=VECTOR('',#5454,1.5);
#5456=LINE('',#5453,#5455);
#5457=EDGE_CURVE('',#5450,#5452,#5456,.T.);
#5458=ORIENTED_EDGE('',*,*,#5457,.T.);
#5459=CARTESIAN_POINT('',(4708.6,-284.7,7.9));
#5460=DIRECTION('',(-0.,0.,-1.));
#5461=VECTOR('',#5460,2.);
#5462=LINE('',#5459,#5461);
#5463=EDGE_CURVE('',#5452,#5083,#5462,.T.);
#5464=ORIENTED_EDGE('',*,*,#5463,.T.);
#5465=ORIENTED_EDGE('',*,*,#5386,.F.);
#5466=CARTESIAN_POINT('',(4710.1,-284.7,5.9));
#5467=DIRECTION('',(-0.,-0.,1.));
#5468=VECTOR('',#5467,2.);
#5469=LINE('',#5466,#5468);
#5470=EDGE_CURVE('',#5374,#5450,#5469,.T.);
#5471=ORIENTED_EDGE('',*,*,#5470,.T.);
#5472=EDGE_LOOP('',(#5458,#5464,#5465,#5471));
#5473=FACE_BOUND('',#5472,.T.);
#5474=ADVANCED_FACE('',(#5473),#5448,.T.);
#5475=CARTESIAN_POINT('',(4755.3,-627.8,5.9));
#5476=DIRECTION('',(-0.,-0.,1.));
#5477=DIRECTION('',(-1.,0.,-0.));
#5478=AXIS2_PLACEMENT_3D('',#5475,#5476,#5477);
#5479=PLANE('',#5478);
#5480=CARTESIAN_POINT('',(4707.4,-287.650714302,5.9));
#5481=VERTEX_POINT('',#5480);
#5482=CARTESIAN_POINT('',(4707.4,-274.9,5.9));
#5483=DIRECTION('',(-0.,-1.,0.));
#5484=VECTOR('',#5483,12.750714302);
#5485=LINE('',#5482,#5484);
#5486=EDGE_CURVE('',#4883,#5481,#5485,.T.);
#5487=ORIENTED_EDGE('',*,*,#5486,.F.);
#5488=ORIENTED_EDGE('',*,*,#5070,.T.);
#5489=CARTESIAN_POINT('',(4695.,-287.494026279,5.9));
#5490=VERTEX_POINT('',#5489);
#5491=CARTESIAN_POINT('',(4695.,-287.494026279,5.9));
#5492=DIRECTION('',(0.,1.,-0.));
#5493=VECTOR('',#5492,12.594026279);
#5494=LINE('',#5491,#5493);
#5495=EDGE_CURVE('',#5490,#5059,#5494,.T.);
#5496=ORIENTED_EDGE('',*,*,#5495,.F.);
#5497=CARTESIAN_POINT('',(4701.,-303.4,5.9));
#5498=DIRECTION('',(0.,0.,-1.));
#5499=DIRECTION('',(1.,0.,0.));
#5500=AXIS2_PLACEMENT_3D('',#5497,#5498,#5499);
#5501=CIRCLE('',#5500,17.);
#5502=EDGE_CURVE('',#5490,#5481,#5501,.T.);
#5503=ORIENTED_EDGE('',*,*,#5502,.T.);
#5504=EDGE_LOOP('',(#5487,#5488,#5496,#5503));
#5505=FACE_BOUND('',#5504,.T.);
#5506=ADVANCED_FACE('',(#5505),#5479,.T.);
#5507=CARTESIAN_POINT('',(4721.6,-715.4,15.9));
#5508=DIRECTION('',(-0.,0.,1.));
#5509=DIRECTION('',(1.,0.,0.));
#5510=AXIS2_PLACEMENT_3D('',#5507,#5508,#5509);
#5511=PLANE('',#5510);
#5512=CARTESIAN_POINT('',(4730.2,-273.3,15.9));
#5513=VERTEX_POINT('',#5512);
#5514=CARTESIAN_POINT('',(4705.2,-273.3,15.9));
#5515=VERTEX_POINT('',#5514);
#5516=CARTESIAN_POINT('',(4730.2,-273.3,15.9));
#5517=DIRECTION('',(-1.,0.,0.));
#5518=VECTOR('',#5517,25.);
#5519=LINE('',#5516,#5518);
#5520=EDGE_CURVE('',#5513,#5515,#5519,.T.);
#5521=ORIENTED_EDGE('',*,*,#5520,.T.);
#5522=CARTESIAN_POINT('',(4705.2,-273.3,15.9));
#5523=DIRECTION('',(0.,-1.,-0.));
#5524=VECTOR('',#5523,1.6);
#5525=LINE('',#5522,#5524);
#5526=EDGE_CURVE('',#5515,#4955,#5525,.T.);
#5527=ORIENTED_EDGE('',*,*,#5526,.T.);
#5528=ORIENTED_EDGE('',*,*,#4960,.F.);
#5529=CARTESIAN_POINT('',(4706.4,-276.1,15.9));
#5530=VERTEX_POINT('',#5529);
#5531=CARTESIAN_POINT('',(4706.4,-274.9,15.9));
#5532=DIRECTION('',(0.,-1.,-0.));
#5533=VECTOR('',#5532,1.2);
#5534=LINE('',#5531,#5533);
#5535=EDGE_CURVE('',#4947,#5530,#5534,.T.);
#5536=ORIENTED_EDGE('',*,*,#5535,.T.);
#5537=CARTESIAN_POINT('',(4711.,-276.1,15.9));
#5538=VERTEX_POINT('',#5537);
#5539=CARTESIAN_POINT('',(4711.,-276.1,15.9));
#5540=DIRECTION('',(-1.,-0.,0.));
#5541=VECTOR('',#5540,4.6);
#5542=LINE('',#5539,#5541);
#5543=EDGE_CURVE('',#5538,#5530,#5542,.T.);
#5544=ORIENTED_EDGE('',*,*,#5543,.F.);
#5545=CARTESIAN_POINT('',(4711.,-274.9,15.9));
#5546=DIRECTION('',(0.,-1.,-0.));
#5547=VECTOR('',#5546,1.2);
#5548=LINE('',#5545,#5547);
#5549=EDGE_CURVE('',#4923,#5538,#5548,.T.);
#5550=ORIENTED_EDGE('',*,*,#5549,.F.);
#5551=ORIENTED_EDGE('',*,*,#4928,.F.);
#5552=CARTESIAN_POINT('',(4728.6,-348.7,15.9));
#5553=VERTEX_POINT('',#5552);
#5554=CARTESIAN_POINT('',(4728.6,-348.7,15.9));
#5555=DIRECTION('',(0.,1.,0.));
#5556=VECTOR('',#5555,73.8);
#5557=LINE('',#5554,#5556);
#5558=EDGE_CURVE('',#5553,#4915,#5557,.T.);
#5559=ORIENTED_EDGE('',*,*,#5558,.F.);
#5560=CARTESIAN_POINT('',(4673.8,-348.7,15.9));
#5561=VERTEX_POINT('',#5560);
#5562=CARTESIAN_POINT('',(4673.8,-348.7,15.9));
#5563=DIRECTION('',(1.,0.,0.));
#5564=VECTOR('',#5563,54.8);
#5565=LINE('',#5562,#5564);
#5566=EDGE_CURVE('',#5561,#5553,#5565,.T.);
#5567=ORIENTED_EDGE('',*,*,#5566,.F.);
#5568=CARTESIAN_POINT('',(4673.8,-274.9,15.9));
#5569=DIRECTION('',(-0.,-1.,-0.));
#5570=VECTOR('',#5569,73.8);
#5571=LINE('',#5568,#5570);
#5572=EDGE_CURVE('',#5019,#5561,#5571,.T.);
#5573=ORIENTED_EDGE('',*,*,#5572,.F.);
#5574=ORIENTED_EDGE('',*,*,#5024,.F.);
#5575=CARTESIAN_POINT('',(4691.4,-276.1,15.9));
#5576=VERTEX_POINT('',#5575);
#5577=CARTESIAN_POINT('',(4691.4,-276.1,15.9));
#5578=DIRECTION('',(-0.,1.,0.));
#5579=VECTOR('',#5578,1.2);
#5580=LINE('',#5577,#5579);
#5581=EDGE_CURVE('',#5576,#5011,#5580,.T.);
#5582=ORIENTED_EDGE('',*,*,#5581,.F.);
#5583=CARTESIAN_POINT('',(4696.,-276.1,15.9));
#5584=VERTEX_POINT('',#5583);
#5585=CARTESIAN_POINT('',(4691.4,-276.1,15.9));
#5586=DIRECTION('',(1.,0.,0.));
#5587=VECTOR('',#5586,4.6);
#5588=LINE('',#5585,#5587);
#5589=EDGE_CURVE('',#5576,#5584,#5588,.T.);
#5590=ORIENTED_EDGE('',*,*,#5589,.T.);
#5591=CARTESIAN_POINT('',(4696.,-276.1,15.9));
#5592=DIRECTION('',(-0.,1.,0.));
#5593=VECTOR('',#5592,1.2);
#5594=LINE('',#5591,#5593);
#5595=EDGE_CURVE('',#5584,#4987,#5594,.T.);
#5596=ORIENTED_EDGE('',*,*,#5595,.T.);
#5597=ORIENTED_EDGE('',*,*,#4992,.F.);
#5598=CARTESIAN_POINT('',(4697.2,-273.3,15.9));
#5599=VERTEX_POINT('',#5598);
#5600=CARTESIAN_POINT('',(4697.2,-273.3,15.9));
#5601=DIRECTION('',(0.,-1.,-0.));
#5602=VECTOR('',#5601,1.6);
#5603=LINE('',#5600,#5602);
#5604=EDGE_CURVE('',#5599,#4979,#5603,.T.);
#5605=ORIENTED_EDGE('',*,*,#5604,.F.);
#5606=CARTESIAN_POINT('',(4672.2,-273.3,15.9));
#5607=VERTEX_POINT('',#5606);
#5608=CARTESIAN_POINT('',(4697.2,-273.3,15.9));
#5609=DIRECTION('',(-1.,0.,0.));
#5610=VECTOR('',#5609,25.);
#5611=LINE('',#5608,#5610);
#5612=EDGE_CURVE('',#5599,#5607,#5611,.T.);
#5613=ORIENTED_EDGE('',*,*,#5612,.T.);
#5614=CARTESIAN_POINT('',(4672.2,-350.3,15.9));
#5615=VERTEX_POINT('',#5614);
#5616=CARTESIAN_POINT('',(4672.2,-350.3,15.9));
#5617=DIRECTION('',(-0.,1.,0.));
#5618=VECTOR('',#5617,77.);
#5619=LINE('',#5616,#5618);
#5620=EDGE_CURVE('',#5615,#5607,#5619,.T.);
#5621=ORIENTED_EDGE('',*,*,#5620,.F.);
#5622=CARTESIAN_POINT('',(4730.2,-350.3,15.9));
#5623=VERTEX_POINT('',#5622);
#5624=CARTESIAN_POINT('',(4730.2,-350.3,15.9));
#5625=DIRECTION('',(-1.,0.,0.));
#5626=VECTOR('',#5625,58.);
#5627=LINE('',#5624,#5626);
#5628=EDGE_CURVE('',#5623,#5615,#5627,.T.);
#5629=ORIENTED_EDGE('',*,*,#5628,.F.);
#5630=CARTESIAN_POINT('',(4730.2,-350.3,15.9));
#5631=DIRECTION('',(0.,1.,0.));
#5632=VECTOR('',#5631,77.);
#5633=LINE('',#5630,#5632);
#5634=EDGE_CURVE('',#5623,#5513,#5633,.T.);
#5635=ORIENTED_EDGE('',*,*,#5634,.T.);
#5636=EDGE_LOOP('',(#5521,#5527,#5528,#5536,#5544,#5550,#5551,#5559,#5567,#5573,#5574,#5582,#5590,#5596,#5597,#5605,#5613,#5621,#5629,#5635));
#5637=FACE_BOUND('',#5636,.T.);
#5638=ADVANCED_FACE('',(#5637),#5511,.T.);
#5639=CARTESIAN_POINT('',(4673.8,-322.3,9.3));
#5640=DIRECTION('',(-1.,0.,0.));
#5641=DIRECTION('',(-0.,0.,-1.));
#5642=AXIS2_PLACEMENT_3D('',#5639,#5640,#5641);
#5643=PLANE('',#5642);
#5644=CARTESIAN_POINT('',(4673.8,-348.7,5.9));
#5645=DIRECTION('',(0.,0.,1.));
#5646=VECTOR('',#5645,10.);
#5647=LINE('',#5644,#5646);
#5648=EDGE_CURVE('',#5234,#5561,#5647,.T.);
#5649=ORIENTED_EDGE('',*,*,#5648,.F.);
#5650=ORIENTED_EDGE('',*,*,#5239,.F.);
#5651=ORIENTED_EDGE('',*,*,#5032,.F.);
#5652=ORIENTED_EDGE('',*,*,#5572,.T.);
#5653=EDGE_LOOP('',(#5649,#5650,#5651,#5652));
#5654=FACE_BOUND('',#5653,.T.);
#5655=ADVANCED_FACE('',(#5654),#5643,.F.);
#5656=CARTESIAN_POINT('',(4710.7,-348.7,5.9));
#5657=DIRECTION('',(0.,-1.,0.));
#5658=DIRECTION('',(0.,0.,-1.));
#5659=AXIS2_PLACEMENT_3D('',#5656,#5657,#5658);
#5660=PLANE('',#5659);
#5661=CARTESIAN_POINT('',(4713.9,-348.7,7.9));
#5662=VERTEX_POINT('',#5661);
#5663=CARTESIAN_POINT('',(4713.9,-348.7,7.9));
#5664=DIRECTION('',(0.,0.,-1.));
#5665=VECTOR('',#5664,2.);
#5666=LINE('',#5663,#5665);
#5667=EDGE_CURVE('',#5662,#5318,#5666,.T.);
#5668=ORIENTED_EDGE('',*,*,#5667,.F.);
#5669=CARTESIAN_POINT('',(4707.5,-348.7,7.9));
#5670=VERTEX_POINT('',#5669);
#5671=CARTESIAN_POINT('',(4707.5,-348.7,7.9));
#5672=DIRECTION('',(1.,0.,0.));
#5673=VECTOR('',#5672,6.4);
#5674=LINE('',#5671,#5673);
#5675=EDGE_CURVE('',#5670,#5662,#5674,.T.);
#5676=ORIENTED_EDGE('',*,*,#5675,.F.);
#5677=CARTESIAN_POINT('',(4707.5,-348.7,7.9));
#5678=DIRECTION('',(0.,0.,-1.));
#5679=VECTOR('',#5678,2.);
#5680=LINE('',#5677,#5679);
#5681=EDGE_CURVE('',#5670,#5284,#5680,.T.);
#5682=ORIENTED_EDGE('',*,*,#5681,.T.);
#5683=ORIENTED_EDGE('',*,*,#5289,.F.);
#5684=CARTESIAN_POINT('',(4694.9,-348.7,7.9));
#5685=VERTEX_POINT('',#5684);
#5686=CARTESIAN_POINT('',(4694.9,-348.7,5.9));
#5687=DIRECTION('',(-0.,0.,1.));
#5688=VECTOR('',#5687,2.);
#5689=LINE('',#5686,#5688);
#5690=EDGE_CURVE('',#5276,#5685,#5689,.T.);
#5691=ORIENTED_EDGE('',*,*,#5690,.T.);
#5692=CARTESIAN_POINT('',(4688.5,-348.7,7.9));
#5693=VERTEX_POINT('',#5692);
#5694=CARTESIAN_POINT('',(4694.9,-348.7,7.9));
#5695=DIRECTION('',(-1.,0.,-0.));
#5696=VECTOR('',#5695,6.4);
#5697=LINE('',#5694,#5696);
#5698=EDGE_CURVE('',#5685,#5693,#5697,.T.);
#5699=ORIENTED_EDGE('',*,*,#5698,.T.);
#5700=CARTESIAN_POINT('',(4688.5,-348.7,5.9));
#5701=DIRECTION('',(-0.,0.,1.));
#5702=VECTOR('',#5701,2.);
#5703=LINE('',#5700,#5702);
#5704=EDGE_CURVE('',#5242,#5693,#5703,.T.);
#5705=ORIENTED_EDGE('',*,*,#5704,.F.);
#5706=ORIENTED_EDGE('',*,*,#5247,.F.);
#5707=ORIENTED_EDGE('',*,*,#5648,.T.);
#5708=ORIENTED_EDGE('',*,*,#5566,.T.);
#5709=CARTESIAN_POINT('',(4728.6,-348.7,5.9));
#5710=DIRECTION('',(0.,0.,1.));
#5711=VECTOR('',#5710,10.);
#5712=LINE('',#5709,#5711);
#5713=EDGE_CURVE('',#5326,#5553,#5712,.T.);
#5714=ORIENTED_EDGE('',*,*,#5713,.F.);
#5715=ORIENTED_EDGE('',*,*,#5331,.F.);
#5716=EDGE_LOOP('',(#5668,#5676,#5682,#5683,#5691,#5699,#5705,#5706,#5707,#5708,#5714,#5715));
#5717=FACE_BOUND('',#5716,.T.);
#5718=ADVANCED_FACE('',(#5717),#5660,.F.);
#5719=CARTESIAN_POINT('',(4723.6,-317.2,15.9));
#5720=DIRECTION('',(-0.,-0.,1.));
#5721=DIRECTION('',(-1.,-0.,-0.));
#5722=AXIS2_PLACEMENT_3D('',#5719,#5720,#5721);
#5723=CYLINDRICAL_SURFACE('',#5722,2.5);
#5724=CARTESIAN_POINT('',(4721.1,-317.2,10.3));
#5725=VERTEX_POINT('',#5724);
#5726=CARTESIAN_POINT('',(4721.1,-317.2,7.9));
#5727=VERTEX_POINT('',#5726);
#5728=CARTESIAN_POINT('',(4721.1,-317.2,10.3));
#5729=DIRECTION('',(0.,0.,-1.));
#5730=VECTOR('',#5729,2.4);
#5731=LINE('',#5728,#5730);
#5732=EDGE_CURVE('',#5725,#5727,#5731,.T.);
#5733=ORIENTED_EDGE('',*,*,#5732,.T.);
#5734=CARTESIAN_POINT('',(4726.1,-317.2,7.9));
#5735=VERTEX_POINT('',#5734);
#5736=CARTESIAN_POINT('',(4723.6,-317.2,7.9));
#5737=DIRECTION('',(-0.,-0.,1.));
#5738=DIRECTION('',(1.,0.,0.));
#5739=AXIS2_PLACEMENT_3D('',#5736,#5737,#5738);
#5740=CIRCLE('',#5739,2.5);
#5741=EDGE_CURVE('',#5727,#5735,#5740,.T.);
#5742=ORIENTED_EDGE('',*,*,#5741,.T.);
#5743=CARTESIAN_POINT('',(4723.6,-317.2,7.9));
#5744=DIRECTION('',(-0.,-0.,1.));
#5745=DIRECTION('',(1.,0.,0.));
#5746=AXIS2_PLACEMENT_3D('',#5743,#5744,#5745);
#5747=CIRCLE('',#5746,2.5);
#5748=EDGE_CURVE('',#5735,#5727,#5747,.T.);
#5749=ORIENTED_EDGE('',*,*,#5748,.T.);
#5750=ORIENTED_EDGE('',*,*,#5732,.F.);
#5751=CARTESIAN_POINT('',(4723.6,-317.2,10.3));
#5752=DIRECTION('',(0.,0.,-1.));
#5753=DIRECTION('',(-1.,0.,-0.));
#5754=AXIS2_PLACEMENT_3D('',#5751,#5752,#5753);
#5755=CIRCLE('',#5754,2.5);
#5756=EDGE_CURVE('',#5725,#5725,#5755,.T.);
#5757=ORIENTED_EDGE('',*,*,#5756,.T.);
#5758=EDGE_LOOP('',(#5733,#5742,#5749,#5750,#5757));
#5759=FACE_BOUND('',#5758,.T.);
#5760=ADVANCED_FACE('',(#5759),#5723,.T.);
#5761=CARTESIAN_POINT('',(4647.1,-633.2,10.3));
#5762=DIRECTION('',(0.,0.,-1.));
#5763=DIRECTION('',(1.,0.,0.));
#5764=AXIS2_PLACEMENT_3D('',#5761,#5762,#5763);
#5765=PLANE('',#5764);
#5766=CARTESIAN_POINT('',(4722.6,-317.2,10.3));
#5767=VERTEX_POINT('',#5766);
#5768=CARTESIAN_POINT('',(4723.6,-317.2,10.3));
#5769=DIRECTION('',(0.,0.,-1.));
#5770=DIRECTION('',(-1.,0.,-0.));
#5771=AXIS2_PLACEMENT_3D('',#5768,#5769,#5770);
#5772=CIRCLE('',#5771,1.);
#5773=EDGE_CURVE('',#5767,#5767,#5772,.T.);
#5774=ORIENTED_EDGE('',*,*,#5773,.T.);
#5775=EDGE_LOOP('',(#5774));
#5776=FACE_BOUND('',#5775,.T.);
#5777=ORIENTED_EDGE('',*,*,#5756,.F.);
#5778=EDGE_LOOP('',(#5777));
#5779=FACE_BOUND('',#5778,.T.);
#5780=ADVANCED_FACE('',(#5776,#5779),#5765,.F.);
#5781=CARTESIAN_POINT('',(4728.6,-321.3,5.9));
#5782=DIRECTION('',(1.,-0.,-0.));
#5783=DIRECTION('',(0.,-0.,1.));
#5784=AXIS2_PLACEMENT_3D('',#5781,#5782,#5783);
#5785=PLANE('',#5784);
#5786=ORIENTED_EDGE('',*,*,#5337,.F.);
#5787=ORIENTED_EDGE('',*,*,#5713,.T.);
#5788=ORIENTED_EDGE('',*,*,#5558,.T.);
#5789=ORIENTED_EDGE('',*,*,#4920,.T.);
#5790=EDGE_LOOP('',(#5786,#5787,#5788,#5789));
#5791=FACE_BOUND('',#5790,.T.);
#5792=ADVANCED_FACE('',(#5791),#5785,.F.);
#5793=CARTESIAN_POINT('',(4701.,-303.4,23.9));
#5794=DIRECTION('',(-0.,-0.,1.));
#5795=DIRECTION('',(-1.,-0.,-0.));
#5796=AXIS2_PLACEMENT_3D('',#5793,#5794,#5795);
#5797=CYLINDRICAL_SURFACE('',#5796,18.6);
#5798=CARTESIAN_POINT('',(4717.049922118,-294.,7.9));
#5799=VERTEX_POINT('',#5798);
#5800=CARTESIAN_POINT('',(4717.049922118,-294.,7.9));
#5801=DIRECTION('',(0.,0.,-1.));
#5802=VECTOR('',#5801,2.);
#5803=LINE('',#5800,#5802);
#5804=EDGE_CURVE('',#5799,#5100,#5803,.T.);
#5805=ORIENTED_EDGE('',*,*,#5804,.F.);
#5806=CARTESIAN_POINT('',(4717.049922118,-312.8,7.9));
#5807=VERTEX_POINT('',#5806);
#5808=CARTESIAN_POINT('',(4701.,-303.4,7.9));
#5809=DIRECTION('',(0.,0.,-1.));
#5810=DIRECTION('',(-1.,0.,-0.));
#5811=AXIS2_PLACEMENT_3D('',#5808,#5809,#5810);
#5812=CIRCLE('',#5811,18.6);
#5813=EDGE_CURVE('',#5799,#5807,#5812,.T.);
#5814=ORIENTED_EDGE('',*,*,#5813,.T.);
#5815=CARTESIAN_POINT('',(4717.049922118,-312.8,5.9));
#5816=DIRECTION('',(-0.,-0.,1.));
#5817=VECTOR('',#5816,2.);
#5818=LINE('',#5815,#5817);
#5819=EDGE_CURVE('',#5108,#5807,#5818,.T.);
#5820=ORIENTED_EDGE('',*,*,#5819,.F.);
#5821=ORIENTED_EDGE('',*,*,#5114,.F.);
#5822=EDGE_LOOP('',(#5805,#5814,#5820,#5821));
#5823=FACE_BOUND('',#5822,.T.);
#5824=ADVANCED_FACE('',(#5823),#5797,.T.);
#5825=CARTESIAN_POINT('',(4701.,-303.4,23.9));
#5826=DIRECTION('',(-0.,-0.,1.));
#5827=DIRECTION('',(-1.,-0.,-0.));
#5828=AXIS2_PLACEMENT_3D('',#5825,#5826,#5827);
#5829=CYLINDRICAL_SURFACE('',#5828,18.6);
#5830=CARTESIAN_POINT('',(4682.4,-303.4,7.9));
#5831=VERTEX_POINT('',#5830);
#5832=CARTESIAN_POINT('',(4682.4,-303.4,7.9));
#5833=DIRECTION('',(0.,0.,-1.));
#5834=VECTOR('',#5833,2.);
#5835=LINE('',#5832,#5834);
#5836=EDGE_CURVE('',#5831,#5142,#5835,.T.);
#5837=ORIENTED_EDGE('',*,*,#5836,.T.);
#5838=ORIENTED_EDGE('',*,*,#5148,.F.);
#5839=CARTESIAN_POINT('',(4684.950077882,-312.8,7.9));
#5840=VERTEX_POINT('',#5839);
#5841=CARTESIAN_POINT('',(4684.950077882,-312.8,7.9));
#5842=DIRECTION('',(0.,0.,-1.));
#5843=VECTOR('',#5842,2.);
#5844=LINE('',#5841,#5843);
#5845=EDGE_CURVE('',#5840,#5134,#5844,.T.);
#5846=ORIENTED_EDGE('',*,*,#5845,.F.);
#5847=CARTESIAN_POINT('',(4701.,-303.4,7.9));
#5848=DIRECTION('',(0.,0.,-1.));
#5849=DIRECTION('',(-1.,0.,-0.));
#5850=AXIS2_PLACEMENT_3D('',#5847,#5848,#5849);
#5851=CIRCLE('',#5850,18.6);
#5852=EDGE_CURVE('',#5840,#5831,#5851,.T.);
#5853=ORIENTED_EDGE('',*,*,#5852,.T.);
#5854=EDGE_LOOP('',(#5837,#5838,#5846,#5853));
#5855=FACE_BOUND('',#5854,.T.);
#5856=ADVANCED_FACE('',(#5855),#5829,.T.);
#5857=CARTESIAN_POINT('',(4624.5,-619.4,7.9));
#5858=DIRECTION('',(0.,0.,-1.));
#5859=DIRECTION('',(1.,0.,0.));
#5860=AXIS2_PLACEMENT_3D('',#5857,#5858,#5859);
#5861=PLANE('',#5860);
#5862=CARTESIAN_POINT('',(4715.164744968,-294.,7.9));
#5863=VERTEX_POINT('',#5862);
#5864=CARTESIAN_POINT('',(4715.164744968,-294.,7.9));
#5865=DIRECTION('',(1.,0.,0.));
#5866=VECTOR('',#5865,1.88517715);
#5867=LINE('',#5864,#5866);
#5868=EDGE_CURVE('',#5863,#5799,#5867,.T.);
#5869=ORIENTED_EDGE('',*,*,#5868,.F.);
#5870=CARTESIAN_POINT('',(4718.,-303.4,7.9));
#5871=VERTEX_POINT('',#5870);
#5872=CARTESIAN_POINT('',(4701.,-303.4,7.9));
#5873=DIRECTION('',(-0.,-0.,1.));
#5874=DIRECTION('',(-1.,0.,-0.));
#5875=AXIS2_PLACEMENT_3D('',#5872,#5873,#5874);
#5876=CIRCLE('',#5875,17.);
#5877=EDGE_CURVE('',#5871,#5863,#5876,.T.);
#5878=ORIENTED_EDGE('',*,*,#5877,.F.);
#5879=CARTESIAN_POINT('',(4715.164744968,-312.8,7.9));
#5880=VERTEX_POINT('',#5879);
#5881=CARTESIAN_POINT('',(4701.,-303.4,7.9));
#5882=DIRECTION('',(-0.,-0.,1.));
#5883=DIRECTION('',(-1.,0.,-0.));
#5884=AXIS2_PLACEMENT_3D('',#5881,#5882,#5883);
#5885=CIRCLE('',#5884,17.);
#5886=EDGE_CURVE('',#5880,#5871,#5885,.T.);
#5887=ORIENTED_EDGE('',*,*,#5886,.F.);
#5888=CARTESIAN_POINT('',(4717.049922118,-312.8,7.9));
#5889=DIRECTION('',(-1.,0.,-0.));
#5890=VECTOR('',#5889,1.88517715);
#5891=LINE('',#5888,#5890);
#5892=EDGE_CURVE('',#5807,#5880,#5891,.T.);
#5893=ORIENTED_EDGE('',*,*,#5892,.F.);
#5894=ORIENTED_EDGE('',*,*,#5813,.F.);
#5895=EDGE_LOOP('',(#5869,#5878,#5887,#5893,#5894));
#5896=FACE_BOUND('',#5895,.T.);
#5897=ADVANCED_FACE('',(#5896),#5861,.F.);
#5898=CARTESIAN_POINT('',(4624.5,-619.4,7.9));
#5899=DIRECTION('',(0.,0.,-1.));
#5900=DIRECTION('',(1.,0.,0.));
#5901=AXIS2_PLACEMENT_3D('',#5898,#5899,#5900);
#5902=PLANE('',#5901);
#5903=CARTESIAN_POINT('',(4684.950077882,-294.,7.9));
#5904=VERTEX_POINT('',#5903);
#5905=CARTESIAN_POINT('',(4686.835255032,-294.,7.9));
#5906=VERTEX_POINT('',#5905);
#5907=CARTESIAN_POINT('',(4684.950077882,-294.,7.9));
#5908=DIRECTION('',(1.,0.,0.));
#5909=VECTOR('',#5908,1.88517715);
#5910=LINE('',#5907,#5909);
#5911=EDGE_CURVE('',#5904,#5906,#5910,.T.);
#5912=ORIENTED_EDGE('',*,*,#5911,.F.);
#5913=CARTESIAN_POINT('',(4701.,-303.4,7.9));
#5914=DIRECTION('',(0.,0.,-1.));
#5915=DIRECTION('',(-1.,0.,-0.));
#5916=AXIS2_PLACEMENT_3D('',#5913,#5914,#5915);
#5917=CIRCLE('',#5916,18.6);
#5918=EDGE_CURVE('',#5831,#5904,#5917,.T.);
#5919=ORIENTED_EDGE('',*,*,#5918,.F.);
#5920=ORIENTED_EDGE('',*,*,#5852,.F.);
#5921=CARTESIAN_POINT('',(4686.835255032,-312.8,7.9));
#5922=VERTEX_POINT('',#5921);
#5923=CARTESIAN_POINT('',(4686.835255032,-312.8,7.9));
#5924=DIRECTION('',(-1.,0.,-0.));
#5925=VECTOR('',#5924,1.88517715);
#5926=LINE('',#5923,#5925);
#5927=EDGE_CURVE('',#5922,#5840,#5926,.T.);
#5928=ORIENTED_EDGE('',*,*,#5927,.F.);
#5929=CARTESIAN_POINT('',(4701.,-303.4,7.9));
#5930=DIRECTION('',(-0.,-0.,1.));
#5931=DIRECTION('',(-1.,0.,-0.));
#5932=AXIS2_PLACEMENT_3D('',#5929,#5930,#5931);
#5933=CIRCLE('',#5932,17.);
#5934=EDGE_CURVE('',#5906,#5922,#5933,.T.);
#5935=ORIENTED_EDGE('',*,*,#5934,.F.);
#5936=EDGE_LOOP('',(#5912,#5919,#5920,#5928,#5935));
#5937=FACE_BOUND('',#5936,.T.);
#5938=ADVANCED_FACE('',(#5937),#5902,.F.);
#5939=CARTESIAN_POINT('',(4701.,-303.4,-2.1));
#5940=DIRECTION('',(0.,0.,-1.));
#5941=DIRECTION('',(1.,-0.,0.));
#5942=AXIS2_PLACEMENT_3D('',#5939,#5940,#5941);
#5943=CYLINDRICAL_SURFACE('',#5942,17.);
#5944=CARTESIAN_POINT('',(4718.,-303.4,5.3));
#5945=VERTEX_POINT('',#5944);
#5946=CARTESIAN_POINT('',(4718.,-303.4,5.3));
#5947=DIRECTION('',(-0.,-0.,1.));
#5948=VECTOR('',#5947,2.6);
#5949=LINE('',#5946,#5948);
#5950=EDGE_CURVE('',#5945,#5871,#5949,.T.);
#5951=ORIENTED_EDGE('',*,*,#5950,.F.);
#5952=CARTESIAN_POINT('',(4684.,-303.4,5.3));
#5953=VERTEX_POINT('',#5952);
#5954=CARTESIAN_POINT('',(4701.,-303.4,5.3));
#5955=DIRECTION('',(-0.,-0.,-1.));
#5956=DIRECTION('',(-1.,0.,0.));
#5957=AXIS2_PLACEMENT_3D('',#5954,#5955,#5956);
#5958=CIRCLE('',#5957,17.);
#5959=EDGE_CURVE('',#5945,#5953,#5958,.T.);
#5960=ORIENTED_EDGE('',*,*,#5959,.T.);
#5961=CARTESIAN_POINT('',(4701.,-303.4,5.3));
#5962=DIRECTION('',(-0.,-0.,-1.));
#5963=DIRECTION('',(-1.,0.,0.));
#5964=AXIS2_PLACEMENT_3D('',#5961,#5962,#5963);
#5965=CIRCLE('',#5964,17.);
#5966=EDGE_CURVE('',#5953,#5945,#5965,.T.);
#5967=ORIENTED_EDGE('',*,*,#5966,.T.);
#5968=ORIENTED_EDGE('',*,*,#5950,.T.);
#5969=ORIENTED_EDGE('',*,*,#5877,.T.);
#5970=CARTESIAN_POINT('',(4715.164744968,-294.,7.9));
#5971=DIRECTION('',(0.,0.,-1.));
#5972=VECTOR('',#5971,2.);
#5973=LINE('',#5970,#5972);
#5974=EDGE_CURVE('',#5863,#5091,#5973,.T.);
#5975=ORIENTED_EDGE('',*,*,#5974,.T.);
#5976=ORIENTED_EDGE('',*,*,#5097,.F.);
#5977=CARTESIAN_POINT('',(4708.6,-288.193422476,7.9));
#5978=VERTEX_POINT('',#5977);
#5979=CARTESIAN_POINT('',(4708.6,-288.193422476,5.9));
#5980=DIRECTION('',(-0.,-0.,1.));
#5981=VECTOR('',#5980,2.);
#5982=LINE('',#5979,#5981);
#5983=EDGE_CURVE('',#5081,#5978,#5982,.T.);
#5984=ORIENTED_EDGE('',*,*,#5983,.T.);
#5985=CARTESIAN_POINT('',(4707.4,-287.650714302,7.9));
#5986=VERTEX_POINT('',#5985);
#5987=CARTESIAN_POINT('',(4701.,-303.4,7.9));
#5988=DIRECTION('',(-0.,-0.,-1.));
#5989=DIRECTION('',(1.,0.,-0.));
#5990=AXIS2_PLACEMENT_3D('',#5987,#5988,#5989);
#5991=CIRCLE('',#5990,17.);
#5992=EDGE_CURVE('',#5986,#5978,#5991,.T.);
#5993=ORIENTED_EDGE('',*,*,#5992,.F.);
#5994=CARTESIAN_POINT('',(4707.4,-287.650714302,7.9));
#5995=DIRECTION('',(0.,0.,-1.));
#5996=VECTOR('',#5995,2.);
#5997=LINE('',#5994,#5996);
#5998=EDGE_CURVE('',#5986,#5481,#5997,.T.);
#5999=ORIENTED_EDGE('',*,*,#5998,.T.);
#6000=ORIENTED_EDGE('',*,*,#5502,.F.);
#6001=CARTESIAN_POINT('',(4695.,-287.494026279,7.9));
#6002=VERTEX_POINT('',#6001);
#6003=CARTESIAN_POINT('',(4695.,-287.494026279,5.9));
#6004=DIRECTION('',(-0.,-0.,1.));
#6005=VECTOR('',#6004,2.);
#6006=LINE('',#6003,#6005);
#6007=EDGE_CURVE('',#5490,#6002,#6006,.T.);
#6008=ORIENTED_EDGE('',*,*,#6007,.T.);
#6009=CARTESIAN_POINT('',(4693.8,-288.,7.9));
#6010=VERTEX_POINT('',#6009);
#6011=CARTESIAN_POINT('',(4701.,-303.4,7.9));
#6012=DIRECTION('',(-0.,-0.,-1.));
#6013=DIRECTION('',(1.,0.,-0.));
#6014=AXIS2_PLACEMENT_3D('',#6011,#6012,#6013);
#6015=CIRCLE('',#6014,17.);
#6016=EDGE_CURVE('',#6010,#6002,#6015,.T.);
#6017=ORIENTED_EDGE('',*,*,#6016,.F.);
#6018=CARTESIAN_POINT('',(4693.8,-288.,7.9));
#6019=DIRECTION('',(0.,0.,-1.));
#6020=VECTOR('',#6019,2.);
#6021=LINE('',#6018,#6020);
#6022=EDGE_CURVE('',#6010,#5168,#6021,.T.);
#6023=ORIENTED_EDGE('',*,*,#6022,.T.);
#6024=ORIENTED_EDGE('',*,*,#5174,.F.);
#6025=CARTESIAN_POINT('',(4686.835255032,-294.,5.9));
#6026=DIRECTION('',(-0.,-0.,1.));
#6027=VECTOR('',#6026,2.);
#6028=LINE('',#6025,#6027);
#6029=EDGE_CURVE('',#5160,#5906,#6028,.T.);
#6030=ORIENTED_EDGE('',*,*,#6029,.T.);
#6031=ORIENTED_EDGE('',*,*,#5934,.T.);
#6032=CARTESIAN_POINT('',(4686.835255032,-312.8,7.9));
#6033=DIRECTION('',(0.,0.,-1.));
#6034=VECTOR('',#6033,2.);
#6035=LINE('',#6032,#6034);
#6036=EDGE_CURVE('',#5922,#5125,#6035,.T.);
#6037=ORIENTED_EDGE('',*,*,#6036,.T.);
#6038=ORIENTED_EDGE('',*,*,#5131,.F.);
#6039=CARTESIAN_POINT('',(4715.164744968,-312.8,5.9));
#6040=DIRECTION('',(-0.,-0.,1.));
#6041=VECTOR('',#6040,2.);
#6042=LINE('',#6039,#6041);
#6043=EDGE_CURVE('',#5117,#5880,#6042,.T.);
#6044=ORIENTED_EDGE('',*,*,#6043,.T.);
#6045=ORIENTED_EDGE('',*,*,#5886,.T.);
#6046=EDGE_LOOP('',(#5951,#5960,#5967,#5968,#5969,#5975,#5976,#5984,#5993,#5999,#6000,#6008,#6017,#6023,#6024,#6030,#6031,#6037,#6038,#6044,#6045));
#6047=FACE_BOUND('',#6046,.T.);
#6048=ADVANCED_FACE('',(#6047),#5943,.F.);
#6049=CARTESIAN_POINT('',(4723.2,-273.3,13.9));
#6050=DIRECTION('',(-0.,-1.,0.));
#6051=DIRECTION('',(-0.,0.,-1.));
#6052=AXIS2_PLACEMENT_3D('',#6049,#6050,#6051);
#6053=PLANE('',#6052);
#6054=CARTESIAN_POINT('',(4698.3,-273.3,6.9));
#6055=VERTEX_POINT('',#6054);
#6056=CARTESIAN_POINT('',(4704.1,-273.3,6.9));
#6057=VERTEX_POINT('',#6056);
#6058=CARTESIAN_POINT('',(4698.3,-273.3,6.9));
#6059=DIRECTION('',(1.,-0.,-0.));
#6060=VECTOR('',#6059,5.8);
#6061=LINE('',#6058,#6060);
#6062=EDGE_CURVE('',#6055,#6057,#6061,.T.);
#6063=ORIENTED_EDGE('',*,*,#6062,.T.);
#6064=CARTESIAN_POINT('',(4705.9,-273.3,8.7));
#6065=VERTEX_POINT('',#6064);
#6066=CARTESIAN_POINT('',(4704.1,-273.3,8.7));
#6067=DIRECTION('',(-0.,-1.,0.));
#6068=DIRECTION('',(1.,-0.,0.));
#6069=AXIS2_PLACEMENT_3D('',#6066,#6067,#6068);
#6070=CIRCLE('',#6069,1.8);
#6071=EDGE_CURVE('',#6057,#6065,#6070,.T.);
#6072=ORIENTED_EDGE('',*,*,#6071,.T.);
#6073=CARTESIAN_POINT('',(4704.1,-273.3,10.5));
#6074=VERTEX_POINT('',#6073);
#6075=CARTESIAN_POINT('',(4704.1,-273.3,8.7));
#6076=DIRECTION('',(-0.,-1.,0.));
#6077=DIRECTION('',(1.,-0.,0.));
#6078=AXIS2_PLACEMENT_3D('',#6075,#6076,#6077);
#6079=CIRCLE('',#6078,1.8);
#6080=EDGE_CURVE('',#6065,#6074,#6079,.T.);
#6081=ORIENTED_EDGE('',*,*,#6080,.T.);
#6082=CARTESIAN_POINT('',(4698.3,-273.3,10.5));
#6083=VERTEX_POINT('',#6082);
#6084=CARTESIAN_POINT('',(4704.1,-273.3,10.5));
#6085=DIRECTION('',(-1.,0.,0.));
#6086=VECTOR('',#6085,5.8);
#6087=LINE('',#6084,#6086);
#6088=EDGE_CURVE('',#6074,#6083,#6087,.T.);
#6089=ORIENTED_EDGE('',*,*,#6088,.T.);
#6090=CARTESIAN_POINT('',(4696.5,-273.3,8.7));
#6091=VERTEX_POINT('',#6090);
#6092=CARTESIAN_POINT('',(4698.3,-273.3,8.7));
#6093=DIRECTION('',(-0.,-1.,0.));
#6094=DIRECTION('',(1.,-0.,0.));
#6095=AXIS2_PLACEMENT_3D('',#6092,#6093,#6094);
#6096=CIRCLE('',#6095,1.8);
#6097=EDGE_CURVE('',#6083,#6091,#6096,.T.);
#6098=ORIENTED_EDGE('',*,*,#6097,.T.);
#6099=CARTESIAN_POINT('',(4698.3,-273.3,8.7));
#6100=DIRECTION('',(-0.,-1.,0.));
#6101=DIRECTION('',(1.,-0.,0.));
#6102=AXIS2_PLACEMENT_3D('',#6099,#6100,#6101);
#6103=CIRCLE('',#6102,1.8);
#6104=EDGE_CURVE('',#6091,#6055,#6103,.T.);
#6105=ORIENTED_EDGE('',*,*,#6104,.T.);
#6106=EDGE_LOOP('',(#6063,#6072,#6081,#6089,#6098,#6105));
#6107=FACE_BOUND('',#6106,.T.);
#6108=ORIENTED_EDGE('',*,*,#5612,.F.);
#6109=CARTESIAN_POINT('',(4697.2,-273.3,12.1));
#6110=VERTEX_POINT('',#6109);
#6111=CARTESIAN_POINT('',(4697.2,-273.3,15.9));
#6112=DIRECTION('',(-0.,0.,-1.));
#6113=VECTOR('',#6112,3.8);
#6114=LINE('',#6111,#6113);
#6115=EDGE_CURVE('',#5599,#6110,#6114,.T.);
#6116=ORIENTED_EDGE('',*,*,#6115,.T.);
#6117=CARTESIAN_POINT('',(4705.2,-273.3,12.1));
#6118=VERTEX_POINT('',#6117);
#6119=CARTESIAN_POINT('',(4697.2,-273.3,12.1));
#6120=DIRECTION('',(1.,-0.,-0.));
#6121=VECTOR('',#6120,8.);
#6122=LINE('',#6119,#6121);
#6123=EDGE_CURVE('',#6110,#6118,#6122,.T.);
#6124=ORIENTED_EDGE('',*,*,#6123,.T.);
#6125=CARTESIAN_POINT('',(4705.2,-273.3,12.1));
#6126=DIRECTION('',(0.,-0.,1.));
#6127=VECTOR('',#6126,3.8);
#6128=LINE('',#6125,#6127);
#6129=EDGE_CURVE('',#6118,#5515,#6128,.T.);
#6130=ORIENTED_EDGE('',*,*,#6129,.T.);
#6131=ORIENTED_EDGE('',*,*,#5520,.F.);
#6132=CARTESIAN_POINT('',(4730.2,-273.3,3.9));
#6133=VERTEX_POINT('',#6132);
#6134=CARTESIAN_POINT('',(4730.2,-273.3,15.9));
#6135=DIRECTION('',(-0.,0.,-1.));
#6136=VECTOR('',#6135,12.);
#6137=LINE('',#6134,#6136);
#6138=EDGE_CURVE('',#5513,#6133,#6137,.T.);
#6139=ORIENTED_EDGE('',*,*,#6138,.T.);
#6140=CARTESIAN_POINT('',(4672.2,-273.3,3.9));
#6141=VERTEX_POINT('',#6140);
#6142=CARTESIAN_POINT('',(4730.2,-273.3,3.9));
#6143=DIRECTION('',(-1.,0.,0.));
#6144=VECTOR('',#6143,58.);
#6145=LINE('',#6142,#6144);
#6146=EDGE_CURVE('',#6133,#6141,#6145,.T.);
#6147=ORIENTED_EDGE('',*,*,#6146,.T.);
#6148=CARTESIAN_POINT('',(4672.2,-273.3,15.9));
#6149=DIRECTION('',(0.,-0.,-1.));
#6150=VECTOR('',#6149,12.);
#6151=LINE('',#6148,#6150);
#6152=EDGE_CURVE('',#5607,#6141,#6151,.T.);
#6153=ORIENTED_EDGE('',*,*,#6152,.F.);
#6154=EDGE_LOOP('',(#6108,#6116,#6124,#6130,#6131,#6139,#6147,#6153));
#6155=FACE_BOUND('',#6154,.T.);
#6156=ADVANCED_FACE('',(#6107,#6155),#6053,.F.);
#6157=CARTESIAN_POINT('',(4716.2,60.7,3.9));
#6158=DIRECTION('',(-0.,0.,-1.));
#6159=DIRECTION('',(1.,-0.,-0.));
#6160=AXIS2_PLACEMENT_3D('',#6157,#6158,#6159);
#6161=PLANE('',#6160);
#6162=CARTESIAN_POINT('',(4714.549467965,-275.300532035,3.9));
#6163=VERTEX_POINT('',#6162);
#6164=CARTESIAN_POINT('',(4714.6,-275.3,3.9));
#6165=VERTEX_POINT('',#6164);
#6166=CARTESIAN_POINT('',(4714.6,-277.7,3.9));
#6167=DIRECTION('',(0.,-0.,-1.));
#6168=DIRECTION('',(-1.,-0.,-0.));
#6169=AXIS2_PLACEMENT_3D('',#6166,#6167,#6168);
#6170=CIRCLE('',#6169,2.4);
#6171=EDGE_CURVE('',#6163,#6165,#6170,.T.);
#6172=ORIENTED_EDGE('',*,*,#6171,.F.);
#6173=CARTESIAN_POINT('',(4714.549467965,-279.899467965,3.9));
#6174=VERTEX_POINT('',#6173);
#6175=CARTESIAN_POINT('',(4714.5,-277.6,3.9));
#6176=DIRECTION('',(0.,-0.,1.));
#6177=DIRECTION('',(-1.,0.,0.));
#6178=AXIS2_PLACEMENT_3D('',#6175,#6176,#6177);
#6179=CIRCLE('',#6178,2.3);
#6180=EDGE_CURVE('',#6163,#6174,#6179,.T.);
#6181=ORIENTED_EDGE('',*,*,#6180,.T.);
#6182=CARTESIAN_POINT('',(4714.6,-279.9,3.9));
#6183=VERTEX_POINT('',#6182);
#6184=CARTESIAN_POINT('',(4714.6,-277.5,3.9));
#6185=DIRECTION('',(0.,-0.,-1.));
#6186=DIRECTION('',(-1.,-0.,-0.));
#6187=AXIS2_PLACEMENT_3D('',#6184,#6185,#6186);
#6188=CIRCLE('',#6187,2.4);
#6189=EDGE_CURVE('',#6183,#6174,#6188,.T.);
#6190=ORIENTED_EDGE('',*,*,#6189,.F.);
#6191=CARTESIAN_POINT('',(4716.3,-279.9,3.9));
#6192=VERTEX_POINT('',#6191);
#6193=CARTESIAN_POINT('',(4714.6,-279.9,3.9));
#6194=DIRECTION('',(1.,0.,0.));
#6195=VECTOR('',#6194,1.7);
#6196=LINE('',#6193,#6195);
#6197=EDGE_CURVE('',#6183,#6192,#6196,.T.);
#6198=ORIENTED_EDGE('',*,*,#6197,.T.);
#6199=CARTESIAN_POINT('',(4717.2,-280.8,3.9));
#6200=VERTEX_POINT('',#6199);
#6201=CARTESIAN_POINT('',(4716.3,-280.8,3.9));
#6202=DIRECTION('',(-0.,0.,1.));
#6203=DIRECTION('',(-1.,-0.,-0.));
#6204=AXIS2_PLACEMENT_3D('',#6201,#6202,#6203);
#6205=CIRCLE('',#6204,0.9);
#6206=EDGE_CURVE('',#6200,#6192,#6205,.T.);
#6207=ORIENTED_EDGE('',*,*,#6206,.F.);
#6208=CARTESIAN_POINT('',(4722.7,-286.3,3.9));
#6209=VERTEX_POINT('',#6208);
#6210=CARTESIAN_POINT('',(4722.7,-280.8,3.9));
#6211=DIRECTION('',(0.,-0.,-1.));
#6212=DIRECTION('',(-1.,-0.,-0.));
#6213=AXIS2_PLACEMENT_3D('',#6210,#6211,#6212);
#6214=CIRCLE('',#6213,5.5);
#6215=EDGE_CURVE('',#6209,#6200,#6214,.T.);
#6216=ORIENTED_EDGE('',*,*,#6215,.F.);
#6217=CARTESIAN_POINT('',(4728.2,-280.8,3.9));
#6218=VERTEX_POINT('',#6217);
#6219=CARTESIAN_POINT('',(4722.7,-280.8,3.9));
#6220=DIRECTION('',(0.,-0.,-1.));
#6221=DIRECTION('',(-1.,-0.,-0.));
#6222=AXIS2_PLACEMENT_3D('',#6219,#6220,#6221);
#6223=CIRCLE('',#6222,5.5);
#6224=EDGE_CURVE('',#6218,#6209,#6223,.T.);
#6225=ORIENTED_EDGE('',*,*,#6224,.F.);
#6226=CARTESIAN_POINT('',(4722.7,-275.3,3.9));
#6227=VERTEX_POINT('',#6226);
#6228=CARTESIAN_POINT('',(4722.7,-280.8,3.9));
#6229=DIRECTION('',(0.,-0.,-1.));
#6230=DIRECTION('',(-1.,-0.,-0.));
#6231=AXIS2_PLACEMENT_3D('',#6228,#6229,#6230);
#6232=CIRCLE('',#6231,5.5);
#6233=EDGE_CURVE('',#6227,#6218,#6232,.T.);
#6234=ORIENTED_EDGE('',*,*,#6233,.F.);
#6235=CARTESIAN_POINT('',(4722.7,-275.3,3.9));
#6236=DIRECTION('',(-1.,-0.,-0.));
#6237=VECTOR('',#6236,8.1);
#6238=LINE('',#6235,#6237);
#6239=EDGE_CURVE('',#6227,#6165,#6238,.T.);
#6240=ORIENTED_EDGE('',*,*,#6239,.T.);
#6241=EDGE_LOOP('',(#6172,#6181,#6190,#6198,#6207,#6216,#6225,#6234,#6240));
#6242=FACE_BOUND('',#6241,.T.);
#6243=CARTESIAN_POINT('',(4687.8,-275.3,3.9));
#6244=VERTEX_POINT('',#6243);
#6245=CARTESIAN_POINT('',(4687.850532035,-275.300532035,3.9));
#6246=VERTEX_POINT('',#6245);
#6247=CARTESIAN_POINT('',(4687.8,-277.7,3.9));
#6248=DIRECTION('',(0.,0.,-1.));
#6249=DIRECTION('',(1.,0.,0.));
#6250=AXIS2_PLACEMENT_3D('',#6247,#6248,#6249);
#6251=CIRCLE('',#6250,2.4);
#6252=EDGE_CURVE('',#6244,#6246,#6251,.T.);
#6253=ORIENTED_EDGE('',*,*,#6252,.F.);
#6254=CARTESIAN_POINT('',(4679.7,-275.3,3.9));
#6255=VERTEX_POINT('',#6254);
#6256=CARTESIAN_POINT('',(4679.7,-275.3,3.9));
#6257=DIRECTION('',(1.,0.,0.));
#6258=VECTOR('',#6257,8.1);
#6259=LINE('',#6256,#6258);
#6260=EDGE_CURVE('',#6255,#6244,#6259,.T.);
#6261=ORIENTED_EDGE('',*,*,#6260,.F.);
#6262=CARTESIAN_POINT('',(4674.2,-280.8,3.9));
#6263=VERTEX_POINT('',#6262);
#6264=CARTESIAN_POINT('',(4679.7,-280.8,3.9));
#6265=DIRECTION('',(0.,0.,-1.));
#6266=DIRECTION('',(1.,0.,0.));
#6267=AXIS2_PLACEMENT_3D('',#6264,#6265,#6266);
#6268=CIRCLE('',#6267,5.5);
#6269=EDGE_CURVE('',#6263,#6255,#6268,.T.);
#6270=ORIENTED_EDGE('',*,*,#6269,.F.);
#6271=CARTESIAN_POINT('',(4679.7,-286.3,3.9));
#6272=VERTEX_POINT('',#6271);
#6273=CARTESIAN_POINT('',(4679.7,-280.8,3.9));
#6274=DIRECTION('',(0.,0.,-1.));
#6275=DIRECTION('',(1.,0.,0.));
#6276=AXIS2_PLACEMENT_3D('',#6273,#6274,#6275);
#6277=CIRCLE('',#6276,5.5);
#6278=EDGE_CURVE('',#6272,#6263,#6277,.T.);
#6279=ORIENTED_EDGE('',*,*,#6278,.F.);
#6280=CARTESIAN_POINT('',(4685.2,-280.8,3.9));
#6281=VERTEX_POINT('',#6280);
#6282=CARTESIAN_POINT('',(4679.7,-280.8,3.9));
#6283=DIRECTION('',(0.,0.,-1.));
#6284=DIRECTION('',(1.,0.,0.));
#6285=AXIS2_PLACEMENT_3D('',#6282,#6283,#6284);
#6286=CIRCLE('',#6285,5.5);
#6287=EDGE_CURVE('',#6281,#6272,#6286,.T.);
#6288=ORIENTED_EDGE('',*,*,#6287,.F.);
#6289=CARTESIAN_POINT('',(4686.1,-279.9,3.9));
#6290=VERTEX_POINT('',#6289);
#6291=CARTESIAN_POINT('',(4686.1,-280.8,3.9));
#6292=DIRECTION('',(-0.,-0.,1.));
#6293=DIRECTION('',(1.,0.,0.));
#6294=AXIS2_PLACEMENT_3D('',#6291,#6292,#6293);
#6295=CIRCLE('',#6294,0.9);
#6296=EDGE_CURVE('',#6290,#6281,#6295,.T.);
#6297=ORIENTED_EDGE('',*,*,#6296,.F.);
#6298=CARTESIAN_POINT('',(4687.8,-279.9,3.9));
#6299=VERTEX_POINT('',#6298);
#6300=CARTESIAN_POINT('',(4687.8,-279.9,3.9));
#6301=DIRECTION('',(-1.,-0.,-0.));
#6302=VECTOR('',#6301,1.7);
#6303=LINE('',#6300,#6302);
#6304=EDGE_CURVE('',#6299,#6290,#6303,.T.);
#6305=ORIENTED_EDGE('',*,*,#6304,.F.);
#6306=CARTESIAN_POINT('',(4687.850532035,-279.899467965,3.9));
#6307=VERTEX_POINT('',#6306);
#6308=CARTESIAN_POINT('',(4687.8,-277.5,3.9));
#6309=DIRECTION('',(0.,0.,-1.));
#6310=DIRECTION('',(1.,0.,0.));
#6311=AXIS2_PLACEMENT_3D('',#6308,#6309,#6310);
#6312=CIRCLE('',#6311,2.4);
#6313=EDGE_CURVE('',#6307,#6299,#6312,.T.);
#6314=ORIENTED_EDGE('',*,*,#6313,.F.);
#6315=CARTESIAN_POINT('',(4690.2,-277.6,3.9));
#6316=VERTEX_POINT('',#6315);
#6317=CARTESIAN_POINT('',(4687.9,-277.6,3.9));
#6318=DIRECTION('',(0.,-0.,1.));
#6319=DIRECTION('',(-1.,0.,0.));
#6320=AXIS2_PLACEMENT_3D('',#6317,#6318,#6319);
#6321=CIRCLE('',#6320,2.3);
#6322=EDGE_CURVE('',#6307,#6316,#6321,.T.);
#6323=ORIENTED_EDGE('',*,*,#6322,.T.);
#6324=CARTESIAN_POINT('',(4687.9,-277.6,3.9));
#6325=DIRECTION('',(0.,-0.,1.));
#6326=DIRECTION('',(-1.,0.,0.));
#6327=AXIS2_PLACEMENT_3D('',#6324,#6325,#6326);
#6328=CIRCLE('',#6327,2.3);
#6329=EDGE_CURVE('',#6316,#6246,#6328,.T.);
#6330=ORIENTED_EDGE('',*,*,#6329,.T.);
#6331=EDGE_LOOP('',(#6253,#6261,#6270,#6279,#6288,#6297,#6305,#6314,#6323,#6330));
#6332=FACE_BOUND('',#6331,.T.);
#6333=CARTESIAN_POINT('',(4708.4,-345.5,3.9));
#6334=VERTEX_POINT('',#6333);
#6335=CARTESIAN_POINT('',(4710.7,-345.5,3.9));
#6336=DIRECTION('',(-0.,0.,-1.));
#6337=DIRECTION('',(-1.,0.,0.));
#6338=AXIS2_PLACEMENT_3D('',#6335,#6336,#6337);
#6339=CIRCLE('',#6338,2.3);
#6340=EDGE_CURVE('',#6334,#6334,#6339,.T.);
#6341=ORIENTED_EDGE('',*,*,#6340,.F.);
#6342=EDGE_LOOP('',(#6341));
#6343=FACE_BOUND('',#6342,.T.);
#6344=CARTESIAN_POINT('',(4689.4,-345.5,3.9));
#6345=VERTEX_POINT('',#6344);
#6346=CARTESIAN_POINT('',(4691.7,-345.5,3.9));
#6347=DIRECTION('',(-0.,0.,-1.));
#6348=DIRECTION('',(-1.,0.,0.));
#6349=AXIS2_PLACEMENT_3D('',#6346,#6347,#6348);
#6350=CIRCLE('',#6349,2.3);
#6351=EDGE_CURVE('',#6345,#6345,#6350,.T.);
#6352=ORIENTED_EDGE('',*,*,#6351,.F.);
#6353=EDGE_LOOP('',(#6352));
#6354=FACE_BOUND('',#6353,.T.);
#6355=CARTESIAN_POINT('',(4728.2,-342.8,3.9));
#6356=VERTEX_POINT('',#6355);
#6357=CARTESIAN_POINT('',(4722.7,-342.8,3.9));
#6358=DIRECTION('',(-0.,0.,-1.));
#6359=DIRECTION('',(1.,0.,-0.));
#6360=AXIS2_PLACEMENT_3D('',#6357,#6358,#6359);
#6361=CIRCLE('',#6360,5.5);
#6362=EDGE_CURVE('',#6356,#6356,#6361,.T.);
#6363=ORIENTED_EDGE('',*,*,#6362,.F.);
#6364=EDGE_LOOP('',(#6363));
#6365=FACE_BOUND('',#6364,.T.);
#6366=CARTESIAN_POINT('',(4685.2,-342.8,3.9));
#6367=VERTEX_POINT('',#6366);
#6368=CARTESIAN_POINT('',(4679.7,-342.8,3.9));
#6369=DIRECTION('',(-0.,0.,-1.));
#6370=DIRECTION('',(1.,0.,-0.));
#6371=AXIS2_PLACEMENT_3D('',#6368,#6369,#6370);
#6372=CIRCLE('',#6371,5.5);
#6373=EDGE_CURVE('',#6367,#6367,#6372,.T.);
#6374=ORIENTED_EDGE('',*,*,#6373,.F.);
#6375=EDGE_LOOP('',(#6374));
#6376=FACE_BOUND('',#6375,.T.);
#6377=CARTESIAN_POINT('',(4730.2,-350.3,3.9));
#6378=VERTEX_POINT('',#6377);
#6379=CARTESIAN_POINT('',(4730.2,-350.3,3.9));
#6380=DIRECTION('',(0.,1.,0.));
#6381=VECTOR('',#6380,77.);
#6382=LINE('',#6379,#6381);
#6383=EDGE_CURVE('',#6378,#6133,#6382,.T.);
#6384=ORIENTED_EDGE('',*,*,#6383,.F.);
#6385=CARTESIAN_POINT('',(4672.2,-350.3,3.9));
#6386=VERTEX_POINT('',#6385);
#6387=CARTESIAN_POINT('',(4730.2,-350.3,3.9));
#6388=DIRECTION('',(-1.,0.,0.));
#6389=VECTOR('',#6388,58.);
#6390=LINE('',#6387,#6389);
#6391=EDGE_CURVE('',#6378,#6386,#6390,.T.);
#6392=ORIENTED_EDGE('',*,*,#6391,.T.);
#6393=CARTESIAN_POINT('',(4672.2,-350.3,3.9));
#6394=DIRECTION('',(0.,1.,0.));
#6395=VECTOR('',#6394,77.);
#6396=LINE('',#6393,#6395);
#6397=EDGE_CURVE('',#6386,#6141,#6396,.T.);
#6398=ORIENTED_EDGE('',*,*,#6397,.T.);
#6399=ORIENTED_EDGE('',*,*,#6146,.F.);
#6400=EDGE_LOOP('',(#6384,#6392,#6398,#6399));
#6401=FACE_BOUND('',#6400,.T.);
#6402=ADVANCED_FACE('',(#6242,#6332,#6343,#6354,#6365,#6376,#6401),#6161,.T.);
#6403=CARTESIAN_POINT('',(4730.2,-362.3,13.9));
#6404=DIRECTION('',(-1.,0.,0.));
#6405=DIRECTION('',(-0.,0.,-1.));
#6406=AXIS2_PLACEMENT_3D('',#6403,#6404,#6405);
#6407=PLANE('',#6406);
#6408=CARTESIAN_POINT('',(4730.2,-350.3,3.9));
#6409=DIRECTION('',(0.,0.,1.));
#6410=VECTOR('',#6409,12.);
#6411=LINE('',#6408,#6410);
#6412=EDGE_CURVE('',#6378,#5623,#6411,.T.);
#6413=ORIENTED_EDGE('',*,*,#6412,.F.);
#6414=ORIENTED_EDGE('',*,*,#6383,.T.);
#6415=ORIENTED_EDGE('',*,*,#6138,.F.);
#6416=ORIENTED_EDGE('',*,*,#5634,.F.);
#6417=EDGE_LOOP('',(#6413,#6414,#6415,#6416));
#6418=FACE_BOUND('',#6417,.T.);
#6419=ADVANCED_FACE('',(#6418),#6407,.F.);
#6420=CARTESIAN_POINT('',(4672.2,-226.8,16.4));
#6421=DIRECTION('',(-1.,0.,-0.));
#6422=DIRECTION('',(-0.,0.,1.));
#6423=AXIS2_PLACEMENT_3D('',#6420,#6421,#6422);
#6424=PLANE('',#6423);
#6425=ORIENTED_EDGE('',*,*,#6397,.F.);
#6426=CARTESIAN_POINT('',(4672.2,-350.3,3.9));
#6427=DIRECTION('',(-0.,0.,1.));
#6428=VECTOR('',#6427,12.);
#6429=LINE('',#6426,#6428);
#6430=EDGE_CURVE('',#6386,#5615,#6429,.T.);
#6431=ORIENTED_EDGE('',*,*,#6430,.T.);
#6432=ORIENTED_EDGE('',*,*,#5620,.T.);
#6433=ORIENTED_EDGE('',*,*,#6152,.T.);
#6434=EDGE_LOOP('',(#6425,#6431,#6432,#6433));
#6435=FACE_BOUND('',#6434,.T.);
#6436=ADVANCED_FACE('',(#6435),#6424,.T.);
#6437=CARTESIAN_POINT('',(4643.2,-350.3,3.9));
#6438=DIRECTION('',(0.,-1.,0.));
#6439=DIRECTION('',(0.,0.,-1.));
#6440=AXIS2_PLACEMENT_3D('',#6437,#6438,#6439);
#6441=PLANE('',#6440);
#6442=ORIENTED_EDGE('',*,*,#5628,.T.);
#6443=ORIENTED_EDGE('',*,*,#6430,.F.);
#6444=ORIENTED_EDGE('',*,*,#6391,.F.);
#6445=ORIENTED_EDGE('',*,*,#6412,.T.);
#6446=EDGE_LOOP('',(#6442,#6443,#6444,#6445));
#6447=FACE_BOUND('',#6446,.T.);
#6448=ADVANCED_FACE('',(#6447),#6441,.T.);
#6449=CARTESIAN_POINT('',(4624.5,-619.4,5.3));
#6450=DIRECTION('',(-0.,-0.,-1.));
#6451=DIRECTION('',(1.,0.,-0.));
#6452=AXIS2_PLACEMENT_3D('',#6449,#6450,#6451);
#6453=PLANE('',#6452);
#6454=ORIENTED_EDGE('',*,*,#5959,.F.);
#6455=ORIENTED_EDGE('',*,*,#5966,.F.);
#6456=EDGE_LOOP('',(#6454,#6455));
#6457=FACE_BOUND('',#6456,.T.);
#6458=ADVANCED_FACE('',(#6457),#6453,.F.);
#6459=CARTESIAN_POINT('',(4702.,-312.8,7.9));
#6460=DIRECTION('',(0.,-1.,0.));
#6461=DIRECTION('',(-0.,0.,1.));
#6462=AXIS2_PLACEMENT_3D('',#6459,#6460,#6461);
#6463=PLANE('',#6462);
#6464=ORIENTED_EDGE('',*,*,#5845,.T.);
#6465=ORIENTED_EDGE('',*,*,#5139,.F.);
#6466=ORIENTED_EDGE('',*,*,#6036,.F.);
#6467=ORIENTED_EDGE('',*,*,#5927,.T.);
#6468=EDGE_LOOP('',(#6464,#6465,#6466,#6467));
#6469=FACE_BOUND('',#6468,.T.);
#6470=ADVANCED_FACE('',(#6469),#6463,.T.);
#6471=CARTESIAN_POINT('',(4702.,-312.8,7.9));
#6472=DIRECTION('',(0.,-1.,0.));
#6473=DIRECTION('',(-0.,0.,1.));
#6474=AXIS2_PLACEMENT_3D('',#6471,#6472,#6473);
#6475=PLANE('',#6474);
#6476=ORIENTED_EDGE('',*,*,#5819,.T.);
#6477=ORIENTED_EDGE('',*,*,#5892,.T.);
#6478=ORIENTED_EDGE('',*,*,#6043,.F.);
#6479=ORIENTED_EDGE('',*,*,#5122,.F.);
#6480=EDGE_LOOP('',(#6476,#6477,#6478,#6479));
#6481=FACE_BOUND('',#6480,.T.);
#6482=ADVANCED_FACE('',(#6481),#6475,.T.);
#6483=CARTESIAN_POINT('',(4702.,-294.,7.9));
#6484=DIRECTION('',(0.,1.,0.));
#6485=DIRECTION('',(0.,0.,-1.));
#6486=AXIS2_PLACEMENT_3D('',#6483,#6484,#6485);
#6487=PLANE('',#6486);
#6488=CARTESIAN_POINT('',(4684.950077882,-294.,5.9));
#6489=DIRECTION('',(-0.,-0.,1.));
#6490=VECTOR('',#6489,2.);
#6491=LINE('',#6488,#6490);
#6492=EDGE_CURVE('',#5151,#5904,#6491,.T.);
#6493=ORIENTED_EDGE('',*,*,#6492,.T.);
#6494=ORIENTED_EDGE('',*,*,#5911,.T.);
#6495=ORIENTED_EDGE('',*,*,#6029,.F.);
#6496=ORIENTED_EDGE('',*,*,#5165,.F.);
#6497=EDGE_LOOP('',(#6493,#6494,#6495,#6496));
#6498=FACE_BOUND('',#6497,.T.);
#6499=ADVANCED_FACE('',(#6498),#6487,.T.);
#6500=CARTESIAN_POINT('',(4702.,-294.,7.9));
#6501=DIRECTION('',(0.,1.,0.));
#6502=DIRECTION('',(0.,0.,-1.));
#6503=AXIS2_PLACEMENT_3D('',#6500,#6501,#6502);
#6504=PLANE('',#6503);
#6505=ORIENTED_EDGE('',*,*,#5804,.T.);
#6506=ORIENTED_EDGE('',*,*,#5105,.F.);
#6507=ORIENTED_EDGE('',*,*,#5974,.F.);
#6508=ORIENTED_EDGE('',*,*,#5868,.T.);
#6509=EDGE_LOOP('',(#6505,#6506,#6507,#6508));
#6510=FACE_BOUND('',#6509,.T.);
#6511=ADVANCED_FACE('',(#6510),#6504,.T.);
#6512=CARTESIAN_POINT('',(4679.7,-342.8,-15.3));
#6513=DIRECTION('',(0.,-0.,1.));
#6514=DIRECTION('',(1.,0.,-0.));
#6515=AXIS2_PLACEMENT_3D('',#6512,#6513,#6514);
#6516=CYLINDRICAL_SURFACE('',#6515,5.5);
#6517=CARTESIAN_POINT('',(4685.2,-342.8,4.7));
#6518=VERTEX_POINT('',#6517);
#6519=CARTESIAN_POINT('',(4685.2,-342.8,4.7));
#6520=DIRECTION('',(-0.,0.,-1.));
#6521=VECTOR('',#6520,0.8);
#6522=LINE('',#6519,#6521);
#6523=EDGE_CURVE('',#6518,#6367,#6522,.T.);
#6524=ORIENTED_EDGE('',*,*,#6523,.F.);
#6525=CARTESIAN_POINT('',(4679.7,-342.8,4.7));
#6526=DIRECTION('',(-0.,0.,-1.));
#6527=DIRECTION('',(1.,0.,-0.));
#6528=AXIS2_PLACEMENT_3D('',#6525,#6526,#6527);
#6529=CIRCLE('',#6528,5.5);
#6530=EDGE_CURVE('',#6518,#6518,#6529,.T.);
#6531=ORIENTED_EDGE('',*,*,#6530,.F.);
#6532=ORIENTED_EDGE('',*,*,#6523,.T.);
#6533=ORIENTED_EDGE('',*,*,#6373,.T.);
#6534=EDGE_LOOP('',(#6524,#6531,#6532,#6533));
#6535=FACE_BOUND('',#6534,.T.);
#6536=ADVANCED_FACE('',(#6535),#6516,.F.);
#6537=CARTESIAN_POINT('',(4756.2,-26.8,4.7));
#6538=DIRECTION('',(-0.,0.,-1.));
#6539=DIRECTION('',(-1.,-0.,0.));
#6540=AXIS2_PLACEMENT_3D('',#6537,#6538,#6539);
#6541=PLANE('',#6540);
#6542=ORIENTED_EDGE('',*,*,#6530,.T.);
#6543=EDGE_LOOP('',(#6542));
#6544=FACE_BOUND('',#6543,.T.);
#6545=ADVANCED_FACE('',(#6544),#6541,.T.);
#6546=CARTESIAN_POINT('',(4722.7,-342.8,-15.3));
#6547=DIRECTION('',(0.,-0.,1.));
#6548=DIRECTION('',(1.,0.,-0.));
#6549=AXIS2_PLACEMENT_3D('',#6546,#6547,#6548);
#6550=CYLINDRICAL_SURFACE('',#6549,5.5);
#6551=CARTESIAN_POINT('',(4728.2,-342.8,4.7));
#6552=VERTEX_POINT('',#6551);
#6553=CARTESIAN_POINT('',(4728.2,-342.8,4.7));
#6554=DIRECTION('',(-0.,0.,-1.));
#6555=VECTOR('',#6554,0.8);
#6556=LINE('',#6553,#6555);
#6557=EDGE_CURVE('',#6552,#6356,#6556,.T.);
#6558=ORIENTED_EDGE('',*,*,#6557,.F.);
#6559=CARTESIAN_POINT('',(4722.7,-342.8,4.7));
#6560=DIRECTION('',(-0.,0.,-1.));
#6561=DIRECTION('',(1.,0.,-0.));
#6562=AXIS2_PLACEMENT_3D('',#6559,#6560,#6561);
#6563=CIRCLE('',#6562,5.5);
#6564=EDGE_CURVE('',#6552,#6552,#6563,.T.);
#6565=ORIENTED_EDGE('',*,*,#6564,.F.);
#6566=ORIENTED_EDGE('',*,*,#6557,.T.);
#6567=ORIENTED_EDGE('',*,*,#6362,.T.);
#6568=EDGE_LOOP('',(#6558,#6565,#6566,#6567));
#6569=FACE_BOUND('',#6568,.T.);
#6570=ADVANCED_FACE('',(#6569),#6550,.F.);
#6571=CARTESIAN_POINT('',(4799.2,-26.8,4.7));
#6572=DIRECTION('',(-0.,0.,-1.));
#6573=DIRECTION('',(-1.,-0.,0.));
#6574=AXIS2_PLACEMENT_3D('',#6571,#6572,#6573);
#6575=PLANE('',#6574);
#6576=ORIENTED_EDGE('',*,*,#6564,.T.);
#6577=EDGE_LOOP('',(#6576));
#6578=FACE_BOUND('',#6577,.T.);
#6579=ADVANCED_FACE('',(#6578),#6575,.T.);
#6580=CARTESIAN_POINT('',(4678.8,-317.2,15.9));
#6581=DIRECTION('',(-0.,-0.,1.));
#6582=DIRECTION('',(-1.,-0.,-0.));
#6583=AXIS2_PLACEMENT_3D('',#6580,#6581,#6582);
#6584=CYLINDRICAL_SURFACE('',#6583,2.5);
#6585=CARTESIAN_POINT('',(4676.3,-317.2,10.3));
#6586=VERTEX_POINT('',#6585);
#6587=CARTESIAN_POINT('',(4676.3,-317.2,7.9));
#6588=VERTEX_POINT('',#6587);
#6589=CARTESIAN_POINT('',(4676.3,-317.2,10.3));
#6590=DIRECTION('',(0.,0.,-1.));
#6591=VECTOR('',#6590,2.4);
#6592=LINE('',#6589,#6591);
#6593=EDGE_CURVE('',#6586,#6588,#6592,.T.);
#6594=ORIENTED_EDGE('',*,*,#6593,.T.);
#6595=CARTESIAN_POINT('',(4681.3,-317.2,7.9));
#6596=VERTEX_POINT('',#6595);
#6597=CARTESIAN_POINT('',(4678.8,-317.2,7.9));
#6598=DIRECTION('',(-0.,-0.,1.));
#6599=DIRECTION('',(1.,0.,0.));
#6600=AXIS2_PLACEMENT_3D('',#6597,#6598,#6599);
#6601=CIRCLE('',#6600,2.5);
#6602=EDGE_CURVE('',#6588,#6596,#6601,.T.);
#6603=ORIENTED_EDGE('',*,*,#6602,.T.);
#6604=CARTESIAN_POINT('',(4678.8,-317.2,7.9));
#6605=DIRECTION('',(-0.,-0.,1.));
#6606=DIRECTION('',(1.,0.,0.));
#6607=AXIS2_PLACEMENT_3D('',#6604,#6605,#6606);
#6608=CIRCLE('',#6607,2.5);
#6609=EDGE_CURVE('',#6596,#6588,#6608,.T.);
#6610=ORIENTED_EDGE('',*,*,#6609,.T.);
#6611=ORIENTED_EDGE('',*,*,#6593,.F.);
#6612=CARTESIAN_POINT('',(4678.8,-317.2,10.3));
#6613=DIRECTION('',(0.,0.,-1.));
#6614=DIRECTION('',(-1.,0.,-0.));
#6615=AXIS2_PLACEMENT_3D('',#6612,#6613,#6614);
#6616=CIRCLE('',#6615,2.5);
#6617=EDGE_CURVE('',#6586,#6586,#6616,.T.);
#6618=ORIENTED_EDGE('',*,*,#6617,.T.);
#6619=EDGE_LOOP('',(#6594,#6603,#6610,#6611,#6618));
#6620=FACE_BOUND('',#6619,.T.);
#6621=ADVANCED_FACE('',(#6620),#6584,.T.);
#6622=CARTESIAN_POINT('',(4602.3,-633.2,10.3));
#6623=DIRECTION('',(0.,0.,-1.));
#6624=DIRECTION('',(1.,0.,0.));
#6625=AXIS2_PLACEMENT_3D('',#6622,#6623,#6624);
#6626=PLANE('',#6625);
#6627=CARTESIAN_POINT('',(4679.8,-317.2,10.3));
#6628=VERTEX_POINT('',#6627);
#6629=CARTESIAN_POINT('',(4678.8,-317.2,10.3));
#6630=DIRECTION('',(-0.,-0.,1.));
#6631=DIRECTION('',(1.,-0.,0.));
#6632=AXIS2_PLACEMENT_3D('',#6629,#6630,#6631);
#6633=CIRCLE('',#6632,1.);
#6634=EDGE_CURVE('',#6628,#6628,#6633,.T.);
#6635=ORIENTED_EDGE('',*,*,#6634,.F.);
#6636=EDGE_LOOP('',(#6635));
#6637=FACE_BOUND('',#6636,.T.);
#6638=ORIENTED_EDGE('',*,*,#6617,.F.);
#6639=EDGE_LOOP('',(#6638));
#6640=FACE_BOUND('',#6639,.T.);
#6641=ADVANCED_FACE('',(#6637,#6640),#6626,.F.);
#6642=CARTESIAN_POINT('',(4678.8,-317.2,0.3));
#6643=DIRECTION('',(0.,0.,-1.));
#6644=DIRECTION('',(1.,-0.,0.));
#6645=AXIS2_PLACEMENT_3D('',#6642,#6643,#6644);
#6646=CYLINDRICAL_SURFACE('',#6645,1.);
#6647=CARTESIAN_POINT('',(4679.8,-317.2,5.9));
#6648=VERTEX_POINT('',#6647);
#6649=CARTESIAN_POINT('',(4679.8,-317.2,5.9));
#6650=DIRECTION('',(-0.,-0.,1.));
#6651=VECTOR('',#6650,4.4);
#6652=LINE('',#6649,#6651);
#6653=EDGE_CURVE('',#6648,#6628,#6652,.T.);
#6654=ORIENTED_EDGE('',*,*,#6653,.F.);
#6655=CARTESIAN_POINT('',(4678.8,-317.2,5.9));
#6656=DIRECTION('',(-0.,-0.,1.));
#6657=DIRECTION('',(1.,-0.,0.));
#6658=AXIS2_PLACEMENT_3D('',#6655,#6656,#6657);
#6659=CIRCLE('',#6658,1.);
#6660=EDGE_CURVE('',#6648,#6648,#6659,.T.);
#6661=ORIENTED_EDGE('',*,*,#6660,.F.);
#6662=ORIENTED_EDGE('',*,*,#6653,.T.);
#6663=ORIENTED_EDGE('',*,*,#6634,.T.);
#6664=EDGE_LOOP('',(#6654,#6661,#6662,#6663));
#6665=FACE_BOUND('',#6664,.T.);
#6666=ADVANCED_FACE('',(#6665),#6646,.F.);
#6667=CARTESIAN_POINT('',(4755.3,-633.2,5.9));
#6668=DIRECTION('',(-0.,-0.,1.));
#6669=DIRECTION('',(-1.,0.,-0.));
#6670=AXIS2_PLACEMENT_3D('',#6667,#6668,#6669);
#6671=PLANE('',#6670);
#6672=ORIENTED_EDGE('',*,*,#6660,.T.);
#6673=EDGE_LOOP('',(#6672));
#6674=FACE_BOUND('',#6673,.T.);
#6675=ADVANCED_FACE('',(#6674),#6671,.T.);
#6676=CARTESIAN_POINT('',(4723.6,-317.2,15.9));
#6677=DIRECTION('',(-0.,-0.,1.));
#6678=DIRECTION('',(-1.,-0.,-0.));
#6679=AXIS2_PLACEMENT_3D('',#6676,#6677,#6678);
#6680=CYLINDRICAL_SURFACE('',#6679,1.);
#6681=CARTESIAN_POINT('',(4722.6,-317.2,5.9));
#6682=VERTEX_POINT('',#6681);
#6683=CARTESIAN_POINT('',(4722.6,-317.2,10.3));
#6684=DIRECTION('',(0.,0.,-1.));
#6685=VECTOR('',#6684,4.4);
#6686=LINE('',#6683,#6685);
#6687=EDGE_CURVE('',#5767,#6682,#6686,.T.);
#6688=ORIENTED_EDGE('',*,*,#6687,.F.);
#6689=ORIENTED_EDGE('',*,*,#5773,.F.);
#6690=ORIENTED_EDGE('',*,*,#6687,.T.);
#6691=CARTESIAN_POINT('',(4723.6,-317.2,5.9));
#6692=DIRECTION('',(0.,0.,-1.));
#6693=DIRECTION('',(-1.,0.,-0.));
#6694=AXIS2_PLACEMENT_3D('',#6691,#6692,#6693);
#6695=CIRCLE('',#6694,1.);
#6696=EDGE_CURVE('',#6682,#6682,#6695,.T.);
#6697=ORIENTED_EDGE('',*,*,#6696,.T.);
#6698=EDGE_LOOP('',(#6688,#6689,#6690,#6697));
#6699=FACE_BOUND('',#6698,.T.);
#6700=ADVANCED_FACE('',(#6699),#6680,.F.);
#6701=CARTESIAN_POINT('',(4647.1,-633.2,5.9));
#6702=DIRECTION('',(0.,0.,-1.));
#6703=DIRECTION('',(1.,0.,0.));
#6704=AXIS2_PLACEMENT_3D('',#6701,#6702,#6703);
#6705=PLANE('',#6704);
#6706=ORIENTED_EDGE('',*,*,#6696,.F.);
#6707=EDGE_LOOP('',(#6706));
#6708=FACE_BOUND('',#6707,.T.);
#6709=ADVANCED_FACE('',(#6708),#6705,.F.);
#6710=CARTESIAN_POINT('',(4723.6,-317.2,7.9));
#6711=DIRECTION('',(-0.,-0.,1.));
#6712=DIRECTION('',(1.,0.,0.));
#6713=AXIS2_PLACEMENT_3D('',#6710,#6711,#6712);
#6714=TOROIDAL_SURFACE('',#6713,4.5,2.);
#6715=CARTESIAN_POINT('',(4728.1,-317.2,7.9));
#6716=DIRECTION('',(-0.,1.,0.));
#6717=DIRECTION('',(1.,0.,0.));
#6718=AXIS2_PLACEMENT_3D('',#6715,#6716,#6717);
#6719=CIRCLE('',#6718,2.);
#6720=EDGE_CURVE('',#5402,#5735,#6719,.T.);
#6721=ORIENTED_EDGE('',*,*,#6720,.F.);
#6722=ORIENTED_EDGE('',*,*,#5408,.F.);
#6723=ORIENTED_EDGE('',*,*,#6720,.T.);
#6724=ORIENTED_EDGE('',*,*,#5741,.F.);
#6725=ORIENTED_EDGE('',*,*,#5748,.F.);
#6726=EDGE_LOOP('',(#6721,#6722,#6723,#6724,#6725));
#6727=FACE_BOUND('',#6726,.T.);
#6728=ADVANCED_FACE('',(#6727),#6714,.F.);
#6729=CARTESIAN_POINT('',(4678.8,-317.2,7.9));
#6730=DIRECTION('',(-0.,-0.,1.));
#6731=DIRECTION('',(1.,0.,0.));
#6732=AXIS2_PLACEMENT_3D('',#6729,#6730,#6731);
#6733=TOROIDAL_SURFACE('',#6732,4.5,2.);
#6734=CARTESIAN_POINT('',(4683.3,-317.2,7.9));
#6735=DIRECTION('',(-0.,1.,0.));
#6736=DIRECTION('',(1.,0.,0.));
#6737=AXIS2_PLACEMENT_3D('',#6734,#6735,#6736);
#6738=CIRCLE('',#6737,2.);
#6739=EDGE_CURVE('',#5391,#6596,#6738,.T.);
#6740=ORIENTED_EDGE('',*,*,#6739,.F.);
#6741=ORIENTED_EDGE('',*,*,#5397,.F.);
#6742=ORIENTED_EDGE('',*,*,#6739,.T.);
#6743=ORIENTED_EDGE('',*,*,#6602,.F.);
#6744=ORIENTED_EDGE('',*,*,#6609,.F.);
#6745=EDGE_LOOP('',(#6740,#6741,#6742,#6743,#6744));
#6746=FACE_BOUND('',#6745,.T.);
#6747=ADVANCED_FACE('',(#6746),#6733,.F.);
#6748=CARTESIAN_POINT('',(4674.8,15.7,7.9));
#6749=DIRECTION('',(-0.,0.,1.));
#6750=DIRECTION('',(-1.,-0.,-0.));
#6751=AXIS2_PLACEMENT_3D('',#6748,#6749,#6750);
#6752=PLANE('',#6751);
#6753=CARTESIAN_POINT('',(4693.2,-345.5,7.9));
#6754=VERTEX_POINT('',#6753);
#6755=CARTESIAN_POINT('',(4690.2,-345.5,7.9));
#6756=VERTEX_POINT('',#6755);
#6757=CARTESIAN_POINT('',(4691.7,-345.5,7.9));
#6758=DIRECTION('',(0.,-0.,-1.));
#6759=DIRECTION('',(1.,0.,0.));
#6760=AXIS2_PLACEMENT_3D('',#6757,#6758,#6759);
#6761=CIRCLE('',#6760,1.5);
#6762=EDGE_CURVE('',#6754,#6756,#6761,.T.);
#6763=ORIENTED_EDGE('',*,*,#6762,.T.);
#6764=CARTESIAN_POINT('',(4691.7,-345.5,7.9));
#6765=DIRECTION('',(0.,-0.,-1.));
#6766=DIRECTION('',(1.,0.,0.));
#6767=AXIS2_PLACEMENT_3D('',#6764,#6765,#6766);
#6768=CIRCLE('',#6767,1.5);
#6769=EDGE_CURVE('',#6756,#6754,#6768,.T.);
#6770=ORIENTED_EDGE('',*,*,#6769,.T.);
#6771=EDGE_LOOP('',(#6763,#6770));
#6772=FACE_BOUND('',#6771,.T.);
#6773=ORIENTED_EDGE('',*,*,#5698,.F.);
#6774=CARTESIAN_POINT('',(4694.9,-345.5,7.9));
#6775=VERTEX_POINT('',#6774);
#6776=CARTESIAN_POINT('',(4694.9,-348.7,7.9));
#6777=DIRECTION('',(0.,1.,-0.));
#6778=VECTOR('',#6777,3.2);
#6779=LINE('',#6776,#6778);
#6780=EDGE_CURVE('',#5685,#6775,#6779,.T.);
#6781=ORIENTED_EDGE('',*,*,#6780,.T.);
#6782=CARTESIAN_POINT('',(4691.7,-342.3,7.9));
#6783=VERTEX_POINT('',#6782);
#6784=CARTESIAN_POINT('',(4691.7,-345.5,7.9));
#6785=DIRECTION('',(-0.,0.,1.));
#6786=DIRECTION('',(1.,0.,0.));
#6787=AXIS2_PLACEMENT_3D('',#6784,#6785,#6786);
#6788=CIRCLE('',#6787,3.2);
#6789=EDGE_CURVE('',#6775,#6783,#6788,.T.);
#6790=ORIENTED_EDGE('',*,*,#6789,.T.);
#6791=CARTESIAN_POINT('',(4688.5,-345.5,7.9));
#6792=VERTEX_POINT('',#6791);
#6793=CARTESIAN_POINT('',(4691.7,-345.5,7.9));
#6794=DIRECTION('',(-0.,0.,1.));
#6795=DIRECTION('',(1.,0.,0.));
#6796=AXIS2_PLACEMENT_3D('',#6793,#6794,#6795);
#6797=CIRCLE('',#6796,3.2);
#6798=EDGE_CURVE('',#6783,#6792,#6797,.T.);
#6799=ORIENTED_EDGE('',*,*,#6798,.T.);
#6800=CARTESIAN_POINT('',(4688.5,-348.7,7.9));
#6801=DIRECTION('',(-0.,1.,-0.));
#6802=VECTOR('',#6801,3.2);
#6803=LINE('',#6800,#6802);
#6804=EDGE_CURVE('',#5693,#6792,#6803,.T.);
#6805=ORIENTED_EDGE('',*,*,#6804,.F.);
#6806=EDGE_LOOP('',(#6773,#6781,#6790,#6799,#6805));
#6807=FACE_BOUND('',#6806,.T.);
#6808=ADVANCED_FACE('',(#6772,#6807),#6752,.T.);
#6809=CARTESIAN_POINT('',(4688.5,-407.3,-2.1));
#6810=DIRECTION('',(1.,0.,0.));
#6811=DIRECTION('',(-0.,0.,1.));
#6812=AXIS2_PLACEMENT_3D('',#6809,#6810,#6811);
#6813=PLANE('',#6812);
#6814=ORIENTED_EDGE('',*,*,#5255,.F.);
#6815=ORIENTED_EDGE('',*,*,#5704,.T.);
#6816=ORIENTED_EDGE('',*,*,#6804,.T.);
#6817=CARTESIAN_POINT('',(4688.5,-345.5,7.9));
#6818=DIRECTION('',(0.,-0.,-1.));
#6819=VECTOR('',#6818,2.);
#6820=LINE('',#6817,#6819);
#6821=EDGE_CURVE('',#6792,#5250,#6820,.T.);
#6822=ORIENTED_EDGE('',*,*,#6821,.T.);
#6823=EDGE_LOOP('',(#6814,#6815,#6816,#6822));
#6824=FACE_BOUND('',#6823,.T.);
#6825=ADVANCED_FACE('',(#6824),#6813,.F.);
#6826=CARTESIAN_POINT('',(4694.9,-271.8,-4.6));
#6827=DIRECTION('',(1.,-0.,0.));
#6828=DIRECTION('',(0.,0.,-1.));
#6829=AXIS2_PLACEMENT_3D('',#6826,#6827,#6828);
#6830=PLANE('',#6829);
#6831=ORIENTED_EDGE('',*,*,#5690,.F.);
#6832=ORIENTED_EDGE('',*,*,#5281,.T.);
#6833=CARTESIAN_POINT('',(4694.9,-345.5,5.9));
#6834=DIRECTION('',(-0.,-0.,1.));
#6835=VECTOR('',#6834,2.);
#6836=LINE('',#6833,#6835);
#6837=EDGE_CURVE('',#5267,#6775,#6836,.T.);
#6838=ORIENTED_EDGE('',*,*,#6837,.T.);
#6839=ORIENTED_EDGE('',*,*,#6780,.F.);
#6840=EDGE_LOOP('',(#6831,#6832,#6838,#6839));
#6841=FACE_BOUND('',#6840,.T.);
#6842=ADVANCED_FACE('',(#6841),#6830,.T.);
#6843=CARTESIAN_POINT('',(4691.7,-345.5,-2.1));
#6844=DIRECTION('',(-0.,0.,1.));
#6845=DIRECTION('',(1.,0.,0.));
#6846=AXIS2_PLACEMENT_3D('',#6843,#6844,#6845);
#6847=CYLINDRICAL_SURFACE('',#6846,3.2);
#6848=CARTESIAN_POINT('',(4691.7,-342.3,5.9));
#6849=DIRECTION('',(-0.,0.,1.));
#6850=VECTOR('',#6849,2.);
#6851=LINE('',#6848,#6850);
#6852=EDGE_CURVE('',#5258,#6783,#6851,.T.);
#6853=ORIENTED_EDGE('',*,*,#6852,.F.);
#6854=ORIENTED_EDGE('',*,*,#5264,.F.);
#6855=ORIENTED_EDGE('',*,*,#6821,.F.);
#6856=ORIENTED_EDGE('',*,*,#6798,.F.);
#6857=EDGE_LOOP('',(#6853,#6854,#6855,#6856));
#6858=FACE_BOUND('',#6857,.T.);
#6859=ADVANCED_FACE('',(#6858),#6847,.T.);
#6860=CARTESIAN_POINT('',(4691.7,-345.5,-4.6));
#6861=DIRECTION('',(0.,0.,-1.));
#6862=DIRECTION('',(-1.,0.,-0.));
#6863=AXIS2_PLACEMENT_3D('',#6860,#6861,#6862);
#6864=CYLINDRICAL_SURFACE('',#6863,3.2);
#6865=ORIENTED_EDGE('',*,*,#5273,.F.);
#6866=ORIENTED_EDGE('',*,*,#6852,.T.);
#6867=ORIENTED_EDGE('',*,*,#6789,.F.);
#6868=ORIENTED_EDGE('',*,*,#6837,.F.);
#6869=EDGE_LOOP('',(#6865,#6866,#6867,#6868));
#6870=FACE_BOUND('',#6869,.T.);
#6871=ADVANCED_FACE('',(#6870),#6864,.T.);
#6872=CARTESIAN_POINT('',(4727.6,15.7,7.9));
#6873=DIRECTION('',(0.,-0.,-1.));
#6874=DIRECTION('',(1.,-0.,0.));
#6875=AXIS2_PLACEMENT_3D('',#6872,#6873,#6874);
#6876=PLANE('',#6875);
#6877=CARTESIAN_POINT('',(4709.2,-345.5,7.9));
#6878=VERTEX_POINT('',#6877);
#6879=CARTESIAN_POINT('',(4710.7,-345.5,7.9));
#6880=DIRECTION('',(-0.,0.,1.));
#6881=DIRECTION('',(-1.,0.,-0.));
#6882=AXIS2_PLACEMENT_3D('',#6879,#6880,#6881);
#6883=CIRCLE('',#6882,1.5);
#6884=EDGE_CURVE('',#6878,#6878,#6883,.T.);
#6885=ORIENTED_EDGE('',*,*,#6884,.F.);
#6886=EDGE_LOOP('',(#6885));
#6887=FACE_BOUND('',#6886,.T.);
#6888=CARTESIAN_POINT('',(4707.5,-345.5,7.9));
#6889=VERTEX_POINT('',#6888);
#6890=CARTESIAN_POINT('',(4707.5,-348.7,7.9));
#6891=DIRECTION('',(0.,1.,-0.));
#6892=VECTOR('',#6891,3.2);
#6893=LINE('',#6890,#6892);
#6894=EDGE_CURVE('',#5670,#6889,#6893,.T.);
#6895=ORIENTED_EDGE('',*,*,#6894,.F.);
#6896=ORIENTED_EDGE('',*,*,#5675,.T.);
#6897=CARTESIAN_POINT('',(4713.9,-345.5,7.9));
#6898=VERTEX_POINT('',#6897);
#6899=CARTESIAN_POINT('',(4713.9,-348.7,7.9));
#6900=DIRECTION('',(0.,1.,0.));
#6901=VECTOR('',#6900,3.2);
#6902=LINE('',#6899,#6901);
#6903=EDGE_CURVE('',#5662,#6898,#6902,.T.);
#6904=ORIENTED_EDGE('',*,*,#6903,.T.);
#6905=CARTESIAN_POINT('',(4710.7,-342.3,7.9));
#6906=VERTEX_POINT('',#6905);
#6907=CARTESIAN_POINT('',(4710.7,-345.5,7.9));
#6908=DIRECTION('',(-0.,0.,1.));
#6909=DIRECTION('',(-1.,0.,-0.));
#6910=AXIS2_PLACEMENT_3D('',#6907,#6908,#6909);
#6911=CIRCLE('',#6910,3.2);
#6912=EDGE_CURVE('',#6898,#6906,#6911,.T.);
#6913=ORIENTED_EDGE('',*,*,#6912,.T.);
#6914=CARTESIAN_POINT('',(4710.7,-345.5,7.9));
#6915=DIRECTION('',(-0.,0.,1.));
#6916=DIRECTION('',(-1.,0.,-0.));
#6917=AXIS2_PLACEMENT_3D('',#6914,#6915,#6916);
#6918=CIRCLE('',#6917,3.2);
#6919=EDGE_CURVE('',#6906,#6889,#6918,.T.);
#6920=ORIENTED_EDGE('',*,*,#6919,.T.);
#6921=EDGE_LOOP('',(#6895,#6896,#6904,#6913,#6920));
#6922=FACE_BOUND('',#6921,.T.);
#6923=ADVANCED_FACE('',(#6887,#6922),#6876,.F.);
#6924=CARTESIAN_POINT('',(4713.9,-407.3,15.9));
#6925=DIRECTION('',(-1.,0.,-0.));
#6926=DIRECTION('',(0.,-0.,-1.));
#6927=AXIS2_PLACEMENT_3D('',#6924,#6925,#6926);
#6928=PLANE('',#6927);
#6929=ORIENTED_EDGE('',*,*,#6903,.F.);
#6930=ORIENTED_EDGE('',*,*,#5667,.T.);
#6931=ORIENTED_EDGE('',*,*,#5323,.T.);
#6932=CARTESIAN_POINT('',(4713.9,-345.5,5.9));
#6933=DIRECTION('',(-0.,0.,1.));
#6934=VECTOR('',#6933,2.);
#6935=LINE('',#6932,#6934);
#6936=EDGE_CURVE('',#5309,#6898,#6935,.T.);
#6937=ORIENTED_EDGE('',*,*,#6936,.T.);
#6938=EDGE_LOOP('',(#6929,#6930,#6931,#6937));
#6939=FACE_BOUND('',#6938,.T.);
#6940=ADVANCED_FACE('',(#6939),#6928,.F.);
#6941=CARTESIAN_POINT('',(4707.5,-271.8,18.4));
#6942=DIRECTION('',(-1.,-0.,-0.));
#6943=DIRECTION('',(-0.,0.,1.));
#6944=AXIS2_PLACEMENT_3D('',#6941,#6942,#6943);
#6945=PLANE('',#6944);
#6946=ORIENTED_EDGE('',*,*,#5681,.F.);
#6947=ORIENTED_EDGE('',*,*,#6894,.T.);
#6948=CARTESIAN_POINT('',(4707.5,-345.5,7.9));
#6949=DIRECTION('',(0.,-0.,-1.));
#6950=VECTOR('',#6949,2.);
#6951=LINE('',#6948,#6950);
#6952=EDGE_CURVE('',#6889,#5292,#6951,.T.);
#6953=ORIENTED_EDGE('',*,*,#6952,.T.);
#6954=ORIENTED_EDGE('',*,*,#5297,.F.);
#6955=EDGE_LOOP('',(#6946,#6947,#6953,#6954));
#6956=FACE_BOUND('',#6955,.T.);
#6957=ADVANCED_FACE('',(#6956),#6945,.T.);
#6958=CARTESIAN_POINT('',(4710.7,-345.5,15.9));
#6959=DIRECTION('',(0.,-0.,-1.));
#6960=DIRECTION('',(-1.,0.,-0.));
#6961=AXIS2_PLACEMENT_3D('',#6958,#6959,#6960);
#6962=CYLINDRICAL_SURFACE('',#6961,3.2);
#6963=CARTESIAN_POINT('',(4710.7,-342.3,7.9));
#6964=DIRECTION('',(0.,-0.,-1.));
#6965=VECTOR('',#6964,2.);
#6966=LINE('',#6963,#6965);
#6967=EDGE_CURVE('',#6906,#5300,#6966,.T.);
#6968=ORIENTED_EDGE('',*,*,#6967,.F.);
#6969=ORIENTED_EDGE('',*,*,#6912,.F.);
#6970=ORIENTED_EDGE('',*,*,#6936,.F.);
#6971=ORIENTED_EDGE('',*,*,#5315,.F.);
#6972=EDGE_LOOP('',(#6968,#6969,#6970,#6971));
#6973=FACE_BOUND('',#6972,.T.);
#6974=ADVANCED_FACE('',(#6973),#6962,.T.);
#6975=CARTESIAN_POINT('',(4710.7,-345.5,18.4));
#6976=DIRECTION('',(-0.,0.,1.));
#6977=DIRECTION('',(1.,0.,0.));
#6978=AXIS2_PLACEMENT_3D('',#6975,#6976,#6977);
#6979=CYLINDRICAL_SURFACE('',#6978,3.2);
#6980=ORIENTED_EDGE('',*,*,#6919,.F.);
#6981=ORIENTED_EDGE('',*,*,#6967,.T.);
#6982=ORIENTED_EDGE('',*,*,#5306,.F.);
#6983=ORIENTED_EDGE('',*,*,#6952,.F.);
#6984=EDGE_LOOP('',(#6980,#6981,#6982,#6983));
#6985=FACE_BOUND('',#6984,.T.);
#6986=ADVANCED_FACE('',(#6985),#6979,.T.);
#6987=CARTESIAN_POINT('',(4691.7,-345.5,13.9));
#6988=DIRECTION('',(-0.,-0.,1.));
#6989=DIRECTION('',(-1.,-0.,-0.));
#6990=AXIS2_PLACEMENT_3D('',#6987,#6988,#6989);
#6991=CYLINDRICAL_SURFACE('',#6990,2.3);
#6992=CARTESIAN_POINT('',(4689.4,-345.5,6.3));
#6993=VERTEX_POINT('',#6992);
#6994=CARTESIAN_POINT('',(4689.4,-345.5,6.3));
#6995=DIRECTION('',(0.,0.,-1.));
#6996=VECTOR('',#6995,2.4);
#6997=LINE('',#6994,#6996);
#6998=EDGE_CURVE('',#6993,#6345,#6997,.T.);
#6999=ORIENTED_EDGE('',*,*,#6998,.F.);
#7000=CARTESIAN_POINT('',(4691.7,-345.5,6.3));
#7001=DIRECTION('',(0.,0.,-1.));
#7002=DIRECTION('',(-1.,0.,-0.));
#7003=AXIS2_PLACEMENT_3D('',#7000,#7001,#7002);
#7004=CIRCLE('',#7003,2.3);
#7005=EDGE_CURVE('',#6993,#6993,#7004,.T.);
#7006=ORIENTED_EDGE('',*,*,#7005,.F.);
#7007=ORIENTED_EDGE('',*,*,#6998,.T.);
#7008=ORIENTED_EDGE('',*,*,#6351,.T.);
#7009=EDGE_LOOP('',(#6999,#7006,#7007,#7008));
#7010=FACE_BOUND('',#7009,.T.);
#7011=ADVANCED_FACE('',(#7010),#6991,.F.);
#7012=CARTESIAN_POINT('',(4615.2,-661.5,6.3));
#7013=DIRECTION('',(0.,0.,-1.));
#7014=DIRECTION('',(1.,0.,0.));
#7015=AXIS2_PLACEMENT_3D('',#7012,#7013,#7014);
#7016=PLANE('',#7015);
#7017=CARTESIAN_POINT('',(4690.2,-345.5,6.3));
#7018=VERTEX_POINT('',#7017);
#7019=CARTESIAN_POINT('',(4691.7,-345.5,6.3));
#7020=DIRECTION('',(-0.,-0.,1.));
#7021=DIRECTION('',(-1.,0.,-0.));
#7022=AXIS2_PLACEMENT_3D('',#7019,#7020,#7021);
#7023=CIRCLE('',#7022,1.5);
#7024=EDGE_CURVE('',#7018,#7018,#7023,.T.);
#7025=ORIENTED_EDGE('',*,*,#7024,.T.);
#7026=EDGE_LOOP('',(#7025));
#7027=FACE_BOUND('',#7026,.T.);
#7028=ORIENTED_EDGE('',*,*,#7005,.T.);
#7029=EDGE_LOOP('',(#7028));
#7030=FACE_BOUND('',#7029,.T.);
#7031=ADVANCED_FACE('',(#7027,#7030),#7016,.T.);
#7032=CARTESIAN_POINT('',(4710.7,-345.5,13.9));
#7033=DIRECTION('',(-0.,-0.,1.));
#7034=DIRECTION('',(-1.,-0.,-0.));
#7035=AXIS2_PLACEMENT_3D('',#7032,#7033,#7034);
#7036=CYLINDRICAL_SURFACE('',#7035,2.3);
#7037=CARTESIAN_POINT('',(4708.4,-345.5,6.3));
#7038=VERTEX_POINT('',#7037);
#7039=CARTESIAN_POINT('',(4708.4,-345.5,6.3));
#7040=DIRECTION('',(0.,0.,-1.));
#7041=VECTOR('',#7040,2.4);
#7042=LINE('',#7039,#7041);
#7043=EDGE_CURVE('',#7038,#6334,#7042,.T.);
#7044=ORIENTED_EDGE('',*,*,#7043,.F.);
#7045=CARTESIAN_POINT('',(4710.7,-345.5,6.3));
#7046=DIRECTION('',(0.,0.,-1.));
#7047=DIRECTION('',(-1.,0.,-0.));
#7048=AXIS2_PLACEMENT_3D('',#7045,#7046,#7047);
#7049=CIRCLE('',#7048,2.3);
#7050=EDGE_CURVE('',#7038,#7038,#7049,.T.);
#7051=ORIENTED_EDGE('',*,*,#7050,.F.);
#7052=ORIENTED_EDGE('',*,*,#7043,.T.);
#7053=ORIENTED_EDGE('',*,*,#6340,.T.);
#7054=EDGE_LOOP('',(#7044,#7051,#7052,#7053));
#7055=FACE_BOUND('',#7054,.T.);
#7056=ADVANCED_FACE('',(#7055),#7036,.F.);
#7057=CARTESIAN_POINT('',(4634.2,-661.5,6.3));
#7058=DIRECTION('',(0.,0.,-1.));
#7059=DIRECTION('',(1.,0.,0.));
#7060=AXIS2_PLACEMENT_3D('',#7057,#7058,#7059);
#7061=PLANE('',#7060);
#7062=CARTESIAN_POINT('',(4709.2,-345.5,6.3));
#7063=VERTEX_POINT('',#7062);
#7064=CARTESIAN_POINT('',(4710.7,-345.5,6.3));
#7065=DIRECTION('',(-0.,-0.,1.));
#7066=DIRECTION('',(-1.,0.,-0.));
#7067=AXIS2_PLACEMENT_3D('',#7064,#7065,#7066);
#7068=CIRCLE('',#7067,1.5);
#7069=EDGE_CURVE('',#7063,#7063,#7068,.T.);
#7070=ORIENTED_EDGE('',*,*,#7069,.T.);
#7071=EDGE_LOOP('',(#7070));
#7072=FACE_BOUND('',#7071,.T.);
#7073=ORIENTED_EDGE('',*,*,#7050,.T.);
#7074=EDGE_LOOP('',(#7073));
#7075=FACE_BOUND('',#7074,.T.);
#7076=ADVANCED_FACE('',(#7072,#7075),#7061,.T.);
#7077=CARTESIAN_POINT('',(4691.7,-345.5,22.7));
#7078=DIRECTION('',(0.,0.,1.));
#7079=DIRECTION('',(-1.,-0.,0.));
#7080=AXIS2_PLACEMENT_3D('',#7077,#7078,#7079);
#7081=CYLINDRICAL_SURFACE('',#7080,1.5);
#7082=CARTESIAN_POINT('',(4690.2,-345.5,7.9));
#7083=DIRECTION('',(-0.,-0.,-1.));
#7084=VECTOR('',#7083,1.6);
#7085=LINE('',#7082,#7084);
#7086=EDGE_CURVE('',#6756,#7018,#7085,.T.);
#7087=ORIENTED_EDGE('',*,*,#7086,.F.);
#7088=ORIENTED_EDGE('',*,*,#6762,.F.);
#7089=ORIENTED_EDGE('',*,*,#6769,.F.);
#7090=ORIENTED_EDGE('',*,*,#7086,.T.);
#7091=ORIENTED_EDGE('',*,*,#7024,.F.);
#7092=EDGE_LOOP('',(#7087,#7088,#7089,#7090,#7091));
#7093=FACE_BOUND('',#7092,.T.);
#7094=ADVANCED_FACE('',(#7093),#7081,.F.);
#7095=CARTESIAN_POINT('',(4710.7,-345.5,22.7));
#7096=DIRECTION('',(0.,0.,1.));
#7097=DIRECTION('',(-1.,-0.,0.));
#7098=AXIS2_PLACEMENT_3D('',#7095,#7096,#7097);
#7099=CYLINDRICAL_SURFACE('',#7098,1.5);
#7100=CARTESIAN_POINT('',(4709.2,-345.5,7.9));
#7101=DIRECTION('',(-0.,-0.,-1.));
#7102=VECTOR('',#7101,1.6);
#7103=LINE('',#7100,#7102);
#7104=EDGE_CURVE('',#6878,#7063,#7103,.T.);
#7105=ORIENTED_EDGE('',*,*,#7104,.F.);
#7106=ORIENTED_EDGE('',*,*,#6884,.T.);
#7107=ORIENTED_EDGE('',*,*,#7104,.T.);
#7108=ORIENTED_EDGE('',*,*,#7069,.F.);
#7109=EDGE_LOOP('',(#7105,#7106,#7107,#7108));
#7110=FACE_BOUND('',#7109,.T.);
#7111=ADVANCED_FACE('',(#7110),#7099,.F.);
#7112=CARTESIAN_POINT('',(4706.4,-279.1,15.6));
#7113=DIRECTION('',(-1.,-0.,0.));
#7114=DIRECTION('',(0.,-1.,-0.));
#7115=AXIS2_PLACEMENT_3D('',#7112,#7113,#7114);
#7116=PLANE('',#7115);
#7117=CARTESIAN_POINT('',(4706.4,-276.1,11.3));
#7118=VERTEX_POINT('',#7117);
#7119=CARTESIAN_POINT('',(4706.4,-276.1,15.9));
#7120=DIRECTION('',(-0.,0.,-1.));
#7121=VECTOR('',#7120,4.6);
#7122=LINE('',#7119,#7121);
#7123=EDGE_CURVE('',#5530,#7118,#7122,.T.);
#7124=ORIENTED_EDGE('',*,*,#7123,.F.);
#7125=ORIENTED_EDGE('',*,*,#5535,.F.);
#7126=ORIENTED_EDGE('',*,*,#4952,.T.);
#7127=CARTESIAN_POINT('',(4706.4,-274.9,10.1));
#7128=DIRECTION('',(0.,-0.707106781,0.707106781));
#7129=VECTOR('',#7128,1.697056275);
#7130=LINE('',#7127,#7129);
#7131=EDGE_CURVE('',#4939,#7118,#7130,.T.);
#7132=ORIENTED_EDGE('',*,*,#7131,.T.);
#7133=EDGE_LOOP('',(#7124,#7125,#7126,#7132));
#7134=FACE_BOUND('',#7133,.T.);
#7135=ADVANCED_FACE('',(#7134),#7116,.T.);
#7136=CARTESIAN_POINT('',(4711.,-279.1,15.6));
#7137=DIRECTION('',(1.,0.,-0.));
#7138=DIRECTION('',(-0.,1.,0.));
#7139=AXIS2_PLACEMENT_3D('',#7136,#7137,#7138);
#7140=PLANE('',#7139);
#7141=CARTESIAN_POINT('',(4711.,-276.1,11.3));
#7142=VERTEX_POINT('',#7141);
#7143=CARTESIAN_POINT('',(4711.,-276.1,11.3));
#7144=DIRECTION('',(0.,-0.,1.));
#7145=VECTOR('',#7144,4.6);
#7146=LINE('',#7143,#7145);
#7147=EDGE_CURVE('',#7142,#5538,#7146,.T.);
#7148=ORIENTED_EDGE('',*,*,#7147,.F.);
#7149=CARTESIAN_POINT('',(4711.,-276.1,11.3));
#7150=DIRECTION('',(-0.,0.707106781,-0.707106781));
#7151=VECTOR('',#7150,1.697056275);
#7152=LINE('',#7149,#7151);
#7153=EDGE_CURVE('',#7142,#4931,#7152,.T.);
#7154=ORIENTED_EDGE('',*,*,#7153,.T.);
#7155=ORIENTED_EDGE('',*,*,#4936,.T.);
#7156=ORIENTED_EDGE('',*,*,#5549,.T.);
#7157=EDGE_LOOP('',(#7148,#7154,#7155,#7156));
#7158=FACE_BOUND('',#7157,.T.);
#7159=ADVANCED_FACE('',(#7158),#7140,.T.);
#7160=CARTESIAN_POINT('',(4703.05,-276.1,-521.4));
#7161=DIRECTION('',(-0.,1.,0.));
#7162=DIRECTION('',(-1.,-0.,0.));
#7163=AXIS2_PLACEMENT_3D('',#7160,#7161,#7162);
#7164=PLANE('',#7163);
#7165=CARTESIAN_POINT('',(4708.7,-276.1,12.6));
#7166=VERTEX_POINT('',#7165);
#7167=CARTESIAN_POINT('',(4709.7,-276.1,13.6));
#7168=VERTEX_POINT('',#7167);
#7169=CARTESIAN_POINT('',(4708.7,-276.1,13.6));
#7170=DIRECTION('',(0.,-1.,-0.));
#7171=DIRECTION('',(1.,0.,0.));
#7172=AXIS2_PLACEMENT_3D('',#7169,#7170,#7171);
#7173=CIRCLE('',#7172,1.);
#7174=EDGE_CURVE('',#7166,#7168,#7173,.T.);
#7175=ORIENTED_EDGE('',*,*,#7174,.F.);
#7176=CARTESIAN_POINT('',(4708.7,-276.1,13.6));
#7177=DIRECTION('',(0.,-1.,-0.));
#7178=DIRECTION('',(1.,0.,0.));
#7179=AXIS2_PLACEMENT_3D('',#7176,#7177,#7178);
#7180=CIRCLE('',#7179,1.);
#7181=EDGE_CURVE('',#7168,#7166,#7180,.T.);
#7182=ORIENTED_EDGE('',*,*,#7181,.F.);
#7183=EDGE_LOOP('',(#7175,#7182));
#7184=FACE_BOUND('',#7183,.T.);
#7185=ORIENTED_EDGE('',*,*,#7123,.T.);
#7186=CARTESIAN_POINT('',(4706.4,-276.1,11.3));
#7187=DIRECTION('',(1.,0.,-0.));
#7188=VECTOR('',#7187,4.6);
#7189=LINE('',#7186,#7188);
#7190=EDGE_CURVE('',#7118,#7142,#7189,.T.);
#7191=ORIENTED_EDGE('',*,*,#7190,.T.);
#7192=ORIENTED_EDGE('',*,*,#7147,.T.);
#7193=ORIENTED_EDGE('',*,*,#5543,.T.);
#7194=EDGE_LOOP('',(#7185,#7191,#7192,#7193));
#7195=FACE_BOUND('',#7194,.T.);
#7196=ADVANCED_FACE('',(#7184,#7195),#7164,.F.);
#7197=CARTESIAN_POINT('',(4691.4,-272.1,11.6));
#7198=DIRECTION('',(-1.,-0.,-0.));
#7199=DIRECTION('',(-0.,1.,0.));
#7200=AXIS2_PLACEMENT_3D('',#7197,#7198,#7199);
#7201=PLANE('',#7200);
#7202=ORIENTED_EDGE('',*,*,#5016,.F.);
#7203=CARTESIAN_POINT('',(4691.4,-276.1,11.3));
#7204=VERTEX_POINT('',#7203);
#7205=CARTESIAN_POINT('',(4691.4,-274.9,10.1));
#7206=DIRECTION('',(0.,-0.707106781,0.707106781));
#7207=VECTOR('',#7206,1.697056275);
#7208=LINE('',#7205,#7207);
#7209=EDGE_CURVE('',#5003,#7204,#7208,.T.);
#7210=ORIENTED_EDGE('',*,*,#7209,.T.);
#7211=CARTESIAN_POINT('',(4691.4,-276.1,11.3));
#7212=DIRECTION('',(0.,-0.,1.));
#7213=VECTOR('',#7212,4.6);
#7214=LINE('',#7211,#7213);
#7215=EDGE_CURVE('',#7204,#5576,#7214,.T.);
#7216=ORIENTED_EDGE('',*,*,#7215,.T.);
#7217=ORIENTED_EDGE('',*,*,#5581,.T.);
#7218=EDGE_LOOP('',(#7202,#7210,#7216,#7217));
#7219=FACE_BOUND('',#7218,.T.);
#7220=ADVANCED_FACE('',(#7219),#7201,.T.);
#7221=CARTESIAN_POINT('',(4696.,-272.1,11.6));
#7222=DIRECTION('',(1.,0.,0.));
#7223=DIRECTION('',(0.,-1.,-0.));
#7224=AXIS2_PLACEMENT_3D('',#7221,#7222,#7223);
#7225=PLANE('',#7224);
#7226=ORIENTED_EDGE('',*,*,#5000,.F.);
#7227=ORIENTED_EDGE('',*,*,#5595,.F.);
#7228=CARTESIAN_POINT('',(4696.,-276.1,11.3));
#7229=VERTEX_POINT('',#7228);
#7230=CARTESIAN_POINT('',(4696.,-276.1,15.9));
#7231=DIRECTION('',(-0.,0.,-1.));
#7232=VECTOR('',#7231,4.6);
#7233=LINE('',#7230,#7232);
#7234=EDGE_CURVE('',#5584,#7229,#7233,.T.);
#7235=ORIENTED_EDGE('',*,*,#7234,.T.);
#7236=CARTESIAN_POINT('',(4696.,-276.1,11.3));
#7237=DIRECTION('',(-0.,0.707106781,-0.707106781));
#7238=VECTOR('',#7237,1.697056275);
#7239=LINE('',#7236,#7238);
#7240=EDGE_CURVE('',#7229,#4995,#7239,.T.);
#7241=ORIENTED_EDGE('',*,*,#7240,.T.);
#7242=EDGE_LOOP('',(#7226,#7227,#7235,#7241));
#7243=FACE_BOUND('',#7242,.T.);
#7244=ADVANCED_FACE('',(#7243),#7225,.T.);
#7245=CARTESIAN_POINT('',(4688.05,-276.1,548.6));
#7246=DIRECTION('',(0.,-1.,-0.));
#7247=DIRECTION('',(-1.,-0.,-0.));
#7248=AXIS2_PLACEMENT_3D('',#7245,#7246,#7247);
#7249=PLANE('',#7248);
#7250=CARTESIAN_POINT('',(4693.7,-276.1,12.6));
#7251=VERTEX_POINT('',#7250);
#7252=CARTESIAN_POINT('',(4694.7,-276.1,13.6));
#7253=VERTEX_POINT('',#7252);
#7254=CARTESIAN_POINT('',(4693.7,-276.1,13.6));
#7255=DIRECTION('',(0.,-1.,-0.));
#7256=DIRECTION('',(1.,0.,0.));
#7257=AXIS2_PLACEMENT_3D('',#7254,#7255,#7256);
#7258=CIRCLE('',#7257,1.);
#7259=EDGE_CURVE('',#7251,#7253,#7258,.T.);
#7260=ORIENTED_EDGE('',*,*,#7259,.F.);
#7261=CARTESIAN_POINT('',(4693.7,-276.1,13.6));
#7262=DIRECTION('',(0.,-1.,-0.));
#7263=DIRECTION('',(1.,0.,0.));
#7264=AXIS2_PLACEMENT_3D('',#7261,#7262,#7263);
#7265=CIRCLE('',#7264,1.);
#7266=EDGE_CURVE('',#7253,#7251,#7265,.T.);
#7267=ORIENTED_EDGE('',*,*,#7266,.F.);
#7268=EDGE_LOOP('',(#7260,#7267));
#7269=FACE_BOUND('',#7268,.T.);
#7270=ORIENTED_EDGE('',*,*,#7215,.F.);
#7271=CARTESIAN_POINT('',(4696.,-276.1,11.3));
#7272=DIRECTION('',(-1.,-0.,-0.));
#7273=VECTOR('',#7272,4.6);
#7274=LINE('',#7271,#7273);
#7275=EDGE_CURVE('',#7229,#7204,#7274,.T.);
#7276=ORIENTED_EDGE('',*,*,#7275,.F.);
#7277=ORIENTED_EDGE('',*,*,#7234,.F.);
#7278=ORIENTED_EDGE('',*,*,#5589,.F.);
#7279=EDGE_LOOP('',(#7270,#7276,#7277,#7278));
#7280=FACE_BOUND('',#7279,.T.);
#7281=ADVANCED_FACE('',(#7269,#7280),#7249,.T.);
#7282=CARTESIAN_POINT('',(4708.7,-277.5,13.6));
#7283=DIRECTION('',(-0.,1.,0.));
#7284=DIRECTION('',(-0.,0.,-1.));
#7285=AXIS2_PLACEMENT_3D('',#7282,#7283,#7284);
#7286=CYLINDRICAL_SURFACE('',#7285,1.);
#7287=CARTESIAN_POINT('',(4708.7,-274.5,12.6));
#7288=VERTEX_POINT('',#7287);
#7289=CARTESIAN_POINT('',(4708.7,-274.5,12.6));
#7290=DIRECTION('',(0.,-1.,-0.));
#7291=VECTOR('',#7290,1.6);
#7292=LINE('',#7289,#7291);
#7293=EDGE_CURVE('',#7288,#7166,#7292,.T.);
#7294=ORIENTED_EDGE('',*,*,#7293,.F.);
#7295=CARTESIAN_POINT('',(4708.7,-274.5,14.6));
#7296=VERTEX_POINT('',#7295);
#7297=CARTESIAN_POINT('',(4708.7,-274.5,13.6));
#7298=DIRECTION('',(0.,-1.,-0.));
#7299=DIRECTION('',(0.,-0.,1.));
#7300=AXIS2_PLACEMENT_3D('',#7297,#7298,#7299);
#7301=CIRCLE('',#7300,1.);
#7302=EDGE_CURVE('',#7296,#7288,#7301,.T.);
#7303=ORIENTED_EDGE('',*,*,#7302,.F.);
#7304=CARTESIAN_POINT('',(4708.7,-274.5,13.6));
#7305=DIRECTION('',(0.,-1.,-0.));
#7306=DIRECTION('',(0.,-0.,1.));
#7307=AXIS2_PLACEMENT_3D('',#7304,#7305,#7306);
#7308=CIRCLE('',#7307,1.);
#7309=EDGE_CURVE('',#7288,#7296,#7308,.T.);
#7310=ORIENTED_EDGE('',*,*,#7309,.F.);
#7311=ORIENTED_EDGE('',*,*,#7293,.T.);
#7312=ORIENTED_EDGE('',*,*,#7174,.T.);
#7313=ORIENTED_EDGE('',*,*,#7181,.T.);
#7314=EDGE_LOOP('',(#7294,#7303,#7310,#7311,#7312,#7313));
#7315=FACE_BOUND('',#7314,.T.);
#7316=ADVANCED_FACE('',(#7315),#7286,.F.);
#7317=CARTESIAN_POINT('',(5244.7,-274.5,28.6));
#7318=DIRECTION('',(0.,-1.,-0.));
#7319=DIRECTION('',(0.,-0.,1.));
#7320=AXIS2_PLACEMENT_3D('',#7317,#7318,#7319);
#7321=PLANE('',#7320);
#7322=ORIENTED_EDGE('',*,*,#7302,.T.);
#7323=ORIENTED_EDGE('',*,*,#7309,.T.);
#7324=EDGE_LOOP('',(#7322,#7323));
#7325=FACE_BOUND('',#7324,.T.);
#7326=ADVANCED_FACE('',(#7325),#7321,.T.);
#7327=CARTESIAN_POINT('',(4693.7,-277.5,13.6));
#7328=DIRECTION('',(-0.,1.,0.));
#7329=DIRECTION('',(-0.,0.,-1.));
#7330=AXIS2_PLACEMENT_3D('',#7327,#7328,#7329);
#7331=CYLINDRICAL_SURFACE('',#7330,1.);
#7332=CARTESIAN_POINT('',(4693.7,-274.5,12.6));
#7333=VERTEX_POINT('',#7332);
#7334=CARTESIAN_POINT('',(4693.7,-274.5,12.6));
#7335=DIRECTION('',(0.,-1.,-0.));
#7336=VECTOR('',#7335,1.6);
#7337=LINE('',#7334,#7336);
#7338=EDGE_CURVE('',#7333,#7251,#7337,.T.);
#7339=ORIENTED_EDGE('',*,*,#7338,.F.);
#7340=CARTESIAN_POINT('',(4693.7,-274.5,14.6));
#7341=VERTEX_POINT('',#7340);
#7342=CARTESIAN_POINT('',(4693.7,-274.5,13.6));
#7343=DIRECTION('',(0.,-1.,-0.));
#7344=DIRECTION('',(0.,-0.,1.));
#7345=AXIS2_PLACEMENT_3D('',#7342,#7343,#7344);
#7346=CIRCLE('',#7345,1.);
#7347=EDGE_CURVE('',#7341,#7333,#7346,.T.);
#7348=ORIENTED_EDGE('',*,*,#7347,.F.);
#7349=CARTESIAN_POINT('',(4693.7,-274.5,13.6));
#7350=DIRECTION('',(0.,-1.,-0.));
#7351=DIRECTION('',(0.,-0.,1.));
#7352=AXIS2_PLACEMENT_3D('',#7349,#7350,#7351);
#7353=CIRCLE('',#7352,1.);
#7354=EDGE_CURVE('',#7333,#7341,#7353,.T.);
#7355=ORIENTED_EDGE('',*,*,#7354,.F.);
#7356=ORIENTED_EDGE('',*,*,#7338,.T.);
#7357=ORIENTED_EDGE('',*,*,#7259,.T.);
#7358=ORIENTED_EDGE('',*,*,#7266,.T.);
#7359=EDGE_LOOP('',(#7339,#7348,#7355,#7356,#7357,#7358));
#7360=FACE_BOUND('',#7359,.T.);
#7361=ADVANCED_FACE('',(#7360),#7331,.F.);
#7362=CARTESIAN_POINT('',(5229.7,-274.5,28.6));
#7363=DIRECTION('',(0.,-1.,-0.));
#7364=DIRECTION('',(0.,-0.,1.));
#7365=AXIS2_PLACEMENT_3D('',#7362,#7363,#7364);
#7366=PLANE('',#7365);
#7367=ORIENTED_EDGE('',*,*,#7347,.T.);
#7368=ORIENTED_EDGE('',*,*,#7354,.T.);
#7369=EDGE_LOOP('',(#7367,#7368));
#7370=FACE_BOUND('',#7369,.T.);
#7371=ADVANCED_FACE('',(#7370),#7366,.T.);
#7372=CARTESIAN_POINT('',(4711.65,-276.1,11.3));
#7373=DIRECTION('',(0.,0.707106781,0.707106781));
#7374=DIRECTION('',(1.,-0.,-0.));
#7375=AXIS2_PLACEMENT_3D('',#7372,#7373,#7374);
#7376=PLANE('',#7375);
#7377=ORIENTED_EDGE('',*,*,#7131,.F.);
#7378=ORIENTED_EDGE('',*,*,#4944,.F.);
#7379=ORIENTED_EDGE('',*,*,#7153,.F.);
#7380=ORIENTED_EDGE('',*,*,#7190,.F.);
#7381=EDGE_LOOP('',(#7377,#7378,#7379,#7380));
#7382=FACE_BOUND('',#7381,.T.);
#7383=ADVANCED_FACE('',(#7382),#7376,.F.);
#7384=CARTESIAN_POINT('',(4691.7,-274.9,10.1));
#7385=DIRECTION('',(0.,0.707106781,0.707106781));
#7386=DIRECTION('',(-1.,0.,0.));
#7387=AXIS2_PLACEMENT_3D('',#7384,#7385,#7386);
#7388=PLANE('',#7387);
#7389=ORIENTED_EDGE('',*,*,#7240,.F.);
#7390=ORIENTED_EDGE('',*,*,#7275,.T.);
#7391=ORIENTED_EDGE('',*,*,#7209,.F.);
#7392=ORIENTED_EDGE('',*,*,#5008,.F.);
#7393=EDGE_LOOP('',(#7389,#7390,#7391,#7392));
#7394=FACE_BOUND('',#7393,.T.);
#7395=ADVANCED_FACE('',(#7394),#7388,.F.);
#7396=CARTESIAN_POINT('',(4697.2,-271.9,15.4));
#7397=DIRECTION('',(-1.,-0.,0.));
#7398=DIRECTION('',(0.,-1.,-0.));
#7399=AXIS2_PLACEMENT_3D('',#7396,#7397,#7398);
#7400=PLANE('',#7399);
#7401=ORIENTED_EDGE('',*,*,#5604,.T.);
#7402=ORIENTED_EDGE('',*,*,#4984,.T.);
#7403=CARTESIAN_POINT('',(4697.2,-273.3,12.1));
#7404=DIRECTION('',(0.,-1.,-0.));
#7405=VECTOR('',#7404,1.6);
#7406=LINE('',#7403,#7405);
#7407=EDGE_CURVE('',#6110,#4971,#7406,.T.);
#7408=ORIENTED_EDGE('',*,*,#7407,.F.);
#7409=ORIENTED_EDGE('',*,*,#6115,.F.);
#7410=EDGE_LOOP('',(#7401,#7402,#7408,#7409));
#7411=FACE_BOUND('',#7410,.T.);
#7412=ADVANCED_FACE('',(#7411),#7400,.F.);
#7413=CARTESIAN_POINT('',(4705.2,-271.9,15.4));
#7414=DIRECTION('',(1.,0.,-0.));
#7415=DIRECTION('',(-0.,1.,0.));
#7416=AXIS2_PLACEMENT_3D('',#7413,#7414,#7415);
#7417=PLANE('',#7416);
#7418=CARTESIAN_POINT('',(4705.2,-273.3,12.1));
#7419=DIRECTION('',(0.,-1.,-0.));
#7420=VECTOR('',#7419,1.6);
#7421=LINE('',#7418,#7420);
#7422=EDGE_CURVE('',#6118,#4963,#7421,.T.);
#7423=ORIENTED_EDGE('',*,*,#7422,.T.);
#7424=ORIENTED_EDGE('',*,*,#4968,.T.);
#7425=ORIENTED_EDGE('',*,*,#5526,.F.);
#7426=ORIENTED_EDGE('',*,*,#6129,.F.);
#7427=EDGE_LOOP('',(#7423,#7424,#7425,#7426));
#7428=FACE_BOUND('',#7427,.T.);
#7429=ADVANCED_FACE('',(#7428),#7417,.F.);
#7430=CARTESIAN_POINT('',(4707.6,-271.9,12.1));
#7431=DIRECTION('',(-0.,0.,-1.));
#7432=DIRECTION('',(0.,-1.,-0.));
#7433=AXIS2_PLACEMENT_3D('',#7430,#7431,#7432);
#7434=PLANE('',#7433);
#7435=ORIENTED_EDGE('',*,*,#7407,.T.);
#7436=ORIENTED_EDGE('',*,*,#4976,.T.);
#7437=ORIENTED_EDGE('',*,*,#7422,.F.);
#7438=ORIENTED_EDGE('',*,*,#6123,.F.);
#7439=EDGE_LOOP('',(#7435,#7436,#7437,#7438));
#7440=FACE_BOUND('',#7439,.T.);
#7441=ADVANCED_FACE('',(#7440),#7434,.F.);
#7442=CARTESIAN_POINT('',(4706.8,-271.9,10.5));
#7443=DIRECTION('',(0.,-0.,1.));
#7444=DIRECTION('',(-0.,1.,0.));
#7445=AXIS2_PLACEMENT_3D('',#7442,#7443,#7444);
#7446=PLANE('',#7445);
#7447=CARTESIAN_POINT('',(4704.1,-274.9,10.5));
#7448=DIRECTION('',(-0.,1.,0.));
#7449=VECTOR('',#7448,1.6);
#7450=LINE('',#7447,#7449);
#7451=EDGE_CURVE('',#4864,#6074,#7450,.T.);
#7452=ORIENTED_EDGE('',*,*,#7451,.F.);
#7453=ORIENTED_EDGE('',*,*,#4869,.T.);
#7454=CARTESIAN_POINT('',(4698.3,-273.3,10.5));
#7455=DIRECTION('',(0.,-1.,-0.));
#7456=VECTOR('',#7455,1.6);
#7457=LINE('',#7454,#7456);
#7458=EDGE_CURVE('',#6083,#4855,#7457,.T.);
#7459=ORIENTED_EDGE('',*,*,#7458,.F.);
#7460=ORIENTED_EDGE('',*,*,#6088,.F.);
#7461=EDGE_LOOP('',(#7452,#7453,#7459,#7460));
#7462=FACE_BOUND('',#7461,.T.);
#7463=ADVANCED_FACE('',(#7462),#7446,.F.);
#7464=CARTESIAN_POINT('',(4706.8,-271.9,6.9));
#7465=DIRECTION('',(-0.,0.,-1.));
#7466=DIRECTION('',(0.,-1.,-0.));
#7467=AXIS2_PLACEMENT_3D('',#7464,#7465,#7466);
#7468=PLANE('',#7467);
#7469=CARTESIAN_POINT('',(4698.3,-274.9,6.9));
#7470=DIRECTION('',(-0.,1.,0.));
#7471=VECTOR('',#7470,1.6);
#7472=LINE('',#7469,#7471);
#7473=EDGE_CURVE('',#4838,#6055,#7472,.T.);
#7474=ORIENTED_EDGE('',*,*,#7473,.F.);
#7475=ORIENTED_EDGE('',*,*,#4843,.T.);
#7476=CARTESIAN_POINT('',(4704.1,-273.3,6.9));
#7477=DIRECTION('',(0.,-1.,-0.));
#7478=VECTOR('',#7477,1.6);
#7479=LINE('',#7476,#7478);
#7480=EDGE_CURVE('',#6057,#4827,#7479,.T.);
#7481=ORIENTED_EDGE('',*,*,#7480,.F.);
#7482=ORIENTED_EDGE('',*,*,#6062,.F.);
#7483=EDGE_LOOP('',(#7474,#7475,#7481,#7482));
#7484=FACE_BOUND('',#7483,.T.);
#7485=ADVANCED_FACE('',(#7484),#7468,.F.);
#7486=CARTESIAN_POINT('',(4704.1,-271.9,8.7));
#7487=DIRECTION('',(0.,-1.,-0.));
#7488=DIRECTION('',(0.,0.,-1.));
#7489=AXIS2_PLACEMENT_3D('',#7486,#7487,#7488);
#7490=CYLINDRICAL_SURFACE('',#7489,1.8);
#7491=ORIENTED_EDGE('',*,*,#7480,.T.);
#7492=ORIENTED_EDGE('',*,*,#4835,.T.);
#7493=CARTESIAN_POINT('',(4705.9,-274.9,8.7));
#7494=DIRECTION('',(-0.,1.,0.));
#7495=VECTOR('',#7494,1.6);
#7496=LINE('',#7493,#7495);
#7497=EDGE_CURVE('',#4829,#6065,#7496,.T.);
#7498=ORIENTED_EDGE('',*,*,#7497,.T.);
#7499=ORIENTED_EDGE('',*,*,#6071,.F.);
#7500=EDGE_LOOP('',(#7491,#7492,#7498,#7499));
#7501=FACE_BOUND('',#7500,.T.);
#7502=ADVANCED_FACE('',(#7501),#7490,.F.);
#7503=CARTESIAN_POINT('',(4704.1,-271.9,8.7));
#7504=DIRECTION('',(0.,-1.,-0.));
#7505=DIRECTION('',(0.,0.,-1.));
#7506=AXIS2_PLACEMENT_3D('',#7503,#7504,#7505);
#7507=CYLINDRICAL_SURFACE('',#7506,1.8);
#7508=ORIENTED_EDGE('',*,*,#7497,.F.);
#7509=ORIENTED_EDGE('',*,*,#4876,.T.);
#7510=ORIENTED_EDGE('',*,*,#7451,.T.);
#7511=ORIENTED_EDGE('',*,*,#6080,.F.);
#7512=EDGE_LOOP('',(#7508,#7509,#7510,#7511));
#7513=FACE_BOUND('',#7512,.T.);
#7514=ADVANCED_FACE('',(#7513),#7507,.F.);
#7515=CARTESIAN_POINT('',(4698.3,-271.9,8.7));
#7516=DIRECTION('',(0.,-1.,-0.));
#7517=DIRECTION('',(0.,0.,-1.));
#7518=AXIS2_PLACEMENT_3D('',#7515,#7516,#7517);
#7519=CYLINDRICAL_SURFACE('',#7518,1.8);
#7520=ORIENTED_EDGE('',*,*,#7458,.T.);
#7521=ORIENTED_EDGE('',*,*,#4861,.T.);
#7522=CARTESIAN_POINT('',(4696.5,-274.9,8.7));
#7523=DIRECTION('',(-0.,1.,0.));
#7524=VECTOR('',#7523,1.6);
#7525=LINE('',#7522,#7524);
#7526=EDGE_CURVE('',#4846,#6091,#7525,.T.);
#7527=ORIENTED_EDGE('',*,*,#7526,.T.);
#7528=ORIENTED_EDGE('',*,*,#6097,.F.);
#7529=EDGE_LOOP('',(#7520,#7521,#7527,#7528));
#7530=FACE_BOUND('',#7529,.T.);
#7531=ADVANCED_FACE('',(#7530),#7519,.F.);
#7532=CARTESIAN_POINT('',(4698.3,-271.9,8.7));
#7533=DIRECTION('',(0.,-1.,-0.));
#7534=DIRECTION('',(0.,0.,-1.));
#7535=AXIS2_PLACEMENT_3D('',#7532,#7533,#7534);
#7536=CYLINDRICAL_SURFACE('',#7535,1.8);
#7537=ORIENTED_EDGE('',*,*,#7526,.F.);
#7538=ORIENTED_EDGE('',*,*,#4852,.T.);
#7539=ORIENTED_EDGE('',*,*,#7473,.T.);
#7540=ORIENTED_EDGE('',*,*,#6104,.F.);
#7541=EDGE_LOOP('',(#7537,#7538,#7539,#7540));
#7542=FACE_BOUND('',#7541,.T.);
#7543=ADVANCED_FACE('',(#7542),#7536,.F.);
#7544=CARTESIAN_POINT('',(4684.7,-279.2,2.9));
#7545=DIRECTION('',(-1.,-0.,-0.));
#7546=DIRECTION('',(0.,0.,-1.));
#7547=AXIS2_PLACEMENT_3D('',#7544,#7545,#7546);
#7548=PLANE('',#7547);
#7549=ORIENTED_EDGE('',*,*,#5230,.F.);
#7550=CARTESIAN_POINT('',(4684.7,-278.1,7.9));
#7551=VERTEX_POINT('',#7550);
#7552=CARTESIAN_POINT('',(4684.7,-278.1,5.9));
#7553=DIRECTION('',(-0.,-0.,1.));
#7554=VECTOR('',#7553,2.);
#7555=LINE('',#7552,#7554);
#7556=EDGE_CURVE('',#5218,#7551,#7555,.T.);
#7557=ORIENTED_EDGE('',*,*,#7556,.T.);
#7558=CARTESIAN_POINT('',(4684.7,-278.1,7.9));
#7559=DIRECTION('',(-0.,1.,0.));
#7560=VECTOR('',#7559,3.2);
#7561=LINE('',#7558,#7560);
#7562=EDGE_CURVE('',#7551,#5043,#7561,.T.);
#7563=ORIENTED_EDGE('',*,*,#7562,.T.);
#7564=ORIENTED_EDGE('',*,*,#5048,.T.);
#7565=EDGE_LOOP('',(#7549,#7557,#7563,#7564));
#7566=FACE_BOUND('',#7565,.T.);
#7567=ADVANCED_FACE('',(#7566),#7548,.T.);
#7568=CARTESIAN_POINT('',(4691.75,-281.3,2.9));
#7569=DIRECTION('',(0.,-1.,-0.));
#7570=DIRECTION('',(-0.,-0.,1.));
#7571=AXIS2_PLACEMENT_3D('',#7568,#7569,#7570);
#7572=PLANE('',#7571);
#7573=CARTESIAN_POINT('',(4689.8,-281.3,7.9));
#7574=VERTEX_POINT('',#7573);
#7575=CARTESIAN_POINT('',(4687.9,-281.3,7.9));
#7576=VERTEX_POINT('',#7575);
#7577=CARTESIAN_POINT('',(4689.8,-281.3,7.9));
#7578=DIRECTION('',(-1.,-0.,-0.));
#7579=VECTOR('',#7578,1.9);
#7580=LINE('',#7577,#7579);
#7581=EDGE_CURVE('',#7574,#7576,#7580,.T.);
#7582=ORIENTED_EDGE('',*,*,#7581,.T.);
#7583=CARTESIAN_POINT('',(4687.9,-281.3,7.9));
#7584=DIRECTION('',(0.,0.,-1.));
#7585=VECTOR('',#7584,2.);
#7586=LINE('',#7583,#7585);
#7587=EDGE_CURVE('',#7576,#5210,#7586,.T.);
#7588=ORIENTED_EDGE('',*,*,#7587,.T.);
#7589=ORIENTED_EDGE('',*,*,#5215,.F.);
#7590=CARTESIAN_POINT('',(4689.8,-281.3,7.9));
#7591=DIRECTION('',(0.,0.,-1.));
#7592=VECTOR('',#7591,2.);
#7593=LINE('',#7590,#7592);
#7594=EDGE_CURVE('',#7574,#5202,#7593,.T.);
#7595=ORIENTED_EDGE('',*,*,#7594,.F.);
#7596=EDGE_LOOP('',(#7582,#7588,#7589,#7595));
#7597=FACE_BOUND('',#7596,.T.);
#7598=ADVANCED_FACE('',(#7597),#7572,.T.);
#7599=CARTESIAN_POINT('',(4683.15,257.8,7.9));
#7600=DIRECTION('',(-0.,-0.,1.));
#7601=DIRECTION('',(-1.,-0.,-0.));
#7602=AXIS2_PLACEMENT_3D('',#7599,#7600,#7601);
#7603=PLANE('',#7602);
#7604=ORIENTED_EDGE('',*,*,#5433,.F.);
#7605=CARTESIAN_POINT('',(4693.8,-284.7,7.9));
#7606=DIRECTION('',(-0.,-1.,0.));
#7607=VECTOR('',#7606,3.3);
#7608=LINE('',#7605,#7607);
#7609=EDGE_CURVE('',#5420,#6010,#7608,.T.);
#7610=ORIENTED_EDGE('',*,*,#7609,.T.);
#7611=ORIENTED_EDGE('',*,*,#6016,.T.);
#7612=CARTESIAN_POINT('',(4695.,-287.494026279,7.9));
#7613=DIRECTION('',(0.,1.,-0.));
#7614=VECTOR('',#7613,12.594026279);
#7615=LINE('',#7612,#7614);
#7616=EDGE_CURVE('',#6002,#5051,#7615,.T.);
#7617=ORIENTED_EDGE('',*,*,#7616,.T.);
#7618=ORIENTED_EDGE('',*,*,#5056,.F.);
#7619=ORIENTED_EDGE('',*,*,#7562,.F.);
#7620=CARTESIAN_POINT('',(4687.9,-278.1,7.9));
#7621=DIRECTION('',(-0.,-0.,1.));
#7622=DIRECTION('',(1.,0.,0.));
#7623=AXIS2_PLACEMENT_3D('',#7620,#7621,#7622);
#7624=CIRCLE('',#7623,3.2);
#7625=EDGE_CURVE('',#7551,#7576,#7624,.T.);
#7626=ORIENTED_EDGE('',*,*,#7625,.T.);
#7627=ORIENTED_EDGE('',*,*,#7581,.F.);
#7628=CARTESIAN_POINT('',(4689.8,-282.2,7.9));
#7629=VERTEX_POINT('',#7628);
#7630=CARTESIAN_POINT('',(4689.8,-282.2,7.9));
#7631=DIRECTION('',(-0.,1.,0.));
#7632=VECTOR('',#7631,0.9);
#7633=LINE('',#7630,#7632);
#7634=EDGE_CURVE('',#7629,#7574,#7633,.T.);
#7635=ORIENTED_EDGE('',*,*,#7634,.F.);
#7636=CARTESIAN_POINT('',(4692.3,-282.2,7.9));
#7637=DIRECTION('',(-0.,-0.,1.));
#7638=DIRECTION('',(1.,0.,0.));
#7639=AXIS2_PLACEMENT_3D('',#7636,#7637,#7638);
#7640=CIRCLE('',#7639,2.5);
#7641=EDGE_CURVE('',#7629,#5428,#7640,.T.);
#7642=ORIENTED_EDGE('',*,*,#7641,.T.);
#7643=EDGE_LOOP('',(#7604,#7610,#7611,#7617,#7618,#7619,#7626,#7627,#7635,#7642));
#7644=FACE_BOUND('',#7643,.T.);
#7645=CARTESIAN_POINT('',(4692.3,-283.2,7.9));
#7646=VERTEX_POINT('',#7645);
#7647=CARTESIAN_POINT('',(4693.3,-282.2,7.9));
#7648=VERTEX_POINT('',#7647);
#7649=CARTESIAN_POINT('',(4692.3,-282.2,7.9));
#7650=DIRECTION('',(0.,-0.,1.));
#7651=DIRECTION('',(1.,0.,-0.));
#7652=AXIS2_PLACEMENT_3D('',#7649,#7650,#7651);
#7653=CIRCLE('',#7652,1.);
#7654=EDGE_CURVE('',#7646,#7648,#7653,.T.);
#7655=ORIENTED_EDGE('',*,*,#7654,.F.);
#7656=CARTESIAN_POINT('',(4692.3,-282.2,7.9));
#7657=DIRECTION('',(0.,-0.,1.));
#7658=DIRECTION('',(1.,0.,-0.));
#7659=AXIS2_PLACEMENT_3D('',#7656,#7657,#7658);
#7660=CIRCLE('',#7659,1.);
#7661=EDGE_CURVE('',#7648,#7646,#7660,.T.);
#7662=ORIENTED_EDGE('',*,*,#7661,.F.);
#7663=EDGE_LOOP('',(#7655,#7662));
#7664=FACE_BOUND('',#7663,.T.);
#7665=CARTESIAN_POINT('',(4689.4,-277.6,7.9));
#7666=VERTEX_POINT('',#7665);
#7667=CARTESIAN_POINT('',(4687.9,-277.6,7.9));
#7668=DIRECTION('',(0.,0.,-1.));
#7669=DIRECTION('',(1.,0.,0.));
#7670=AXIS2_PLACEMENT_3D('',#7667,#7668,#7669);
#7671=CIRCLE('',#7670,1.5);
#7672=EDGE_CURVE('',#7666,#7666,#7671,.T.);
#7673=ORIENTED_EDGE('',*,*,#7672,.T.);
#7674=EDGE_LOOP('',(#7673));
#7675=FACE_BOUND('',#7674,.T.);
#7676=ADVANCED_FACE('',(#7644,#7664,#7675),#7603,.T.);
#7677=CARTESIAN_POINT('',(4689.8,-284.,2.9));
#7678=DIRECTION('',(-1.,-0.,-0.));
#7679=DIRECTION('',(0.,0.,-1.));
#7680=AXIS2_PLACEMENT_3D('',#7677,#7678,#7679);
#7681=PLANE('',#7680);
#7682=ORIENTED_EDGE('',*,*,#5207,.F.);
#7683=CARTESIAN_POINT('',(4689.8,-282.2,5.9));
#7684=DIRECTION('',(-0.,-0.,1.));
#7685=VECTOR('',#7684,2.);
#7686=LINE('',#7683,#7685);
#7687=EDGE_CURVE('',#5193,#7629,#7686,.T.);
#7688=ORIENTED_EDGE('',*,*,#7687,.T.);
#7689=ORIENTED_EDGE('',*,*,#7634,.T.);
#7690=ORIENTED_EDGE('',*,*,#7594,.T.);
#7691=EDGE_LOOP('',(#7682,#7688,#7689,#7690));
#7692=FACE_BOUND('',#7691,.T.);
#7693=ADVANCED_FACE('',(#7692),#7681,.T.);
#7694=CARTESIAN_POINT('',(4718.35,-281.3,2.9));
#7695=DIRECTION('',(0.,-1.,-0.));
#7696=DIRECTION('',(-0.,-0.,1.));
#7697=AXIS2_PLACEMENT_3D('',#7694,#7695,#7696);
#7698=PLANE('',#7697);
#7699=ORIENTED_EDGE('',*,*,#5363,.F.);
#7700=CARTESIAN_POINT('',(4714.5,-281.3,7.9));
#7701=VERTEX_POINT('',#7700);
#7702=CARTESIAN_POINT('',(4714.5,-281.3,5.9));
#7703=DIRECTION('',(-0.,-0.,1.));
#7704=VECTOR('',#7703,2.);
#7705=LINE('',#7702,#7704);
#7706=EDGE_CURVE('',#5349,#7701,#7705,.T.);
#7707=ORIENTED_EDGE('',*,*,#7706,.T.);
#7708=CARTESIAN_POINT('',(4712.6,-281.3,7.9));
#7709=VERTEX_POINT('',#7708);
#7710=CARTESIAN_POINT('',(4714.5,-281.3,7.9));
#7711=DIRECTION('',(-1.,-0.,-0.));
#7712=VECTOR('',#7711,1.9);
#7713=LINE('',#7710,#7712);
#7714=EDGE_CURVE('',#7701,#7709,#7713,.T.);
#7715=ORIENTED_EDGE('',*,*,#7714,.T.);
#7716=CARTESIAN_POINT('',(4712.6,-281.3,5.9));
#7717=DIRECTION('',(-0.,-0.,1.));
#7718=VECTOR('',#7717,2.);
#7719=LINE('',#7716,#7718);
#7720=EDGE_CURVE('',#5358,#7709,#7719,.T.);
#7721=ORIENTED_EDGE('',*,*,#7720,.F.);
#7722=EDGE_LOOP('',(#7699,#7707,#7715,#7721));
#7723=FACE_BOUND('',#7722,.T.);
#7724=ADVANCED_FACE('',(#7723),#7698,.T.);
#7725=CARTESIAN_POINT('',(4717.7,-279.2,2.9));
#7726=DIRECTION('',(1.,0.,0.));
#7727=DIRECTION('',(-0.,-0.,1.));
#7728=AXIS2_PLACEMENT_3D('',#7725,#7726,#7727);
#7729=PLANE('',#7728);
#7730=CARTESIAN_POINT('',(4717.7,-278.1,7.9));
#7731=VERTEX_POINT('',#7730);
#7732=CARTESIAN_POINT('',(4717.7,-274.9,7.9));
#7733=DIRECTION('',(0.,-1.,-0.));
#7734=VECTOR('',#7733,3.2);
#7735=LINE('',#7732,#7734);
#7736=EDGE_CURVE('',#4891,#7731,#7735,.T.);
#7737=ORIENTED_EDGE('',*,*,#7736,.T.);
#7738=CARTESIAN_POINT('',(4717.7,-278.1,7.9));
#7739=DIRECTION('',(0.,0.,-1.));
#7740=VECTOR('',#7739,2.);
#7741=LINE('',#7738,#7740);
#7742=EDGE_CURVE('',#7731,#5341,#7741,.T.);
#7743=ORIENTED_EDGE('',*,*,#7742,.T.);
#7744=ORIENTED_EDGE('',*,*,#5346,.F.);
#7745=ORIENTED_EDGE('',*,*,#4904,.F.);
#7746=EDGE_LOOP('',(#7737,#7743,#7744,#7745));
#7747=FACE_BOUND('',#7746,.T.);
#7748=ADVANCED_FACE('',(#7747),#7729,.T.);
#7749=CARTESIAN_POINT('',(4709.75,257.8,7.9));
#7750=DIRECTION('',(-0.,-0.,1.));
#7751=DIRECTION('',(-1.,-0.,-0.));
#7752=AXIS2_PLACEMENT_3D('',#7749,#7750,#7751);
#7753=PLANE('',#7752);
#7754=ORIENTED_EDGE('',*,*,#4896,.F.);
#7755=CARTESIAN_POINT('',(4707.4,-274.9,7.9));
#7756=DIRECTION('',(-0.,-1.,0.));
#7757=VECTOR('',#7756,12.750714302);
#7758=LINE('',#7755,#7757);
#7759=EDGE_CURVE('',#4881,#5986,#7758,.T.);
#7760=ORIENTED_EDGE('',*,*,#7759,.T.);
#7761=ORIENTED_EDGE('',*,*,#5992,.T.);
#7762=CARTESIAN_POINT('',(4708.6,-288.193422476,7.9));
#7763=DIRECTION('',(0.,1.,-0.));
#7764=VECTOR('',#7763,3.493422476);
#7765=LINE('',#7762,#7764);
#7766=EDGE_CURVE('',#5978,#5452,#7765,.T.);
#7767=ORIENTED_EDGE('',*,*,#7766,.T.);
#7768=ORIENTED_EDGE('',*,*,#5457,.F.);
#7769=CARTESIAN_POINT('',(4712.6,-282.2,7.9));
#7770=VERTEX_POINT('',#7769);
#7771=CARTESIAN_POINT('',(4710.1,-282.2,7.9));
#7772=DIRECTION('',(-0.,-0.,1.));
#7773=DIRECTION('',(1.,0.,0.));
#7774=AXIS2_PLACEMENT_3D('',#7771,#7772,#7773);
#7775=CIRCLE('',#7774,2.5);
#7776=EDGE_CURVE('',#5450,#7770,#7775,.T.);
#7777=ORIENTED_EDGE('',*,*,#7776,.T.);
#7778=CARTESIAN_POINT('',(4712.6,-281.3,7.9));
#7779=DIRECTION('',(0.,-1.,-0.));
#7780=VECTOR('',#7779,0.9);
#7781=LINE('',#7778,#7780);
#7782=EDGE_CURVE('',#7709,#7770,#7781,.T.);
#7783=ORIENTED_EDGE('',*,*,#7782,.F.);
#7784=ORIENTED_EDGE('',*,*,#7714,.F.);
#7785=CARTESIAN_POINT('',(4714.5,-278.1,7.9));
#7786=DIRECTION('',(-0.,-0.,1.));
#7787=DIRECTION('',(1.,0.,0.));
#7788=AXIS2_PLACEMENT_3D('',#7785,#7786,#7787);
#7789=CIRCLE('',#7788,3.2);
#7790=EDGE_CURVE('',#7701,#7731,#7789,.T.);
#7791=ORIENTED_EDGE('',*,*,#7790,.T.);
#7792=ORIENTED_EDGE('',*,*,#7736,.F.);
#7793=EDGE_LOOP('',(#7754,#7760,#7761,#7767,#7768,#7777,#7783,#7784,#7791,#7792));
#7794=FACE_BOUND('',#7793,.T.);
#7795=CARTESIAN_POINT('',(4710.1,-283.2,7.9));
#7796=VERTEX_POINT('',#7795);
#7797=CARTESIAN_POINT('',(4711.1,-282.2,7.9));
#7798=VERTEX_POINT('',#7797);
#7799=CARTESIAN_POINT('',(4710.1,-282.2,7.9));
#7800=DIRECTION('',(0.,-0.,1.));
#7801=DIRECTION('',(1.,0.,-0.));
#7802=AXIS2_PLACEMENT_3D('',#7799,#7800,#7801);
#7803=CIRCLE('',#7802,1.);
#7804=EDGE_CURVE('',#7796,#7798,#7803,.T.);
#7805=ORIENTED_EDGE('',*,*,#7804,.F.);
#7806=CARTESIAN_POINT('',(4710.1,-282.2,7.9));
#7807=DIRECTION('',(0.,-0.,1.));
#7808=DIRECTION('',(1.,0.,-0.));
#7809=AXIS2_PLACEMENT_3D('',#7806,#7807,#7808);
#7810=CIRCLE('',#7809,1.);
#7811=EDGE_CURVE('',#7798,#7796,#7810,.T.);
#7812=ORIENTED_EDGE('',*,*,#7811,.F.);
#7813=EDGE_LOOP('',(#7805,#7812));
#7814=FACE_BOUND('',#7813,.T.);
#7815=CARTESIAN_POINT('',(4716.,-277.6,7.9));
#7816=VERTEX_POINT('',#7815);
#7817=CARTESIAN_POINT('',(4714.5,-277.6,7.9));
#7818=DIRECTION('',(0.,0.,-1.));
#7819=DIRECTION('',(1.,0.,0.));
#7820=AXIS2_PLACEMENT_3D('',#7817,#7818,#7819);
#7821=CIRCLE('',#7820,1.5);
#7822=EDGE_CURVE('',#7816,#7816,#7821,.T.);
#7823=ORIENTED_EDGE('',*,*,#7822,.T.);
#7824=EDGE_LOOP('',(#7823));
#7825=FACE_BOUND('',#7824,.T.);
#7826=ADVANCED_FACE('',(#7794,#7814,#7825),#7753,.T.);
#7827=CARTESIAN_POINT('',(4712.6,-284.,2.9));
#7828=DIRECTION('',(1.,0.,0.));
#7829=DIRECTION('',(-0.,-0.,1.));
#7830=AXIS2_PLACEMENT_3D('',#7827,#7828,#7829);
#7831=PLANE('',#7830);
#7832=ORIENTED_EDGE('',*,*,#7782,.T.);
#7833=CARTESIAN_POINT('',(4712.6,-282.2,7.9));
#7834=DIRECTION('',(0.,0.,-1.));
#7835=VECTOR('',#7834,2.);
#7836=LINE('',#7833,#7835);
#7837=EDGE_CURVE('',#7770,#5366,#7836,.T.);
#7838=ORIENTED_EDGE('',*,*,#7837,.T.);
#7839=ORIENTED_EDGE('',*,*,#5371,.F.);
#7840=ORIENTED_EDGE('',*,*,#7720,.T.);
#7841=EDGE_LOOP('',(#7832,#7838,#7839,#7840));
#7842=FACE_BOUND('',#7841,.T.);
#7843=ADVANCED_FACE('',(#7842),#7831,.T.);
#7844=CARTESIAN_POINT('',(4687.9,-277.6,-10.1));
#7845=DIRECTION('',(0.,-0.,-1.));
#7846=DIRECTION('',(1.,-0.,0.));
#7847=AXIS2_PLACEMENT_3D('',#7844,#7845,#7846);
#7848=CYLINDRICAL_SURFACE('',#7847,1.5);
#7849=CARTESIAN_POINT('',(4689.4,-277.6,6.3));
#7850=VERTEX_POINT('',#7849);
#7851=CARTESIAN_POINT('',(4689.4,-277.6,6.3));
#7852=DIRECTION('',(-0.,0.,1.));
#7853=VECTOR('',#7852,1.6);
#7854=LINE('',#7851,#7853);
#7855=EDGE_CURVE('',#7850,#7666,#7854,.T.);
#7856=ORIENTED_EDGE('',*,*,#7855,.F.);
#7857=CARTESIAN_POINT('',(4687.9,-277.6,6.3));
#7858=DIRECTION('',(-0.,0.,1.));
#7859=DIRECTION('',(1.,0.,0.));
#7860=AXIS2_PLACEMENT_3D('',#7857,#7858,#7859);
#7861=CIRCLE('',#7860,1.5);
#7862=EDGE_CURVE('',#7850,#7850,#7861,.T.);
#7863=ORIENTED_EDGE('',*,*,#7862,.F.);
#7864=ORIENTED_EDGE('',*,*,#7855,.T.);
#7865=ORIENTED_EDGE('',*,*,#7672,.F.);
#7866=EDGE_LOOP('',(#7856,#7863,#7864,#7865));
#7867=FACE_BOUND('',#7866,.T.);
#7868=ADVANCED_FACE('',(#7867),#7848,.F.);
#7869=CARTESIAN_POINT('',(4687.9,-277.6,-11.7));
#7870=DIRECTION('',(0.,-0.,-1.));
#7871=DIRECTION('',(1.,-0.,0.));
#7872=AXIS2_PLACEMENT_3D('',#7869,#7870,#7871);
#7873=CYLINDRICAL_SURFACE('',#7872,2.3);
#7874=CARTESIAN_POINT('',(4690.2,-277.6,6.3));
#7875=VERTEX_POINT('',#7874);
#7876=CARTESIAN_POINT('',(4690.2,-277.6,3.9));
#7877=DIRECTION('',(-0.,0.,1.));
#7878=VECTOR('',#7877,2.4);
#7879=LINE('',#7876,#7878);
#7880=EDGE_CURVE('',#6316,#7875,#7879,.T.);
#7881=ORIENTED_EDGE('',*,*,#7880,.F.);
#7882=ORIENTED_EDGE('',*,*,#6322,.F.);
#7883=CARTESIAN_POINT('',(4687.850532035,-279.899467965,4.7));
#7884=VERTEX_POINT('',#7883);
#7885=CARTESIAN_POINT('',(4687.850532035,-279.899467965,4.7));
#7886=DIRECTION('',(0.,0.,-1.));
#7887=VECTOR('',#7886,0.8);
#7888=LINE('',#7885,#7887);
#7889=EDGE_CURVE('',#7884,#6307,#7888,.T.);
#7890=ORIENTED_EDGE('',*,*,#7889,.F.);
#7891=CARTESIAN_POINT('',(4687.850532035,-275.300532035,4.7));
#7892=VERTEX_POINT('',#7891);
#7893=CARTESIAN_POINT('',(4687.9,-277.6,4.7));
#7894=DIRECTION('',(-0.,-0.,1.));
#7895=DIRECTION('',(1.,0.,0.));
#7896=AXIS2_PLACEMENT_3D('',#7893,#7894,#7895);
#7897=CIRCLE('',#7896,2.3);
#7898=EDGE_CURVE('',#7892,#7884,#7897,.T.);
#7899=ORIENTED_EDGE('',*,*,#7898,.F.);
#7900=CARTESIAN_POINT('',(4687.850532035,-275.300532035,3.9));
#7901=DIRECTION('',(-0.,-0.,1.));
#7902=VECTOR('',#7901,0.8);
#7903=LINE('',#7900,#7902);
#7904=EDGE_CURVE('',#6246,#7892,#7903,.T.);
#7905=ORIENTED_EDGE('',*,*,#7904,.F.);
#7906=ORIENTED_EDGE('',*,*,#6329,.F.);
#7907=ORIENTED_EDGE('',*,*,#7880,.T.);
#7908=CARTESIAN_POINT('',(4687.9,-277.6,6.3));
#7909=DIRECTION('',(-0.,0.,1.));
#7910=DIRECTION('',(1.,0.,0.));
#7911=AXIS2_PLACEMENT_3D('',#7908,#7909,#7910);
#7912=CIRCLE('',#7911,2.3);
#7913=EDGE_CURVE('',#7875,#7875,#7912,.T.);
#7914=ORIENTED_EDGE('',*,*,#7913,.T.);
#7915=EDGE_LOOP('',(#7881,#7882,#7890,#7899,#7905,#7906,#7907,#7914));
#7916=FACE_BOUND('',#7915,.T.);
#7917=ADVANCED_FACE('',(#7916),#7873,.F.);
#7918=CARTESIAN_POINT('',(4764.4,-593.6,6.3));
#7919=DIRECTION('',(-0.,0.,1.));
#7920=DIRECTION('',(-1.,0.,-0.));
#7921=AXIS2_PLACEMENT_3D('',#7918,#7919,#7920);
#7922=PLANE('',#7921);
#7923=ORIENTED_EDGE('',*,*,#7862,.T.);
#7924=EDGE_LOOP('',(#7923));
#7925=FACE_BOUND('',#7924,.T.);
#7926=ORIENTED_EDGE('',*,*,#7913,.F.);
#7927=EDGE_LOOP('',(#7926));
#7928=FACE_BOUND('',#7927,.T.);
#7929=ADVANCED_FACE('',(#7925,#7928),#7922,.F.);
#7930=CARTESIAN_POINT('',(4714.5,-277.6,-10.1));
#7931=DIRECTION('',(0.,-0.,-1.));
#7932=DIRECTION('',(1.,-0.,0.));
#7933=AXIS2_PLACEMENT_3D('',#7930,#7931,#7932);
#7934=CYLINDRICAL_SURFACE('',#7933,1.5);
#7935=CARTESIAN_POINT('',(4716.,-277.6,6.3));
#7936=VERTEX_POINT('',#7935);
#7937=CARTESIAN_POINT('',(4716.,-277.6,6.3));
#7938=DIRECTION('',(-0.,0.,1.));
#7939=VECTOR('',#7938,1.6);
#7940=LINE('',#7937,#7939);
#7941=EDGE_CURVE('',#7936,#7816,#7940,.T.);
#7942=ORIENTED_EDGE('',*,*,#7941,.F.);
#7943=CARTESIAN_POINT('',(4714.5,-277.6,6.3));
#7944=DIRECTION('',(-0.,0.,1.));
#7945=DIRECTION('',(1.,0.,0.));
#7946=AXIS2_PLACEMENT_3D('',#7943,#7944,#7945);
#7947=CIRCLE('',#7946,1.5);
#7948=EDGE_CURVE('',#7936,#7936,#7947,.T.);
#7949=ORIENTED_EDGE('',*,*,#7948,.F.);
#7950=ORIENTED_EDGE('',*,*,#7941,.T.);
#7951=ORIENTED_EDGE('',*,*,#7822,.F.);
#7952=EDGE_LOOP('',(#7942,#7949,#7950,#7951));
#7953=FACE_BOUND('',#7952,.T.);
#7954=ADVANCED_FACE('',(#7953),#7934,.F.);
#7955=CARTESIAN_POINT('',(4714.5,-277.6,-11.7));
#7956=DIRECTION('',(0.,-0.,-1.));
#7957=DIRECTION('',(1.,-0.,0.));
#7958=AXIS2_PLACEMENT_3D('',#7955,#7956,#7957);
#7959=CYLINDRICAL_SURFACE('',#7958,2.3);
#7960=CARTESIAN_POINT('',(4716.8,-277.6,4.7));
#7961=VERTEX_POINT('',#7960);
#7962=CARTESIAN_POINT('',(4716.8,-277.6,6.3));
#7963=VERTEX_POINT('',#7962);
#7964=CARTESIAN_POINT('',(4716.8,-277.6,4.7));
#7965=DIRECTION('',(-0.,0.,1.));
#7966=VECTOR('',#7965,1.6);
#7967=LINE('',#7964,#7966);
#7968=EDGE_CURVE('',#7961,#7963,#7967,.T.);
#7969=ORIENTED_EDGE('',*,*,#7968,.F.);
#7970=CARTESIAN_POINT('',(4714.549467965,-279.899467965,4.7));
#7971=VERTEX_POINT('',#7970);
#7972=CARTESIAN_POINT('',(4714.5,-277.6,4.7));
#7973=DIRECTION('',(0.,-0.,-1.));
#7974=DIRECTION('',(0.,1.,-0.));
#7975=AXIS2_PLACEMENT_3D('',#7972,#7973,#7974);
#7976=CIRCLE('',#7975,2.3);
#7977=EDGE_CURVE('',#7961,#7971,#7976,.T.);
#7978=ORIENTED_EDGE('',*,*,#7977,.T.);
#7979=CARTESIAN_POINT('',(4714.549467965,-279.899467965,3.9));
#7980=DIRECTION('',(-0.,0.,1.));
#7981=VECTOR('',#7980,0.8);
#7982=LINE('',#7979,#7981);
#7983=EDGE_CURVE('',#6174,#7971,#7982,.T.);
#7984=ORIENTED_EDGE('',*,*,#7983,.F.);
#7985=ORIENTED_EDGE('',*,*,#6180,.F.);
#7986=CARTESIAN_POINT('',(4714.549467965,-275.300532035,4.7));
#7987=VERTEX_POINT('',#7986);
#7988=CARTESIAN_POINT('',(4714.549467965,-275.300532035,4.7));
#7989=DIRECTION('',(0.,-0.,-1.));
#7990=VECTOR('',#7989,0.8);
#7991=LINE('',#7988,#7990);
#7992=EDGE_CURVE('',#7987,#6163,#7991,.T.);
#7993=ORIENTED_EDGE('',*,*,#7992,.F.);
#7994=CARTESIAN_POINT('',(4714.5,-277.6,4.7));
#7995=DIRECTION('',(0.,-0.,-1.));
#7996=DIRECTION('',(0.,1.,-0.));
#7997=AXIS2_PLACEMENT_3D('',#7994,#7995,#7996);
#7998=CIRCLE('',#7997,2.3);
#7999=EDGE_CURVE('',#7987,#7961,#7998,.T.);
#8000=ORIENTED_EDGE('',*,*,#7999,.T.);
#8001=ORIENTED_EDGE('',*,*,#7968,.T.);
#8002=CARTESIAN_POINT('',(4714.5,-277.6,6.3));
#8003=DIRECTION('',(-0.,0.,1.));
#8004=DIRECTION('',(1.,0.,0.));
#8005=AXIS2_PLACEMENT_3D('',#8002,#8003,#8004);
#8006=CIRCLE('',#8005,2.3);
#8007=EDGE_CURVE('',#7963,#7963,#8006,.T.);
#8008=ORIENTED_EDGE('',*,*,#8007,.T.);
#8009=EDGE_LOOP('',(#7969,#7978,#7984,#7985,#7993,#8000,#8001,#8008));
#8010=FACE_BOUND('',#8009,.T.);
#8011=ADVANCED_FACE('',(#8010),#7959,.F.);
#8012=CARTESIAN_POINT('',(4791.,-593.6,6.3));
#8013=DIRECTION('',(-0.,0.,1.));
#8014=DIRECTION('',(-1.,0.,-0.));
#8015=AXIS2_PLACEMENT_3D('',#8012,#8013,#8014);
#8016=PLANE('',#8015);
#8017=ORIENTED_EDGE('',*,*,#7948,.T.);
#8018=EDGE_LOOP('',(#8017));
#8019=FACE_BOUND('',#8018,.T.);
#8020=ORIENTED_EDGE('',*,*,#8007,.F.);
#8021=EDGE_LOOP('',(#8020));
#8022=FACE_BOUND('',#8021,.T.);
#8023=ADVANCED_FACE('',(#8019,#8022),#8016,.F.);
#8024=CARTESIAN_POINT('',(4710.1,-282.2,7.9));
#8025=DIRECTION('',(-0.,0.,-1.));
#8026=DIRECTION('',(-0.,-1.,-0.));
#8027=AXIS2_PLACEMENT_3D('',#8024,#8025,#8026);
#8028=CYLINDRICAL_SURFACE('',#8027,1.);
#8029=CARTESIAN_POINT('',(4710.1,-283.2,4.9));
#8030=VERTEX_POINT('',#8029);
#8031=CARTESIAN_POINT('',(4710.1,-283.2,4.9));
#8032=DIRECTION('',(0.,-0.,1.));
#8033=VECTOR('',#8032,3.);
#8034=LINE('',#8031,#8033);
#8035=EDGE_CURVE('',#8030,#7796,#8034,.T.);
#8036=ORIENTED_EDGE('',*,*,#8035,.F.);
#8037=CARTESIAN_POINT('',(4710.1,-281.2,4.9));
#8038=VERTEX_POINT('',#8037);
#8039=CARTESIAN_POINT('',(4710.1,-282.2,4.9));
#8040=DIRECTION('',(0.,-0.,1.));
#8041=DIRECTION('',(0.,1.,0.));
#8042=AXIS2_PLACEMENT_3D('',#8039,#8040,#8041);
#8043=CIRCLE('',#8042,1.);
#8044=EDGE_CURVE('',#8038,#8030,#8043,.T.);
#8045=ORIENTED_EDGE('',*,*,#8044,.F.);
#8046=CARTESIAN_POINT('',(4710.1,-282.2,4.9));
#8047=DIRECTION('',(0.,-0.,1.));
#8048=DIRECTION('',(0.,1.,0.));
#8049=AXIS2_PLACEMENT_3D('',#8046,#8047,#8048);
#8050=CIRCLE('',#8049,1.);
#8051=EDGE_CURVE('',#8030,#8038,#8050,.T.);
#8052=ORIENTED_EDGE('',*,*,#8051,.F.);
#8053=ORIENTED_EDGE('',*,*,#8035,.T.);
#8054=ORIENTED_EDGE('',*,*,#7804,.T.);
#8055=ORIENTED_EDGE('',*,*,#7811,.T.);
#8056=EDGE_LOOP('',(#8036,#8045,#8052,#8053,#8054,#8055));
#8057=FACE_BOUND('',#8056,.T.);
#8058=ADVANCED_FACE('',(#8057),#8028,.F.);
#8059=CARTESIAN_POINT('',(5246.1,-267.2,4.9));
#8060=DIRECTION('',(0.,-0.,1.));
#8061=DIRECTION('',(0.,1.,0.));
#8062=AXIS2_PLACEMENT_3D('',#8059,#8060,#8061);
#8063=PLANE('',#8062);
#8064=ORIENTED_EDGE('',*,*,#8044,.T.);
#8065=ORIENTED_EDGE('',*,*,#8051,.T.);
#8066=EDGE_LOOP('',(#8064,#8065));
#8067=FACE_BOUND('',#8066,.T.);
#8068=ADVANCED_FACE('',(#8067),#8063,.T.);
#8069=CARTESIAN_POINT('',(4692.3,-282.2,7.9));
#8070=DIRECTION('',(-0.,0.,-1.));
#8071=DIRECTION('',(-0.,-1.,-0.));
#8072=AXIS2_PLACEMENT_3D('',#8069,#8070,#8071);
#8073=CYLINDRICAL_SURFACE('',#8072,1.);
#8074=CARTESIAN_POINT('',(4692.3,-283.2,4.9));
#8075=VERTEX_POINT('',#8074);
#8076=CARTESIAN_POINT('',(4692.3,-283.2,4.9));
#8077=DIRECTION('',(0.,-0.,1.));
#8078=VECTOR('',#8077,3.);
#8079=LINE('',#8076,#8078);
#8080=EDGE_CURVE('',#8075,#7646,#8079,.T.);
#8081=ORIENTED_EDGE('',*,*,#8080,.F.);
#8082=CARTESIAN_POINT('',(4692.3,-281.2,4.9));
#8083=VERTEX_POINT('',#8082);
#8084=CARTESIAN_POINT('',(4692.3,-282.2,4.9));
#8085=DIRECTION('',(0.,-0.,1.));
#8086=DIRECTION('',(0.,1.,0.));
#8087=AXIS2_PLACEMENT_3D('',#8084,#8085,#8086);
#8088=CIRCLE('',#8087,1.);
#8089=EDGE_CURVE('',#8083,#8075,#8088,.T.);
#8090=ORIENTED_EDGE('',*,*,#8089,.F.);
#8091=CARTESIAN_POINT('',(4692.3,-282.2,4.9));
#8092=DIRECTION('',(0.,-0.,1.));
#8093=DIRECTION('',(0.,1.,0.));
#8094=AXIS2_PLACEMENT_3D('',#8091,#8092,#8093);
#8095=CIRCLE('',#8094,1.);
#8096=EDGE_CURVE('',#8075,#8083,#8095,.T.);
#8097=ORIENTED_EDGE('',*,*,#8096,.F.);
#8098=ORIENTED_EDGE('',*,*,#8080,.T.);
#8099=ORIENTED_EDGE('',*,*,#7654,.T.);
#8100=ORIENTED_EDGE('',*,*,#7661,.T.);
#8101=EDGE_LOOP('',(#8081,#8090,#8097,#8098,#8099,#8100));
#8102=FACE_BOUND('',#8101,.T.);
#8103=ADVANCED_FACE('',(#8102),#8073,.F.);
#8104=CARTESIAN_POINT('',(5228.3,-267.2,4.9));
#8105=DIRECTION('',(0.,-0.,1.));
#8106=DIRECTION('',(0.,1.,0.));
#8107=AXIS2_PLACEMENT_3D('',#8104,#8105,#8106);
#8108=PLANE('',#8107);
#8109=ORIENTED_EDGE('',*,*,#8089,.T.);
#8110=ORIENTED_EDGE('',*,*,#8096,.T.);
#8111=EDGE_LOOP('',(#8109,#8110));
#8112=FACE_BOUND('',#8111,.T.);
#8113=ADVANCED_FACE('',(#8112),#8108,.T.);
#8114=CARTESIAN_POINT('',(4687.9,-278.1,2.9));
#8115=DIRECTION('',(0.,0.,-1.));
#8116=DIRECTION('',(-1.,0.,-0.));
#8117=AXIS2_PLACEMENT_3D('',#8114,#8115,#8116);
#8118=CYLINDRICAL_SURFACE('',#8117,3.2);
#8119=ORIENTED_EDGE('',*,*,#7625,.F.);
#8120=ORIENTED_EDGE('',*,*,#7556,.F.);
#8121=ORIENTED_EDGE('',*,*,#5224,.F.);
#8122=ORIENTED_EDGE('',*,*,#7587,.F.);
#8123=EDGE_LOOP('',(#8119,#8120,#8121,#8122));
#8124=FACE_BOUND('',#8123,.T.);
#8125=ADVANCED_FACE('',(#8124),#8118,.T.);
#8126=CARTESIAN_POINT('',(4714.5,-278.1,2.9));
#8127=DIRECTION('',(0.,0.,-1.));
#8128=DIRECTION('',(-1.,0.,-0.));
#8129=AXIS2_PLACEMENT_3D('',#8126,#8127,#8128);
#8130=CYLINDRICAL_SURFACE('',#8129,3.2);
#8131=ORIENTED_EDGE('',*,*,#7790,.F.);
#8132=ORIENTED_EDGE('',*,*,#7706,.F.);
#8133=ORIENTED_EDGE('',*,*,#5355,.F.);
#8134=ORIENTED_EDGE('',*,*,#7742,.F.);
#8135=EDGE_LOOP('',(#8131,#8132,#8133,#8134));
#8136=FACE_BOUND('',#8135,.T.);
#8137=ADVANCED_FACE('',(#8136),#8130,.T.);
#8138=CARTESIAN_POINT('',(4710.1,-282.2,2.9));
#8139=DIRECTION('',(0.,0.,-1.));
#8140=DIRECTION('',(-1.,0.,-0.));
#8141=AXIS2_PLACEMENT_3D('',#8138,#8139,#8140);
#8142=CYLINDRICAL_SURFACE('',#8141,2.5);
#8143=ORIENTED_EDGE('',*,*,#7776,.F.);
#8144=ORIENTED_EDGE('',*,*,#5470,.F.);
#8145=ORIENTED_EDGE('',*,*,#5380,.F.);
#8146=ORIENTED_EDGE('',*,*,#7837,.F.);
#8147=EDGE_LOOP('',(#8143,#8144,#8145,#8146));
#8148=FACE_BOUND('',#8147,.T.);
#8149=ADVANCED_FACE('',(#8148),#8142,.T.);
#8150=CARTESIAN_POINT('',(4692.3,-282.2,2.9));
#8151=DIRECTION('',(0.,0.,-1.));
#8152=DIRECTION('',(-1.,0.,-0.));
#8153=AXIS2_PLACEMENT_3D('',#8150,#8151,#8152);
#8154=CYLINDRICAL_SURFACE('',#8153,2.5);
#8155=ORIENTED_EDGE('',*,*,#7641,.F.);
#8156=ORIENTED_EDGE('',*,*,#7687,.F.);
#8157=ORIENTED_EDGE('',*,*,#5199,.F.);
#8158=ORIENTED_EDGE('',*,*,#5439,.F.);
#8159=EDGE_LOOP('',(#8155,#8156,#8157,#8158));
#8160=FACE_BOUND('',#8159,.T.);
#8161=ADVANCED_FACE('',(#8160),#8154,.T.);
#8162=CARTESIAN_POINT('',(4690.75,-279.9,-0.3));
#8163=DIRECTION('',(0.,-1.,-0.));
#8164=DIRECTION('',(-0.,-0.,1.));
#8165=AXIS2_PLACEMENT_3D('',#8162,#8163,#8164);
#8166=PLANE('',#8165);
#8167=CARTESIAN_POINT('',(4687.8,-279.9,4.7));
#8168=VERTEX_POINT('',#8167);
#8169=CARTESIAN_POINT('',(4686.1,-279.9,4.7));
#8170=VERTEX_POINT('',#8169);
#8171=CARTESIAN_POINT('',(4687.8,-279.9,4.7));
#8172=DIRECTION('',(-1.,-0.,-0.));
#8173=VECTOR('',#8172,1.7);
#8174=LINE('',#8171,#8173);
#8175=EDGE_CURVE('',#8168,#8170,#8174,.T.);
#8176=ORIENTED_EDGE('',*,*,#8175,.F.);
#8177=CARTESIAN_POINT('',(4687.8,-279.9,3.9));
#8178=DIRECTION('',(-0.,-0.,1.));
#8179=VECTOR('',#8178,0.8);
#8180=LINE('',#8177,#8179);
#8181=EDGE_CURVE('',#6299,#8168,#8180,.T.);
#8182=ORIENTED_EDGE('',*,*,#8181,.F.);
#8183=ORIENTED_EDGE('',*,*,#6304,.T.);
#8184=CARTESIAN_POINT('',(4686.1,-279.9,4.7));
#8185=DIRECTION('',(0.,0.,-1.));
#8186=VECTOR('',#8185,0.8);
#8187=LINE('',#8184,#8186);
#8188=EDGE_CURVE('',#8170,#6290,#8187,.T.);
#8189=ORIENTED_EDGE('',*,*,#8188,.F.);
#8190=EDGE_LOOP('',(#8176,#8182,#8183,#8189));
#8191=FACE_BOUND('',#8190,.T.);
#8192=ADVANCED_FACE('',(#8191),#8166,.F.);
#8193=CARTESIAN_POINT('',(4690.75,-275.3,-0.3));
#8194=DIRECTION('',(-0.,1.,0.));
#8195=DIRECTION('',(0.,0.,-1.));
#8196=AXIS2_PLACEMENT_3D('',#8193,#8194,#8195);
#8197=PLANE('',#8196);
#8198=CARTESIAN_POINT('',(4679.7,-275.3,4.7));
#8199=VERTEX_POINT('',#8198);
#8200=CARTESIAN_POINT('',(4687.8,-275.3,4.7));
#8201=VERTEX_POINT('',#8200);
#8202=CARTESIAN_POINT('',(4679.7,-275.3,4.7));
#8203=DIRECTION('',(1.,0.,0.));
#8204=VECTOR('',#8203,8.1);
#8205=LINE('',#8202,#8204);
#8206=EDGE_CURVE('',#8199,#8201,#8205,.T.);
#8207=ORIENTED_EDGE('',*,*,#8206,.F.);
#8208=CARTESIAN_POINT('',(4679.7,-275.3,3.9));
#8209=DIRECTION('',(-0.,-0.,1.));
#8210=VECTOR('',#8209,0.8);
#8211=LINE('',#8208,#8210);
#8212=EDGE_CURVE('',#6255,#8199,#8211,.T.);
#8213=ORIENTED_EDGE('',*,*,#8212,.F.);
#8214=ORIENTED_EDGE('',*,*,#6260,.T.);
#8215=CARTESIAN_POINT('',(4687.8,-275.3,4.7));
#8216=DIRECTION('',(0.,0.,-1.));
#8217=VECTOR('',#8216,0.8);
#8218=LINE('',#8215,#8217);
#8219=EDGE_CURVE('',#8201,#6244,#8218,.T.);
#8220=ORIENTED_EDGE('',*,*,#8219,.F.);
#8221=EDGE_LOOP('',(#8207,#8213,#8214,#8220));
#8222=FACE_BOUND('',#8221,.T.);
#8223=ADVANCED_FACE('',(#8222),#8197,.F.);
#8224=CARTESIAN_POINT('',(4682.15,257.3,4.7));
#8225=DIRECTION('',(-0.,-0.,1.));
#8226=DIRECTION('',(-1.,-0.,-0.));
#8227=AXIS2_PLACEMENT_3D('',#8224,#8225,#8226);
#8228=PLANE('',#8227);
#8229=ORIENTED_EDGE('',*,*,#7898,.T.);
#8230=CARTESIAN_POINT('',(4687.8,-277.5,4.7));
#8231=DIRECTION('',(-0.,-0.,1.));
#8232=DIRECTION('',(1.,0.,0.));
#8233=AXIS2_PLACEMENT_3D('',#8230,#8231,#8232);
#8234=CIRCLE('',#8233,2.4);
#8235=EDGE_CURVE('',#8168,#7884,#8234,.T.);
#8236=ORIENTED_EDGE('',*,*,#8235,.F.);
#8237=ORIENTED_EDGE('',*,*,#8175,.T.);
#8238=CARTESIAN_POINT('',(4685.2,-280.8,4.7));
#8239=VERTEX_POINT('',#8238);
#8240=CARTESIAN_POINT('',(4686.1,-280.8,4.7));
#8241=DIRECTION('',(0.,0.,-1.));
#8242=DIRECTION('',(1.,0.,0.));
#8243=AXIS2_PLACEMENT_3D('',#8240,#8241,#8242);
#8244=CIRCLE('',#8243,0.9);
#8245=EDGE_CURVE('',#8239,#8170,#8244,.T.);
#8246=ORIENTED_EDGE('',*,*,#8245,.F.);
#8247=CARTESIAN_POINT('',(4679.7,-286.3,4.7));
#8248=VERTEX_POINT('',#8247);
#8249=CARTESIAN_POINT('',(4679.7,-280.8,4.7));
#8250=DIRECTION('',(-0.,-0.,1.));
#8251=DIRECTION('',(1.,0.,0.));
#8252=AXIS2_PLACEMENT_3D('',#8249,#8250,#8251);
#8253=CIRCLE('',#8252,5.5);
#8254=EDGE_CURVE('',#8248,#8239,#8253,.T.);
#8255=ORIENTED_EDGE('',*,*,#8254,.F.);
#8256=CARTESIAN_POINT('',(4674.2,-280.8,4.7));
#8257=VERTEX_POINT('',#8256);
#8258=CARTESIAN_POINT('',(4679.7,-280.8,4.7));
#8259=DIRECTION('',(-0.,-0.,1.));
#8260=DIRECTION('',(1.,0.,0.));
#8261=AXIS2_PLACEMENT_3D('',#8258,#8259,#8260);
#8262=CIRCLE('',#8261,5.5);
#8263=EDGE_CURVE('',#8257,#8248,#8262,.T.);
#8264=ORIENTED_EDGE('',*,*,#8263,.F.);
#8265=CARTESIAN_POINT('',(4679.7,-280.8,4.7));
#8266=DIRECTION('',(-0.,-0.,1.));
#8267=DIRECTION('',(1.,0.,0.));
#8268=AXIS2_PLACEMENT_3D('',#8265,#8266,#8267);
#8269=CIRCLE('',#8268,5.5);
#8270=EDGE_CURVE('',#8199,#8257,#8269,.T.);
#8271=ORIENTED_EDGE('',*,*,#8270,.F.);
#8272=ORIENTED_EDGE('',*,*,#8206,.T.);
#8273=CARTESIAN_POINT('',(4687.8,-277.7,4.7));
#8274=DIRECTION('',(-0.,-0.,1.));
#8275=DIRECTION('',(1.,0.,0.));
#8276=AXIS2_PLACEMENT_3D('',#8273,#8274,#8275);
#8277=CIRCLE('',#8276,2.4);
#8278=EDGE_CURVE('',#7892,#8201,#8277,.T.);
#8279=ORIENTED_EDGE('',*,*,#8278,.F.);
#8280=EDGE_LOOP('',(#8229,#8236,#8237,#8246,#8255,#8264,#8271,#8272,#8279));
#8281=FACE_BOUND('',#8280,.T.);
#8282=ADVANCED_FACE('',(#8281),#8228,.F.);
#8283=CARTESIAN_POINT('',(4679.7,-280.8,-0.3));
#8284=DIRECTION('',(0.,0.,-1.));
#8285=DIRECTION('',(-1.,0.,-0.));
#8286=AXIS2_PLACEMENT_3D('',#8283,#8284,#8285);
#8287=CYLINDRICAL_SURFACE('',#8286,5.5);
#8288=CARTESIAN_POINT('',(4674.2,-280.8,4.7));
#8289=DIRECTION('',(0.,0.,-1.));
#8290=VECTOR('',#8289,0.8);
#8291=LINE('',#8288,#8290);
#8292=EDGE_CURVE('',#8257,#6263,#8291,.T.);
#8293=ORIENTED_EDGE('',*,*,#8292,.T.);
#8294=ORIENTED_EDGE('',*,*,#6269,.T.);
#8295=ORIENTED_EDGE('',*,*,#8212,.T.);
#8296=ORIENTED_EDGE('',*,*,#8270,.T.);
#8297=EDGE_LOOP('',(#8293,#8294,#8295,#8296));
#8298=FACE_BOUND('',#8297,.T.);
#8299=ADVANCED_FACE('',(#8298),#8287,.F.);
#8300=CARTESIAN_POINT('',(4679.7,-280.8,-0.3));
#8301=DIRECTION('',(0.,0.,-1.));
#8302=DIRECTION('',(-1.,0.,-0.));
#8303=AXIS2_PLACEMENT_3D('',#8300,#8301,#8302);
#8304=CYLINDRICAL_SURFACE('',#8303,5.5);
#8305=ORIENTED_EDGE('',*,*,#8263,.T.);
#8306=CARTESIAN_POINT('',(4679.7,-286.3,4.7));
#8307=DIRECTION('',(0.,0.,-1.));
#8308=VECTOR('',#8307,0.8);
#8309=LINE('',#8306,#8308);
#8310=EDGE_CURVE('',#8248,#6272,#8309,.T.);
#8311=ORIENTED_EDGE('',*,*,#8310,.T.);
#8312=ORIENTED_EDGE('',*,*,#6278,.T.);
#8313=ORIENTED_EDGE('',*,*,#8292,.F.);
#8314=EDGE_LOOP('',(#8305,#8311,#8312,#8313));
#8315=FACE_BOUND('',#8314,.T.);
#8316=ADVANCED_FACE('',(#8315),#8304,.F.);
#8317=CARTESIAN_POINT('',(4687.8,-277.5,-0.3));
#8318=DIRECTION('',(0.,0.,-1.));
#8319=DIRECTION('',(-1.,0.,-0.));
#8320=AXIS2_PLACEMENT_3D('',#8317,#8318,#8319);
#8321=CYLINDRICAL_SURFACE('',#8320,2.4);
#8322=ORIENTED_EDGE('',*,*,#7889,.T.);
#8323=ORIENTED_EDGE('',*,*,#6313,.T.);
#8324=ORIENTED_EDGE('',*,*,#8181,.T.);
#8325=ORIENTED_EDGE('',*,*,#8235,.T.);
#8326=EDGE_LOOP('',(#8322,#8323,#8324,#8325));
#8327=FACE_BOUND('',#8326,.T.);
#8328=ADVANCED_FACE('',(#8327),#8321,.F.);
#8329=CARTESIAN_POINT('',(4687.8,-277.7,-0.3));
#8330=DIRECTION('',(0.,0.,-1.));
#8331=DIRECTION('',(-1.,0.,-0.));
#8332=AXIS2_PLACEMENT_3D('',#8329,#8330,#8331);
#8333=CYLINDRICAL_SURFACE('',#8332,2.4);
#8334=ORIENTED_EDGE('',*,*,#7904,.T.);
#8335=ORIENTED_EDGE('',*,*,#8278,.T.);
#8336=ORIENTED_EDGE('',*,*,#8219,.T.);
#8337=ORIENTED_EDGE('',*,*,#6252,.T.);
#8338=EDGE_LOOP('',(#8334,#8335,#8336,#8337));
#8339=FACE_BOUND('',#8338,.T.);
#8340=ADVANCED_FACE('',(#8339),#8333,.F.);
#8341=CARTESIAN_POINT('',(4679.7,-280.8,-0.3));
#8342=DIRECTION('',(0.,0.,-1.));
#8343=DIRECTION('',(-1.,0.,-0.));
#8344=AXIS2_PLACEMENT_3D('',#8341,#8342,#8343);
#8345=CYLINDRICAL_SURFACE('',#8344,5.5);
#8346=ORIENTED_EDGE('',*,*,#8254,.T.);
#8347=CARTESIAN_POINT('',(4685.2,-280.8,4.7));
#8348=DIRECTION('',(0.,0.,-1.));
#8349=VECTOR('',#8348,0.8);
#8350=LINE('',#8347,#8349);
#8351=EDGE_CURVE('',#8239,#6281,#8350,.T.);
#8352=ORIENTED_EDGE('',*,*,#8351,.T.);
#8353=ORIENTED_EDGE('',*,*,#6287,.T.);
#8354=ORIENTED_EDGE('',*,*,#8310,.F.);
#8355=EDGE_LOOP('',(#8346,#8352,#8353,#8354));
#8356=FACE_BOUND('',#8355,.T.);
#8357=ADVANCED_FACE('',(#8356),#8345,.F.);
#8358=CARTESIAN_POINT('',(4686.1,-280.8,-0.3));
#8359=DIRECTION('',(0.,0.,-1.));
#8360=DIRECTION('',(-1.,0.,-0.));
#8361=AXIS2_PLACEMENT_3D('',#8358,#8359,#8360);
#8362=CYLINDRICAL_SURFACE('',#8361,0.9);
#8363=ORIENTED_EDGE('',*,*,#6296,.T.);
#8364=ORIENTED_EDGE('',*,*,#8351,.F.);
#8365=ORIENTED_EDGE('',*,*,#8245,.T.);
#8366=ORIENTED_EDGE('',*,*,#8188,.T.);
#8367=EDGE_LOOP('',(#8363,#8364,#8365,#8366));
#8368=FACE_BOUND('',#8367,.T.);
#8369=ADVANCED_FACE('',(#8368),#8362,.T.);
#8370=CARTESIAN_POINT('',(4711.65,-279.9,8.9));
#8371=DIRECTION('',(0.,-1.,0.));
#8372=DIRECTION('',(0.,-0.,-1.));
#8373=AXIS2_PLACEMENT_3D('',#8370,#8371,#8372);
#8374=PLANE('',#8373);
#8375=ORIENTED_EDGE('',*,*,#6197,.F.);
#8376=CARTESIAN_POINT('',(4714.6,-279.9,4.7));
#8377=VERTEX_POINT('',#8376);
#8378=CARTESIAN_POINT('',(4714.6,-279.9,4.7));
#8379=DIRECTION('',(0.,-0.,-1.));
#8380=VECTOR('',#8379,0.8);
#8381=LINE('',#8378,#8380);
#8382=EDGE_CURVE('',#8377,#6183,#8381,.T.);
#8383=ORIENTED_EDGE('',*,*,#8382,.F.);
#8384=CARTESIAN_POINT('',(4716.3,-279.9,4.7));
#8385=VERTEX_POINT('',#8384);
#8386=CARTESIAN_POINT('',(4714.6,-279.9,4.7));
#8387=DIRECTION('',(1.,0.,0.));
#8388=VECTOR('',#8387,1.7);
#8389=LINE('',#8386,#8388);
#8390=EDGE_CURVE('',#8377,#8385,#8389,.T.);
#8391=ORIENTED_EDGE('',*,*,#8390,.T.);
#8392=CARTESIAN_POINT('',(4716.3,-279.9,3.9));
#8393=DIRECTION('',(-0.,0.,1.));
#8394=VECTOR('',#8393,0.8);
#8395=LINE('',#8392,#8394);
#8396=EDGE_CURVE('',#6192,#8385,#8395,.T.);
#8397=ORIENTED_EDGE('',*,*,#8396,.F.);
#8398=EDGE_LOOP('',(#8375,#8383,#8391,#8397));
#8399=FACE_BOUND('',#8398,.T.);
#8400=ADVANCED_FACE('',(#8399),#8374,.F.);
#8401=CARTESIAN_POINT('',(4711.65,-275.3,8.9));
#8402=DIRECTION('',(-0.,1.,-0.));
#8403=DIRECTION('',(-0.,0.,1.));
#8404=AXIS2_PLACEMENT_3D('',#8401,#8402,#8403);
#8405=PLANE('',#8404);
#8406=ORIENTED_EDGE('',*,*,#6239,.F.);
#8407=CARTESIAN_POINT('',(4722.7,-275.3,4.7));
#8408=VERTEX_POINT('',#8407);
#8409=CARTESIAN_POINT('',(4722.7,-275.3,4.7));
#8410=DIRECTION('',(0.,-0.,-1.));
#8411=VECTOR('',#8410,0.8);
#8412=LINE('',#8409,#8411);
#8413=EDGE_CURVE('',#8408,#6227,#8412,.T.);
#8414=ORIENTED_EDGE('',*,*,#8413,.F.);
#8415=CARTESIAN_POINT('',(4714.6,-275.3,4.7));
#8416=VERTEX_POINT('',#8415);
#8417=CARTESIAN_POINT('',(4722.7,-275.3,4.7));
#8418=DIRECTION('',(-1.,-0.,-0.));
#8419=VECTOR('',#8418,8.1);
#8420=LINE('',#8417,#8419);
#8421=EDGE_CURVE('',#8408,#8416,#8420,.T.);
#8422=ORIENTED_EDGE('',*,*,#8421,.T.);
#8423=CARTESIAN_POINT('',(4714.6,-275.3,3.9));
#8424=DIRECTION('',(-0.,0.,1.));
#8425=VECTOR('',#8424,0.8);
#8426=LINE('',#8423,#8425);
#8427=EDGE_CURVE('',#6165,#8416,#8426,.T.);
#8428=ORIENTED_EDGE('',*,*,#8427,.F.);
#8429=EDGE_LOOP('',(#8406,#8414,#8422,#8428));
#8430=FACE_BOUND('',#8429,.T.);
#8431=ADVANCED_FACE('',(#8430),#8405,.F.);
#8432=CARTESIAN_POINT('',(4720.25,257.3,4.7));
#8433=DIRECTION('',(0.,-0.,-1.));
#8434=DIRECTION('',(1.,0.,0.));
#8435=AXIS2_PLACEMENT_3D('',#8432,#8433,#8434);
#8436=PLANE('',#8435);
#8437=CARTESIAN_POINT('',(4714.6,-277.7,4.7));
#8438=DIRECTION('',(-0.,0.,1.));
#8439=DIRECTION('',(-1.,-0.,-0.));
#8440=AXIS2_PLACEMENT_3D('',#8437,#8438,#8439);
#8441=CIRCLE('',#8440,2.4);
#8442=EDGE_CURVE('',#8416,#7987,#8441,.T.);
#8443=ORIENTED_EDGE('',*,*,#8442,.F.);
#8444=ORIENTED_EDGE('',*,*,#8421,.F.);
#8445=CARTESIAN_POINT('',(4728.2,-280.8,4.7));
#8446=VERTEX_POINT('',#8445);
#8447=CARTESIAN_POINT('',(4722.7,-280.8,4.7));
#8448=DIRECTION('',(-0.,0.,1.));
#8449=DIRECTION('',(-1.,-0.,-0.));
#8450=AXIS2_PLACEMENT_3D('',#8447,#8448,#8449);
#8451=CIRCLE('',#8450,5.5);
#8452=EDGE_CURVE('',#8446,#8408,#8451,.T.);
#8453=ORIENTED_EDGE('',*,*,#8452,.F.);
#8454=CARTESIAN_POINT('',(4722.7,-286.3,4.7));
#8455=VERTEX_POINT('',#8454);
#8456=CARTESIAN_POINT('',(4722.7,-280.8,4.7));
#8457=DIRECTION('',(-0.,0.,1.));
#8458=DIRECTION('',(-1.,-0.,-0.));
#8459=AXIS2_PLACEMENT_3D('',#8456,#8457,#8458);
#8460=CIRCLE('',#8459,5.5);
#8461=EDGE_CURVE('',#8455,#8446,#8460,.T.);
#8462=ORIENTED_EDGE('',*,*,#8461,.F.);
#8463=CARTESIAN_POINT('',(4717.2,-280.8,4.7));
#8464=VERTEX_POINT('',#8463);
#8465=CARTESIAN_POINT('',(4722.7,-280.8,4.7));
#8466=DIRECTION('',(-0.,0.,1.));
#8467=DIRECTION('',(-1.,-0.,-0.));
#8468=AXIS2_PLACEMENT_3D('',#8465,#8466,#8467);
#8469=CIRCLE('',#8468,5.5);
#8470=EDGE_CURVE('',#8464,#8455,#8469,.T.);
#8471=ORIENTED_EDGE('',*,*,#8470,.F.);
#8472=CARTESIAN_POINT('',(4716.3,-280.8,4.7));
#8473=DIRECTION('',(0.,-0.,-1.));
#8474=DIRECTION('',(-1.,-0.,-0.));
#8475=AXIS2_PLACEMENT_3D('',#8472,#8473,#8474);
#8476=CIRCLE('',#8475,0.9);
#8477=EDGE_CURVE('',#8385,#8464,#8476,.T.);
#8478=ORIENTED_EDGE('',*,*,#8477,.F.);
#8479=ORIENTED_EDGE('',*,*,#8390,.F.);
#8480=CARTESIAN_POINT('',(4714.6,-277.5,4.7));
#8481=DIRECTION('',(-0.,0.,1.));
#8482=DIRECTION('',(-1.,-0.,-0.));
#8483=AXIS2_PLACEMENT_3D('',#8480,#8481,#8482);
#8484=CIRCLE('',#8483,2.4);
#8485=EDGE_CURVE('',#7971,#8377,#8484,.T.);
#8486=ORIENTED_EDGE('',*,*,#8485,.F.);
#8487=ORIENTED_EDGE('',*,*,#7977,.F.);
#8488=ORIENTED_EDGE('',*,*,#7999,.F.);
#8489=EDGE_LOOP('',(#8443,#8444,#8453,#8462,#8471,#8478,#8479,#8486,#8487,#8488));
#8490=FACE_BOUND('',#8489,.T.);
#8491=ADVANCED_FACE('',(#8490),#8436,.T.);
#8492=CARTESIAN_POINT('',(4722.7,-280.8,8.9));
#8493=DIRECTION('',(-0.,0.,1.));
#8494=DIRECTION('',(1.,0.,0.));
#8495=AXIS2_PLACEMENT_3D('',#8492,#8493,#8494);
#8496=CYLINDRICAL_SURFACE('',#8495,5.5);
#8497=CARTESIAN_POINT('',(4728.2,-280.8,3.9));
#8498=DIRECTION('',(-0.,0.,1.));
#8499=VECTOR('',#8498,0.8);
#8500=LINE('',#8497,#8499);
#8501=EDGE_CURVE('',#6218,#8446,#8500,.T.);
#8502=ORIENTED_EDGE('',*,*,#8501,.T.);
#8503=ORIENTED_EDGE('',*,*,#8452,.T.);
#8504=ORIENTED_EDGE('',*,*,#8413,.T.);
#8505=ORIENTED_EDGE('',*,*,#6233,.T.);
#8506=EDGE_LOOP('',(#8502,#8503,#8504,#8505));
#8507=FACE_BOUND('',#8506,.T.);
#8508=ADVANCED_FACE('',(#8507),#8496,.F.);
#8509=CARTESIAN_POINT('',(4722.7,-280.8,8.9));
#8510=DIRECTION('',(-0.,0.,1.));
#8511=DIRECTION('',(1.,0.,0.));
#8512=AXIS2_PLACEMENT_3D('',#8509,#8510,#8511);
#8513=CYLINDRICAL_SURFACE('',#8512,5.5);
#8514=ORIENTED_EDGE('',*,*,#6224,.T.);
#8515=CARTESIAN_POINT('',(4722.7,-286.3,3.9));
#8516=DIRECTION('',(-0.,0.,1.));
#8517=VECTOR('',#8516,0.8);
#8518=LINE('',#8515,#8517);
#8519=EDGE_CURVE('',#6209,#8455,#8518,.T.);
#8520=ORIENTED_EDGE('',*,*,#8519,.T.);
#8521=ORIENTED_EDGE('',*,*,#8461,.T.);
#8522=ORIENTED_EDGE('',*,*,#8501,.F.);
#8523=EDGE_LOOP('',(#8514,#8520,#8521,#8522));
#8524=FACE_BOUND('',#8523,.T.);
#8525=ADVANCED_FACE('',(#8524),#8513,.F.);
#8526=CARTESIAN_POINT('',(4714.6,-277.5,8.9));
#8527=DIRECTION('',(-0.,0.,1.));
#8528=DIRECTION('',(1.,0.,0.));
#8529=AXIS2_PLACEMENT_3D('',#8526,#8527,#8528);
#8530=CYLINDRICAL_SURFACE('',#8529,2.4);
#8531=ORIENTED_EDGE('',*,*,#7983,.T.);
#8532=ORIENTED_EDGE('',*,*,#8485,.T.);
#8533=ORIENTED_EDGE('',*,*,#8382,.T.);
#8534=ORIENTED_EDGE('',*,*,#6189,.T.);
#8535=EDGE_LOOP('',(#8531,#8532,#8533,#8534));
#8536=FACE_BOUND('',#8535,.T.);
#8537=ADVANCED_FACE('',(#8536),#8530,.F.);
#8538=CARTESIAN_POINT('',(4714.6,-277.7,8.9));
#8539=DIRECTION('',(-0.,0.,1.));
#8540=DIRECTION('',(1.,0.,0.));
#8541=AXIS2_PLACEMENT_3D('',#8538,#8539,#8540);
#8542=CYLINDRICAL_SURFACE('',#8541,2.4);
#8543=ORIENTED_EDGE('',*,*,#7992,.T.);
#8544=ORIENTED_EDGE('',*,*,#6171,.T.);
#8545=ORIENTED_EDGE('',*,*,#8427,.T.);
#8546=ORIENTED_EDGE('',*,*,#8442,.T.);
#8547=EDGE_LOOP('',(#8543,#8544,#8545,#8546));
#8548=FACE_BOUND('',#8547,.T.);
#8549=ADVANCED_FACE('',(#8548),#8542,.F.);
#8550=CARTESIAN_POINT('',(4722.7,-280.8,8.9));
#8551=DIRECTION('',(-0.,0.,1.));
#8552=DIRECTION('',(1.,0.,0.));
#8553=AXIS2_PLACEMENT_3D('',#8550,#8551,#8552);
#8554=CYLINDRICAL_SURFACE('',#8553,5.5);
#8555=ORIENTED_EDGE('',*,*,#6215,.T.);
#8556=CARTESIAN_POINT('',(4717.2,-280.8,3.9));
#8557=DIRECTION('',(-0.,0.,1.));
#8558=VECTOR('',#8557,0.8);
#8559=LINE('',#8556,#8558);
#8560=EDGE_CURVE('',#6200,#8464,#8559,.T.);
#8561=ORIENTED_EDGE('',*,*,#8560,.T.);
#8562=ORIENTED_EDGE('',*,*,#8470,.T.);
#8563=ORIENTED_EDGE('',*,*,#8519,.F.);
#8564=EDGE_LOOP('',(#8555,#8561,#8562,#8563));
#8565=FACE_BOUND('',#8564,.T.);
#8566=ADVANCED_FACE('',(#8565),#8554,.F.);
#8567=CARTESIAN_POINT('',(4716.3,-280.8,8.9));
#8568=DIRECTION('',(-0.,0.,1.));
#8569=DIRECTION('',(1.,0.,0.));
#8570=AXIS2_PLACEMENT_3D('',#8567,#8568,#8569);
#8571=CYLINDRICAL_SURFACE('',#8570,0.9);
#8572=ORIENTED_EDGE('',*,*,#8477,.T.);
#8573=ORIENTED_EDGE('',*,*,#8560,.F.);
#8574=ORIENTED_EDGE('',*,*,#6206,.T.);
#8575=ORIENTED_EDGE('',*,*,#8396,.T.);
#8576=EDGE_LOOP('',(#8572,#8573,#8574,#8575));
#8577=FACE_BOUND('',#8576,.T.);
#8578=ADVANCED_FACE('',(#8577),#8571,.T.);
#8579=CARTESIAN_POINT('',(4707.4,-365.,-7.9));
#8580=DIRECTION('',(1.,-0.,-0.));
#8581=DIRECTION('',(0.,1.,-0.));
#8582=AXIS2_PLACEMENT_3D('',#8579,#8580,#8581);
#8583=PLANE('',#8582);
#8584=ORIENTED_EDGE('',*,*,#5998,.F.);
#8585=ORIENTED_EDGE('',*,*,#7759,.F.);
#8586=ORIENTED_EDGE('',*,*,#4888,.T.);
#8587=ORIENTED_EDGE('',*,*,#5486,.T.);
#8588=EDGE_LOOP('',(#8584,#8585,#8586,#8587));
#8589=FACE_BOUND('',#8588,.T.);
#8590=ADVANCED_FACE('',(#8589),#8583,.F.);
#8591=CARTESIAN_POINT('',(4708.6,-365.,-7.9));
#8592=DIRECTION('',(-1.,0.,0.));
#8593=DIRECTION('',(-0.,-1.,0.));
#8594=AXIS2_PLACEMENT_3D('',#8591,#8592,#8593);
#8595=PLANE('',#8594);
#8596=ORIENTED_EDGE('',*,*,#5463,.F.);
#8597=ORIENTED_EDGE('',*,*,#7766,.F.);
#8598=ORIENTED_EDGE('',*,*,#5983,.F.);
#8599=ORIENTED_EDGE('',*,*,#5088,.T.);
#8600=EDGE_LOOP('',(#8596,#8597,#8598,#8599));
#8601=FACE_BOUND('',#8600,.T.);
#8602=ADVANCED_FACE('',(#8601),#8595,.F.);
#8603=CARTESIAN_POINT('',(4693.8,-365.,-7.9));
#8604=DIRECTION('',(1.,-0.,-0.));
#8605=DIRECTION('',(0.,1.,-0.));
#8606=AXIS2_PLACEMENT_3D('',#8603,#8604,#8605);
#8607=PLANE('',#8606);
#8608=ORIENTED_EDGE('',*,*,#5425,.F.);
#8609=ORIENTED_EDGE('',*,*,#5182,.T.);
#8610=ORIENTED_EDGE('',*,*,#6022,.F.);
#8611=ORIENTED_EDGE('',*,*,#7609,.F.);
#8612=EDGE_LOOP('',(#8608,#8609,#8610,#8611));
#8613=FACE_BOUND('',#8612,.T.);
#8614=ADVANCED_FACE('',(#8613),#8607,.F.);
#8615=CARTESIAN_POINT('',(4695.,-365.,-7.9));
#8616=DIRECTION('',(-1.,0.,0.));
#8617=DIRECTION('',(-0.,-1.,0.));
#8618=AXIS2_PLACEMENT_3D('',#8615,#8616,#8617);
#8619=PLANE('',#8618);
#8620=ORIENTED_EDGE('',*,*,#6007,.F.);
#8621=ORIENTED_EDGE('',*,*,#5495,.T.);
#8622=ORIENTED_EDGE('',*,*,#5064,.F.);
#8623=ORIENTED_EDGE('',*,*,#7616,.F.);
#8624=EDGE_LOOP('',(#8620,#8621,#8622,#8623));
#8625=FACE_BOUND('',#8624,.T.);
#8626=ADVANCED_FACE('',(#8625),#8619,.F.);
#8627=CARTESIAN_POINT('',(4701.,-303.4,23.9));
#8628=DIRECTION('',(-0.,-0.,1.));
#8629=DIRECTION('',(-1.,-0.,-0.));
#8630=AXIS2_PLACEMENT_3D('',#8627,#8628,#8629);
#8631=CYLINDRICAL_SURFACE('',#8630,18.6);
#8632=ORIENTED_EDGE('',*,*,#5836,.F.);
#8633=ORIENTED_EDGE('',*,*,#5918,.T.);
#8634=ORIENTED_EDGE('',*,*,#6492,.F.);
#8635=ORIENTED_EDGE('',*,*,#5157,.F.);
#8636=EDGE_LOOP('',(#8632,#8633,#8634,#8635));
#8637=FACE_BOUND('',#8636,.T.);
#8638=ADVANCED_FACE('',(#8637),#8631,.T.);
#8639=CLOSED_SHELL('',(#5074,#5412,#5443,#5474,#5506,#5638,#5655,#5718,#5760,#5780,#5792,#5824,#5856,#5897,#5938,#6048,#6156,#6402,#6419,#6436,#6448,#6458,#6470,#6482,#6499,#6511,
#6536,#6545,#6570,#6579,#6621,#6641,#6666,#6675,#6700,#6709,#6728,#6747,#6808,#6825,#6842,#6859,#6871,#6923,#6940,#6957,#6974,#6986,#7011,#7031,#7056,
#7076,#7094,#7111,#7135,#7159,#7196,#7220,#7244,#7281,#7316,#7326,#7361,#7371,#7383,#7395,#7412,#7429,#7441,#7463,#7485,#7502,#7514,#7531,#7543,#7567,
#7598,#7676,#7693,#7724,#7748,#7826,#7843,#7868,#7917,#7929,#7954,#8011,#8023,#8058,#8068,#8103,#8113,#8125,#8137,#8149,#8161,#8192,#8223,#8282,#8299,
#8316,#8328,#8340,#8357,#8369,#8400,#8431,#8491,#8508,#8525,#8537,#8549,#8566,#8578,#8590,#8602,#8614,#8626,#8638));
#8640=MANIFOLD_SOLID_BREP('bottom',#8639);
#4820=STYLED_ITEM('',(#619),#8640);
#4801=SHAPE_REPRESENTATION('planck.x_t',(#15),#4799);
#4802=ADVANCED_BREP_SHAPE_REPRESENTATION('planck.x_t',(#8640),#4799);
#8648=SHAPE_REPRESENTATION_RELATIONSHIP('','',#4801,#4802);
#8649=CARTESIAN_POINT('',(0.,0.,0.));
#8650=DIRECTION('',(0.,0.,1.));
#8651=DIRECTION('',(1.,0.,0.));
#8652=AXIS2_PLACEMENT_3D('',#8649,#8650,#8651);
#8654=MAPPED_ITEM('',#8653,#8652);
#8653=REPRESENTATION_MAP(#8652,#4801);
#4809=PRODUCT('planck.x_t','planck.x_t','',(#4698));
#8655=PRODUCT_RELATED_PRODUCT_CATEGORY('part','',(#4809));
#8656=PRODUCT_DEFINITION_FORMATION_WITH_SPECIFIED_SOURCE('','',#4809,.NOT_KNOWN.);
#4810=PRODUCT_DEFINITION('design','',#8656,#4699);
#4808=PRODUCT_DEFINITION_SHAPE('','',#4810);
#8657=SHAPE_DEFINITION_REPRESENTATION(#4808,#4801);
#4800=DRAUGHTING_MODEL('',(#8654),#4799);
#4773=SHAPE_REPRESENTATION('usb.x_t',(#15,#4814),#4771);
#8658=CARTESIAN_POINT('',(0.,0.,0.));
#8659=DIRECTION('',(0.,0.,1.));
#8660=DIRECTION('',(1.,0.,0.));
#8661=AXIS2_PLACEMENT_3D('',#8658,#8659,#8660);
#8663=MAPPED_ITEM('',#8662,#8661);
#8662=REPRESENTATION_MAP(#8661,#4773);
#4781=PRODUCT('usb.x_t','usb.x_t','',(#4698));
#8664=PRODUCT_RELATED_PRODUCT_CATEGORY('part','',(#4781));
#8665=PRODUCT_DEFINITION_FORMATION_WITH_SPECIFIED_SOURCE('','',#4781,.NOT_KNOWN.);
#4782=PRODUCT_DEFINITION('design','',#8665,#4699);
#4780=PRODUCT_DEFINITION_SHAPE('','',#4782);
#8666=SHAPE_DEFINITION_REPRESENTATION(#4780,#4773);
#4772=DRAUGHTING_MODEL('',(#8663),#4771);
#8667=(NAMED_UNIT(*)PLANE_ANGLE_UNIT()SI_UNIT($,.RADIAN.));
#8668=PLANE_ANGLE_MEASURE_WITH_UNIT(PLANE_ANGLE_MEASURE(0.0174532925),#8667);
#8669=(CONVERSION_BASED_UNIT('DEGREE',#8668)NAMED_UNIT(#8670)PLANE_ANGLE_UNIT());
#8670=DIMENSIONAL_EXPONENTS(0.,0.,0.,0.,0.,0.,0.);
#8671=(NAMED_UNIT(*)SI_UNIT($,.STERADIAN.)SOLID_ANGLE_UNIT());
#8672=(LENGTH_UNIT()NAMED_UNIT(*)SI_UNIT(.MILLI.,.METRE.));
#8673=UNCERTAINTY_MEASURE_WITH_UNIT(LENGTH_MEASURE(1.000000E-03),#8672,'DISTANCE_ACCURACY_VALUE','Maximum Tolerance applied to model');
#8674=(GEOMETRIC_REPRESENTATION_CONTEXT(3)GLOBAL_UNCERTAINTY_ASSIGNED_CONTEXT((#8673))GLOBAL_UNIT_ASSIGNED_CONTEXT((#8672,#8669,#8671))REPRESENTATION_CONTEXT('','usb.x_t'));
#8686=CARTESIAN_POINT('',(0.,0.,0.));
#8687=DIRECTION('',(0.,0.,1.));
#8688=DIRECTION('',(1.,0.,-0.));
#8689=AXIS2_PLACEMENT_3D('',#8686,#8687,#8688);
#8690=ITEM_DEFINED_TRANSFORMATION('','',#8689,#15);
#8691=(REPRESENTATION_RELATIONSHIP('','',#8676,#16)REPRESENTATION_RELATIONSHIP_WITH_TRANSFORMATION(#8690)SHAPE_REPRESENTATION_RELATIONSHIP());
#8692=NEXT_ASSEMBLY_USAGE_OCCURRENCE('usb.x_t_9','usb.x_t','usb.x_t',#25,#8685,$);
#8693=PRODUCT_DEFINITION_SHAPE('','',#8692);
#8694=CONTEXT_DEPENDENT_SHAPE_REPRESENTATION(#8691,#8693);
#8695=(NAMED_UNIT(*)PLANE_ANGLE_UNIT()SI_UNIT($,.RADIAN.));
#8696=PLANE_ANGLE_MEASURE_WITH_UNIT(PLANE_ANGLE_MEASURE(0.0174532925),#8695);
#8697=(CONVERSION_BASED_UNIT('DEGREE',#8696)NAMED_UNIT(#8698)PLANE_ANGLE_UNIT());
#8698=DIMENSIONAL_EXPONENTS(0.,0.,0.,0.,0.,0.,0.);
#8699=(NAMED_UNIT(*)SI_UNIT($,.STERADIAN.)SOLID_ANGLE_UNIT());
#8700=(LENGTH_UNIT()NAMED_UNIT(*)SI_UNIT(.MILLI.,.METRE.));
#8701=UNCERTAINTY_MEASURE_WITH_UNIT(LENGTH_MEASURE(1.000000E-03),#8700,'DISTANCE_ACCURACY_VALUE','Maximum Tolerance applied to model');
#8702=(GEOMETRIC_REPRESENTATION_CONTEXT(3)GLOBAL_UNCERTAINTY_ASSIGNED_CONTEXT((#8701))GLOBAL_UNIT_ASSIGNED_CONTEXT((#8700,#8697,#8699))REPRESENTATION_CONTEXT('','bottom'));
#8714=CARTESIAN_POINT('',(0.,0.,0.));
#8715=DIRECTION('',(0.,0.,1.));
#8716=DIRECTION('',(1.,0.,-0.));
#8717=AXIS2_PLACEMENT_3D('',#8714,#8715,#8716);
#8718=ITEM_DEFINED_TRANSFORMATION('','',#8717,#15);
#8719=(REPRESENTATION_RELATIONSHIP('','',#8704,#8676)REPRESENTATION_RELATIONSHIP_WITH_TRANSFORMATION(#8718)SHAPE_REPRESENTATION_RELATIONSHIP());
#8720=NEXT_ASSEMBLY_USAGE_OCCURRENCE('bottom_10','bottom','bottom',#8685,#8713,$);
#8721=PRODUCT_DEFINITION_SHAPE('','',#8720);
#8722=CONTEXT_DEPENDENT_SHAPE_REPRESENTATION(#8719,#8721);
#8723=(NAMED_UNIT(*)PLANE_ANGLE_UNIT()SI_UNIT($,.RADIAN.));
#8724=PLANE_ANGLE_MEASURE_WITH_UNIT(PLANE_ANGLE_MEASURE(0.0174532925),#8723);
#8725=(CONVERSION_BASED_UNIT('DEGREE',#8724)NAMED_UNIT(#8726)PLANE_ANGLE_UNIT());
#8726=DIMENSIONAL_EXPONENTS(0.,0.,0.,0.,0.,0.,0.);
#8727=(NAMED_UNIT(*)SI_UNIT($,.STERADIAN.)SOLID_ANGLE_UNIT());
#8728=(LENGTH_UNIT()NAMED_UNIT(*)SI_UNIT(.MILLI.,.METRE.));
#8729=UNCERTAINTY_MEASURE_WITH_UNIT(LENGTH_MEASURE(1.000000E-05),#8728,'DISTANCE_ACCURACY_VALUE','Maximum Tolerance applied to model');
#8730=(GEOMETRIC_REPRESENTATION_CONTEXT(3)GLOBAL_UNCERTAINTY_ASSIGNED_CONTEXT((#8729))GLOBAL_UNIT_ASSIGNED_CONTEXT((#8728,#8725,#8727))REPRESENTATION_CONTEXT('','usb'));
#8742=CARTESIAN_POINT('',(0.,0.,0.));
#8743=DIRECTION('',(0.,0.,1.));
#8744=DIRECTION('',(1.,0.,-0.));
#8745=AXIS2_PLACEMENT_3D('',#8742,#8743,#8744);
#8746=ITEM_DEFINED_TRANSFORMATION('','',#8745,#15);
#8747=(REPRESENTATION_RELATIONSHIP('','',#8732,#8704)REPRESENTATION_RELATIONSHIP_WITH_TRANSFORMATION(#8746)SHAPE_REPRESENTATION_RELATIONSHIP());
#8748=NEXT_ASSEMBLY_USAGE_OCCURRENCE('usb_11','usb','usb',#8713,#8741,$);
#8749=PRODUCT_DEFINITION_SHAPE('','',#8748);
#8750=CONTEXT_DEPENDENT_SHAPE_REPRESENTATION(#8747,#8749);
#8752=CARTESIAN_POINT('',(4711.887757414,-319.812303154,16.54155982));
#8753=DIRECTION('',(0.984218216,0.176959042,-0.000000011));
#8754=DIRECTION('',(-0.000000012,0.000000004,-1.));
#8755=AXIS2_PLACEMENT_3D('',#8752,#8753,#8754);
#8756=PLANE('',#8755);
#8757=CARTESIAN_POINT('',(4711.382580849,-317.002590786,19.505222541));
#8758=VERTEX_POINT('',#8757);
#8759=CARTESIAN_POINT('',(4711.638848157,-318.427909042,19.505222532));
#8760=DIRECTION('',(0.984218216,0.176959042,-0.000000011));
#8761=DIRECTION('',(-0.176959042,0.984218216,0.000000006));
#8762=AXIS2_PLACEMENT_3D('',#8759,#8760,#8761);
#8763=CIRCLE('',#8762,1.448173009);
#8764=EDGE_CURVE('',#8758,#8758,#8763,.T.);
#8765=ORIENTED_EDGE('',*,*,#8764,.F.);
#8766=EDGE_LOOP('',(#8765));
#8767=FACE_BOUND('',#8766,.T.);
#8768=ADVANCED_FACE('',(#8767),#8756,.F.);
#8769=CARTESIAN_POINT('',(4706.491386887,-319.353404832,19.50522259));
#8770=DIRECTION('',(0.984218216,0.176959042,-0.000000011));
#8771=DIRECTION('',(-0.176959042,0.984218216,0.000000006));
#8772=AXIS2_PLACEMENT_3D('',#8769,#8770,#8771);
#8773=CYLINDRICAL_SURFACE('',#8772,1.448173009);
#8774=CARTESIAN_POINT('',(4705.743010469,-318.016566098,19.505222604));
#8775=VERTEX_POINT('',#8774);
#8776=CARTESIAN_POINT('',(4711.382580849,-317.002590786,19.505222541));
#8777=DIRECTION('',(-0.984218216,-0.176959042,0.000000011));
#8778=VECTOR('',#8777,5.73);
#8779=LINE('',#8776,#8778);
#8780=EDGE_CURVE('',#8758,#8775,#8779,.T.);
#8781=ORIENTED_EDGE('',*,*,#8780,.F.);
#8782=ORIENTED_EDGE('',*,*,#8764,.T.);
#8783=ORIENTED_EDGE('',*,*,#8780,.T.);
#8784=CARTESIAN_POINT('',(4705.999277777,-319.441884353,19.505222595));
#8785=DIRECTION('',(-0.984218216,-0.176959042,0.000000011));
#8786=DIRECTION('',(-0.176959042,0.984218216,0.000000006));
#8787=AXIS2_PLACEMENT_3D('',#8784,#8785,#8786);
#8788=CIRCLE('',#8787,1.448173009);
#8789=EDGE_CURVE('',#8775,#8775,#8788,.T.);
#8790=ORIENTED_EDGE('',*,*,#8789,.T.);
#8791=EDGE_LOOP('',(#8781,#8782,#8783,#8790));
#8792=FACE_BOUND('',#8791,.T.);
#8793=ADVANCED_FACE('',(#8792),#8773,.F.);
#8794=CARTESIAN_POINT('',(4705.999277766,-319.441884349,18.505222595));
#8795=DIRECTION('',(-0.984218216,-0.176959042,0.000000011));
#8796=DIRECTION('',(0.000000012,-0.000000004,1.));
#8797=AXIS2_PLACEMENT_3D('',#8794,#8795,#8796);
#8798=PLANE('',#8797);
#8799=CARTESIAN_POINT('',(4705.696677816,-317.758871203,19.505222606));
#8800=VERTEX_POINT('',#8799);
#8801=CARTESIAN_POINT('',(4705.999277758,-319.441884346,17.795222595));
#8802=VERTEX_POINT('',#8801);
#8803=CARTESIAN_POINT('',(4705.999277778,-319.441884353,19.505222595));
#8804=DIRECTION('',(-0.984218216,-0.176959042,0.000000011));
#8805=DIRECTION('',(-0.176959042,0.984218216,0.000000006));
#8806=AXIS2_PLACEMENT_3D('',#8803,#8804,#8805);
#8807=CIRCLE('',#8806,1.71);
#8808=EDGE_CURVE('',#8800,#8802,#8807,.T.);
#8809=ORIENTED_EDGE('',*,*,#8808,.T.);
#8810=CARTESIAN_POINT('',(4705.999277778,-319.441884353,19.505222595));
#8811=DIRECTION('',(-0.984218216,-0.176959042,0.000000011));
#8812=DIRECTION('',(-0.176959042,0.984218216,0.000000006));
#8813=AXIS2_PLACEMENT_3D('',#8810,#8811,#8812);
#8814=CIRCLE('',#8813,1.71);
#8815=EDGE_CURVE('',#8802,#8800,#8814,.T.);
#8816=ORIENTED_EDGE('',*,*,#8815,.T.);
#8817=EDGE_LOOP('',(#8809,#8816));
#8818=FACE_BOUND('',#8817,.T.);
#8819=ORIENTED_EDGE('',*,*,#8789,.F.);
#8820=EDGE_LOOP('',(#8819));
#8821=FACE_BOUND('',#8820,.T.);
#8822=ADVANCED_FACE('',(#8818,#8821),#8798,.T.);
#8823=CARTESIAN_POINT('',(4706.18627924,-319.408262135,19.505222593));
#8824=DIRECTION('',(0.984218216,0.176959042,-0.000000011));
#8825=DIRECTION('',(-0.000000012,0.000000004,-1.));
#8826=AXIS2_PLACEMENT_3D('',#8823,#8824,#8825);
#8827=CONICAL_SURFACE('',#8826,1.9,44.999999898);
#8828=CARTESIAN_POINT('',(4706.491386861,-319.353404823,17.295222591));
#8829=VERTEX_POINT('',#8828);
#8830=CARTESIAN_POINT('',(4706.491386861,-319.353404823,17.295222591));
#8831=DIRECTION('',(-0.695947368,-0.125128942,0.707106788));
#8832=VECTOR('',#8831,0.707106781);
#8833=LINE('',#8830,#8832);
#8834=EDGE_CURVE('',#8829,#8802,#8833,.T.);
#8835=ORIENTED_EDGE('',*,*,#8834,.T.);
#8836=ORIENTED_EDGE('',*,*,#8808,.F.);
#8837=ORIENTED_EDGE('',*,*,#8815,.F.);
#8838=ORIENTED_EDGE('',*,*,#8834,.F.);
#8839=CARTESIAN_POINT('',(4706.100307404,-317.178282575,19.505222604));
#8840=VERTEX_POINT('',#8839);
#8841=CARTESIAN_POINT('',(4706.491386887,-319.353404832,19.50522259));
#8842=DIRECTION('',(0.984218216,0.176959042,-0.000000011));
#8843=DIRECTION('',(-0.176959042,0.984218216,0.000000006));
#8844=AXIS2_PLACEMENT_3D('',#8841,#8842,#8843);
#8845=CIRCLE('',#8844,2.209999999);
#8846=EDGE_CURVE('',#8840,#8829,#8845,.T.);
#8847=ORIENTED_EDGE('',*,*,#8846,.F.);
#8848=CARTESIAN_POINT('',(4706.491386887,-319.353404832,19.50522259));
#8849=DIRECTION('',(0.984218216,0.176959042,-0.000000011));
#8850=DIRECTION('',(-0.176959042,0.984218216,0.000000006));
#8851=AXIS2_PLACEMENT_3D('',#8848,#8849,#8850);
#8852=CIRCLE('',#8851,2.209999999);
#8853=EDGE_CURVE('',#8829,#8840,#8852,.T.);
#8854=ORIENTED_EDGE('',*,*,#8853,.F.);
#8855=EDGE_LOOP('',(#8835,#8836,#8837,#8838,#8847,#8854));
#8856=FACE_BOUND('',#8855,.T.);
#8857=ADVANCED_FACE('',(#8856),#8827,.T.);
#8858=CARTESIAN_POINT('',(4710.483381816,-318.782618084,19.944959665));
#8859=DIRECTION('',(-0.984218216,-0.176959042,0.000000011));
#8860=DIRECTION('',(0.176959042,-0.984218216,-0.000000006));
#8861=AXIS2_PLACEMENT_3D('',#8858,#8859,#8860);
#8862=CYLINDRICAL_SURFACE('',#8861,2.329225521);
#8863=CARTESIAN_POINT('',(4706.929159922,-321.788229212,19.944959694));
#8864=VERTEX_POINT('',#8863);
#8865=CARTESIAN_POINT('',(4712.863995766,-320.721166188,19.944959628));
#8866=VERTEX_POINT('',#8865);
#8867=CARTESIAN_POINT('',(4706.929159922,-321.788229212,19.944959694));
#8868=DIRECTION('',(0.984218216,0.176959042,-0.000000011));
#8869=VECTOR('',#8868,6.03);
#8870=LINE('',#8867,#8869);
#8871=EDGE_CURVE('',#8864,#8866,#8870,.T.);
#8872=ORIENTED_EDGE('',*,*,#8871,.T.);
#8873=CARTESIAN_POINT('',(4712.451818278,-318.428700016,22.274185163));
#8874=VERTEX_POINT('',#8873);
#8875=CARTESIAN_POINT('',(4712.451818249,-318.4287,19.944959643));
#8876=DIRECTION('',(0.984218216,0.176959042,-0.000000011));
#8877=DIRECTION('',(0.176959042,-0.984218216,-0.000000006));
#8878=AXIS2_PLACEMENT_3D('',#8875,#8876,#8877);
#8879=CIRCLE('',#8878,2.329225521);
#8880=EDGE_CURVE('',#8874,#8866,#8879,.T.);
#8881=ORIENTED_EDGE('',*,*,#8880,.F.);
#8882=CARTESIAN_POINT('',(4706.516982434,-319.49576304,22.27418523));
#8883=VERTEX_POINT('',#8882);
#8884=CARTESIAN_POINT('',(4706.516982433,-319.495763035,22.274185229));
#8885=DIRECTION('',(0.984218216,0.176959042,-0.000000011));
#8886=VECTOR('',#8885,6.03);
#8887=LINE('',#8884,#8886);
#8888=EDGE_CURVE('',#8883,#8874,#8887,.T.);
#8889=ORIENTED_EDGE('',*,*,#8888,.F.);
#8890=CARTESIAN_POINT('',(4706.516982405,-319.495763024,19.944959709));
#8891=DIRECTION('',(-0.984218216,-0.176959042,0.000000011));
#8892=DIRECTION('',(0.176959042,-0.984218216,-0.000000006));
#8893=AXIS2_PLACEMENT_3D('',#8890,#8891,#8892);
#8894=CIRCLE('',#8893,2.329225521);
#8895=EDGE_CURVE('',#8864,#8883,#8894,.T.);
#8896=ORIENTED_EDGE('',*,*,#8895,.F.);
#8897=EDGE_LOOP('',(#8872,#8881,#8889,#8896));
#8898=FACE_BOUND('',#8897,.T.);
#8899=ADVANCED_FACE('',(#8898),#8862,.T.);
#8900=CARTESIAN_POINT('',(4706.538347143,-319.614590366,19.278377997));
#8901=DIRECTION('',(-0.984218216,-0.176959042,0.000000011));
#8902=DIRECTION('',(0.176959042,-0.984218216,-0.000000006));
#8903=AXIS2_PLACEMENT_3D('',#8900,#8901,#8902);
#8904=CYLINDRICAL_SURFACE('',#8903,2.998239043);
#8905=CARTESIAN_POINT('',(4711.950454724,-315.640195353,19.791810729));
#8906=VERTEX_POINT('',#8905);
#8907=CARTESIAN_POINT('',(4712.473182987,-318.547527342,19.278377931));
#8908=DIRECTION('',(0.984218216,0.176959042,-0.000000011));
#8909=DIRECTION('',(0.176959042,-0.984218216,-0.000000006));
#8910=AXIS2_PLACEMENT_3D('',#8907,#8908,#8909);
#8911=CIRCLE('',#8910,2.998239043);
#8912=EDGE_CURVE('',#8906,#8874,#8911,.T.);
#8913=ORIENTED_EDGE('',*,*,#8912,.F.);
#8914=CARTESIAN_POINT('',(4706.015618881,-316.707258384,19.791810824));
#8915=VERTEX_POINT('',#8914);
#8916=CARTESIAN_POINT('',(4706.015618881,-316.707258383,19.791810827));
#8917=DIRECTION('',(0.984218216,0.176959043,-0.000000011));
#8918=VECTOR('',#8917,6.029999999);
#8919=LINE('',#8916,#8918);
#8920=EDGE_CURVE('',#8915,#8906,#8919,.T.);
#8921=ORIENTED_EDGE('',*,*,#8920,.F.);
#8922=CARTESIAN_POINT('',(4706.538347142,-319.614590366,19.278377997));
#8923=DIRECTION('',(-0.984218216,-0.176959042,0.000000011));
#8924=DIRECTION('',(0.176959042,-0.984218216,-0.000000006));
#8925=AXIS2_PLACEMENT_3D('',#8922,#8923,#8924);
#8926=CIRCLE('',#8925,2.998239043);
#8927=EDGE_CURVE('',#8883,#8915,#8926,.T.);
#8928=ORIENTED_EDGE('',*,*,#8927,.F.);
#8929=ORIENTED_EDGE('',*,*,#8888,.T.);
#8930=EDGE_LOOP('',(#8913,#8921,#8928,#8929));
#8931=FACE_BOUND('',#8930,.T.);
#8932=ADVANCED_FACE('',(#8931),#8904,.T.);
#8933=CARTESIAN_POINT('',(4712.675131988,-319.670735919,16.541559812));
#8934=DIRECTION('',(0.984218216,0.176959042,-0.000000011));
#8935=DIRECTION('',(-0.000000012,0.000000004,-1.));
#8936=AXIS2_PLACEMENT_3D('',#8933,#8934,#8935);
#8937=PLANE('',#8936);
#8938=CARTESIAN_POINT('',(4712.860412178,-320.701234852,19.638483103));
#8939=VERTEX_POINT('',#8938);
#8940=CARTESIAN_POINT('',(4712.754017173,-320.109483199,10.9));
#8941=VERTEX_POINT('',#8940);
#8942=CARTESIAN_POINT('',(4712.860412178,-320.701234852,19.638483103));
#8943=DIRECTION('',(-0.012146738,0.067558172,-0.997641394));
#8944=VECTOR('',#8943,8.759142473);
#8945=LINE('',#8942,#8944);
#8946=EDGE_CURVE('',#8939,#8941,#8945,.T.);
#8947=ORIENTED_EDGE('',*,*,#8946,.T.);
#8948=CARTESIAN_POINT('',(4711.776073463,-314.670314891,10.9));
#8949=VERTEX_POINT('',#8948);
#8950=CARTESIAN_POINT('',(4712.754017173,-320.109483199,10.9));
#8951=DIRECTION('',(-0.176959042,0.984218216,-0.));
#8952=VECTOR('',#8951,5.526384513);
#8953=LINE('',#8950,#8952);
#8954=EDGE_CURVE('',#8941,#8949,#8953,.T.);
#8955=ORIENTED_EDGE('',*,*,#8954,.T.);
#8956=CARTESIAN_POINT('',(4711.950454723,-315.640195353,19.791810729));
#8957=DIRECTION('',(-0.019492109,0.108411966,-0.993914938));
#8958=VECTOR('',#8957,8.946249213);
#8959=LINE('',#8956,#8958);
#8960=EDGE_CURVE('',#8906,#8949,#8959,.T.);
#8961=ORIENTED_EDGE('',*,*,#8960,.F.);
#8962=ORIENTED_EDGE('',*,*,#8912,.T.);
#8963=ORIENTED_EDGE('',*,*,#8880,.T.);
#8964=CARTESIAN_POINT('',(4712.451818249,-318.4287,19.944959643));
#8965=DIRECTION('',(0.984218216,0.176959042,-0.000000011));
#8966=DIRECTION('',(0.176959042,-0.984218216,-0.000000006));
#8967=AXIS2_PLACEMENT_3D('',#8964,#8965,#8966);
#8968=CIRCLE('',#8967,2.329225521);
#8969=EDGE_CURVE('',#8866,#8939,#8968,.T.);
#8970=ORIENTED_EDGE('',*,*,#8969,.T.);
#8971=EDGE_LOOP('',(#8947,#8955,#8961,#8962,#8963,#8970));
#8972=FACE_BOUND('',#8971,.T.);
#8973=ADVANCED_FACE('',(#8972),#8937,.T.);
#8974=CARTESIAN_POINT('',(4706.676456039,-320.382730545,13.812478927));
#8975=DIRECTION('',(-0.984218216,-0.176959042,0.000000011));
#8976=DIRECTION('',(-0.176959042,0.984218216,0.000000006));
#8977=AXIS2_PLACEMENT_3D('',#8974,#8975,#8976);
#8978=PLANE('',#8977);
#8979=ORIENTED_EDGE('',*,*,#8846,.T.);
#8980=ORIENTED_EDGE('',*,*,#8853,.T.);
#8981=EDGE_LOOP('',(#8979,#8980));
#8982=FACE_BOUND('',#8981,.T.);
#8983=CARTESIAN_POINT('',(4706.925576334,-321.768297882,19.638483197));
#8984=VERTEX_POINT('',#8983);
#8985=CARTESIAN_POINT('',(4706.516982405,-319.495763024,19.944959709));
#8986=DIRECTION('',(-0.984218216,-0.176959042,0.000000011));
#8987=DIRECTION('',(0.176959042,-0.984218216,-0.000000006));
#8988=AXIS2_PLACEMENT_3D('',#8985,#8986,#8987);
#8989=CIRCLE('',#8988,2.329225521);
#8990=EDGE_CURVE('',#8984,#8864,#8989,.T.);
#8991=ORIENTED_EDGE('',*,*,#8990,.T.);
#8992=ORIENTED_EDGE('',*,*,#8895,.T.);
#8993=ORIENTED_EDGE('',*,*,#8927,.T.);
#8994=CARTESIAN_POINT('',(4705.865162745,-315.870445612,12.119957366));
#8995=VERTEX_POINT('',#8994);
#8996=CARTESIAN_POINT('',(4706.015618882,-316.707258384,19.791810824));
#8997=DIRECTION('',(-0.019492109,0.108411966,-0.993914938));
#8998=VECTOR('',#8997,7.718822977);
#8999=LINE('',#8996,#8998);
#9000=EDGE_CURVE('',#8915,#8995,#8999,.T.);
#9001=ORIENTED_EDGE('',*,*,#9000,.T.);
#9002=CARTESIAN_POINT('',(4706.834034864,-321.259159162,12.119957331));
#9003=VERTEX_POINT('',#9002);
#9004=CARTESIAN_POINT('',(4705.865162745,-315.870445612,12.119957366));
#9005=DIRECTION('',(0.176959042,-0.984218216,-0.000000006));
#9006=VECTOR('',#9005,5.475120721);
#9007=LINE('',#9004,#9006);
#9008=EDGE_CURVE('',#8995,#9003,#9007,.T.);
#9009=ORIENTED_EDGE('',*,*,#9008,.T.);
#9010=CARTESIAN_POINT('',(4706.925576334,-321.768297882,19.638483197));
#9011=DIRECTION('',(-0.012146738,0.067558172,-0.997641394));
#9012=VECTOR('',#9011,7.536301033);
#9013=LINE('',#9010,#9012);
#9014=EDGE_CURVE('',#8984,#9003,#9013,.T.);
#9015=ORIENTED_EDGE('',*,*,#9014,.F.);
#9016=EDGE_LOOP('',(#8991,#8992,#8993,#9001,#9009,#9015));
#9017=FACE_BOUND('',#9016,.T.);
#9018=ADVANCED_FACE('',(#8982,#9017),#8978,.T.);
#9019=CARTESIAN_POINT('',(4694.726079042,-266.461899093,12.119957712));
#9020=DIRECTION('',(0.176959042,-0.984218216,-0.000000006));
#9021=DIRECTION('',(-0.000000012,0.000000004,-1.));
#9022=AXIS2_PLACEMENT_3D('',#9019,#9020,#9021);
#9023=CYLINDRICAL_SURFACE('',#9022,2.22);
#9024=CARTESIAN_POINT('',(4706.459697359,-321.241180202,10.9));
#9025=VERTEX_POINT('',#9024);
#9026=CARTESIAN_POINT('',(4705.481753599,-315.802011898,10.9));
#9027=VERTEX_POINT('',#9026);
#9028=CARTESIAN_POINT('',(4706.459697333,-321.241180207,10.9));
#9029=CARTESIAN_POINT('',(4706.133716088,-319.428124104,10.9));
#9030=CARTESIAN_POINT('',(4705.807734844,-317.615068001,10.9));
#9031=CARTESIAN_POINT('',(4705.481753599,-315.802011898,10.9));
#9032=B_SPLINE_CURVE_WITH_KNOTS('',3,(#9028,#9029,#9030,#9031),.UNSPECIFIED.,.F.,.F.,(4,4),(0.006238716,0.0117651),.UNSPECIFIED.);
#9033=EDGE_CURVE('',#9025,#9027,#9032,.T.);
#9034=ORIENTED_EDGE('',*,*,#9033,.F.);
#9035=CARTESIAN_POINT('',(4706.834034864,-321.259159162,12.119957331));
#9036=CARTESIAN_POINT('',(4706.825942383,-321.214150108,11.455302049));
#9037=CARTESIAN_POINT('',(4706.45969736,-321.241180202,10.900000001));
#9038=(BOUNDED_CURVE()
B_SPLINE_CURVE(2,(#9035,#9036,#9037),.UNSPECIFIED.,.F.,.F.)
B_SPLINE_CURVE_WITH_KNOTS((3,3),(89.99999998,123.22718598),.UNSPECIFIED.)
CURVE()
GEOMETRIC_REPRESENTATION_ITEM()
RATIONAL_B_SPLINE_CURVE((1.,0.943794024,0.970591))
REPRESENTATION_ITEM(''));
#9039=EDGE_CURVE('',#9003,#9025,#9038,.T.);
#9040=ORIENTED_EDGE('',*,*,#9039,.F.);
#9041=ORIENTED_EDGE('',*,*,#9008,.F.);
#9042=CARTESIAN_POINT('',(4705.865162743,-315.870445613,12.119957366));
#9043=CARTESIAN_POINT('',(4705.852127891,-315.797947871,11.455302053));
#9044=CARTESIAN_POINT('',(4705.481753615,-315.802011894,10.899999988));
#9045=(BOUNDED_CURVE()
B_SPLINE_CURVE(2,(#9042,#9043,#9044),.UNSPECIFIED.,.F.,.F.)
B_SPLINE_CURVE_WITH_KNOTS((3,3),(146.097664858,179.999999988),.UNSPECIFIED.)
CURVE()
GEOMETRIC_REPRESENTATION_ITEM()
RATIONAL_B_SPLINE_CURVE((1.,0.889669288,0.862460105))
REPRESENTATION_ITEM(''));
#9046=EDGE_CURVE('',#8995,#9027,#9045,.T.);
#9047=ORIENTED_EDGE('',*,*,#9046,.T.);
#9048=EDGE_LOOP('',(#9034,#9040,#9041,#9047));
#9049=FACE_BOUND('',#9048,.T.);
#9050=ADVANCED_FACE('',(#9049),#9023,.F.);
#9051=CARTESIAN_POINT('',(4709.952780128,-315.831495493,18.300938376));
#9052=DIRECTION('',(-0.175882235,0.978229187,0.110150336));
#9053=DIRECTION('',(0.984218216,0.176959043,-0.000000011));
#9054=AXIS2_PLACEMENT_3D('',#9051,#9052,#9053);
#9055=PLANE('',#9054);
#9056=ORIENTED_EDGE('',*,*,#8960,.T.);
#9057=CARTESIAN_POINT('',(4711.776073463,-314.670314891,10.9));
#9058=DIRECTION('',(-0.984218216,-0.176959041,0.));
#9059=VECTOR('',#9058,6.395248288);
#9060=LINE('',#9057,#9059);
#9061=EDGE_CURVE('',#8949,#9027,#9060,.T.);
#9062=ORIENTED_EDGE('',*,*,#9061,.T.);
#9063=ORIENTED_EDGE('',*,*,#9046,.F.);
#9064=ORIENTED_EDGE('',*,*,#9000,.F.);
#9065=ORIENTED_EDGE('',*,*,#8920,.T.);
#9066=EDGE_LOOP('',(#9056,#9062,#9063,#9064,#9065));
#9067=FACE_BOUND('',#9066,.T.);
#9068=ADVANCED_FACE('',(#9067),#9055,.T.);
#9069=CARTESIAN_POINT('',(4710.873755639,-320.953815681,18.142021048));
#9070=DIRECTION('',(0.176541665,-0.981896833,-0.068641458));
#9071=DIRECTION('',(-0.984218216,-0.176959043,0.000000011));
#9072=AXIS2_PLACEMENT_3D('',#9069,#9070,#9071);
#9073=PLANE('',#9072);
#9074=ORIENTED_EDGE('',*,*,#9039,.T.);
#9075=CARTESIAN_POINT('',(4706.459697359,-321.241180202,10.9));
#9076=DIRECTION('',(0.984218216,0.176959042,-0.));
#9077=VECTOR('',#9076,6.395248238);
#9078=LINE('',#9075,#9077);
#9079=EDGE_CURVE('',#9025,#8941,#9078,.T.);
#9080=ORIENTED_EDGE('',*,*,#9079,.T.);
#9081=ORIENTED_EDGE('',*,*,#8946,.F.);
#9082=CARTESIAN_POINT('',(4712.860412178,-320.701234853,19.638483116));
#9083=DIRECTION('',(-0.984218216,-0.176959043,0.000000011));
#9084=VECTOR('',#9083,6.03);
#9085=LINE('',#9082,#9084);
#9086=EDGE_CURVE('',#8939,#8984,#9085,.T.);
#9087=ORIENTED_EDGE('',*,*,#9086,.T.);
#9088=ORIENTED_EDGE('',*,*,#9014,.T.);
#9089=EDGE_LOOP('',(#9074,#9080,#9081,#9087,#9088));
#9090=FACE_BOUND('',#9089,.T.);
#9091=ADVANCED_FACE('',(#9090),#9073,.T.);
#9092=CARTESIAN_POINT('',(4719.,107.9,10.9));
#9093=DIRECTION('',(0.,0.,1.));
#9094=DIRECTION('',(-1.,-0.,0.));
#9095=AXIS2_PLACEMENT_3D('',#9092,#9093,#9094);
#9096=PLANE('',#9095);
#9097=CARTESIAN_POINT('',(4685.574023135,-304.417806983,10.9));
#9098=VERTEX_POINT('',#9097);
#9099=CARTESIAN_POINT('',(4687.741114579,-298.400891329,10.9));
#9100=VERTEX_POINT('',#9099);
#9101=CARTESIAN_POINT('',(4685.574023134,-304.417806982,10.9));
#9102=DIRECTION('',(0.338858141,0.940837478,-0.));
#9103=VECTOR('',#9102,6.395276328);
#9104=LINE('',#9101,#9103);
#9105=EDGE_CURVE('',#9098,#9100,#9104,.T.);
#9106=ORIENTED_EDGE('',*,*,#9105,.F.);
#9107=CARTESIAN_POINT('',(4680.37459178,-302.545145992,10.9));
#9108=VERTEX_POINT('',#9107);
#9109=CARTESIAN_POINT('',(4680.37459178,-302.545145992,10.9));
#9110=DIRECTION('',(0.940837478,-0.338858141,0.));
#9111=VECTOR('',#9110,5.526386306);
#9112=LINE('',#9109,#9111);
#9113=EDGE_CURVE('',#9108,#9098,#9112,.T.);
#9114=ORIENTED_EDGE('',*,*,#9113,.F.);
#9115=CARTESIAN_POINT('',(4682.541683214,-296.528230364,10.9));
#9116=VERTEX_POINT('',#9115);
#9117=CARTESIAN_POINT('',(4682.541683214,-296.528230364,10.9));
#9118=DIRECTION('',(-0.33885814,-0.940837478,0.));
#9119=VECTOR('',#9118,6.395276301);
#9120=LINE('',#9117,#9119);
#9121=EDGE_CURVE('',#9116,#9108,#9120,.T.);
#9122=ORIENTED_EDGE('',*,*,#9121,.F.);
#9123=CARTESIAN_POINT('',(4682.541683223,-296.528230339,10.9));
#9124=DIRECTION('',(0.940837478,-0.338858141,-0.));
#9125=VECTOR('',#9124,5.526386307);
#9126=LINE('',#9123,#9125);
#9127=EDGE_CURVE('',#9116,#9100,#9126,.T.);
#9128=ORIENTED_EDGE('',*,*,#9127,.T.);
#9129=EDGE_LOOP('',(#9106,#9114,#9122,#9128));
#9130=FACE_BOUND('',#9129,.T.);
#9131=CARTESIAN_POINT('',(4715.6,-308.1,10.9));
#9132=VERTEX_POINT('',#9131);
#9133=CARTESIAN_POINT('',(4710.638627319,-308.1,10.9));
#9134=VERTEX_POINT('',#9133);
#9135=CARTESIAN_POINT('',(4715.6,-308.1,10.9));
#9136=DIRECTION('',(-1.,-0.,0.));
#9137=VECTOR('',#9136,4.961372681);
#9138=LINE('',#9135,#9137);
#9139=EDGE_CURVE('',#9132,#9134,#9138,.T.);
#9140=ORIENTED_EDGE('',*,*,#9139,.T.);
#9141=CARTESIAN_POINT('',(4703.5,-313.3,10.9));
#9142=VERTEX_POINT('',#9141);
#9143=CARTESIAN_POINT('',(4703.5,-305.8,10.9));
#9144=DIRECTION('',(0.,0.,1.));
#9145=DIRECTION('',(-1.,-0.,0.));
#9146=AXIS2_PLACEMENT_3D('',#9143,#9144,#9145);
#9147=CIRCLE('',#9146,7.5);
#9148=EDGE_CURVE('',#9142,#9134,#9147,.T.);
#9149=ORIENTED_EDGE('',*,*,#9148,.F.);
#9150=CARTESIAN_POINT('',(4689.8,-313.3,10.9));
#9151=VERTEX_POINT('',#9150);
#9152=CARTESIAN_POINT('',(4703.5,-313.3,10.9));
#9153=DIRECTION('',(-1.,-0.,0.));
#9154=VECTOR('',#9153,13.7);
#9155=LINE('',#9152,#9154);
#9156=EDGE_CURVE('',#9142,#9151,#9155,.T.);
#9157=ORIENTED_EDGE('',*,*,#9156,.T.);
#9158=CARTESIAN_POINT('',(4687.8,-311.3,10.9));
#9159=VERTEX_POINT('',#9158);
#9160=CARTESIAN_POINT('',(4689.8,-311.3,10.9));
#9161=DIRECTION('',(-0.,-0.,-1.));
#9162=DIRECTION('',(1.,0.,-0.));
#9163=AXIS2_PLACEMENT_3D('',#9160,#9161,#9162);
#9164=CIRCLE('',#9163,2.);
#9165=EDGE_CURVE('',#9151,#9159,#9164,.T.);
#9166=ORIENTED_EDGE('',*,*,#9165,.T.);
#9167=CARTESIAN_POINT('',(4687.8,-292.9,10.9));
#9168=VERTEX_POINT('',#9167);
#9169=CARTESIAN_POINT('',(4687.8,-311.3,10.9));
#9170=DIRECTION('',(-0.,1.,-0.));
#9171=VECTOR('',#9170,18.4);
#9172=LINE('',#9169,#9171);
#9173=EDGE_CURVE('',#9159,#9168,#9172,.T.);
#9174=ORIENTED_EDGE('',*,*,#9173,.T.);
#9175=CARTESIAN_POINT('',(4689.8,-290.9,10.9));
#9176=VERTEX_POINT('',#9175);
#9177=CARTESIAN_POINT('',(4689.8,-292.9,10.9));
#9178=DIRECTION('',(-0.,-0.,-1.));
#9179=DIRECTION('',(1.,0.,-0.));
#9180=AXIS2_PLACEMENT_3D('',#9177,#9178,#9179);
#9181=CIRCLE('',#9180,2.);
#9182=EDGE_CURVE('',#9168,#9176,#9181,.T.);
#9183=ORIENTED_EDGE('',*,*,#9182,.T.);
#9184=CARTESIAN_POINT('',(4698.667619242,-290.9,10.9));
#9185=VERTEX_POINT('',#9184);
#9186=CARTESIAN_POINT('',(4689.8,-290.9,10.9));
#9187=DIRECTION('',(1.,0.,-0.));
#9188=VECTOR('',#9187,8.867619242);
#9189=LINE('',#9186,#9188);
#9190=EDGE_CURVE('',#9176,#9185,#9189,.T.);
#9191=ORIENTED_EDGE('',*,*,#9190,.T.);
#9192=CARTESIAN_POINT('',(4703.5,-290.,10.9));
#9193=VERTEX_POINT('',#9192);
#9194=CARTESIAN_POINT('',(4701.,-290.,10.9));
#9195=DIRECTION('',(-0.,-0.,1.));
#9196=DIRECTION('',(1.,0.,0.));
#9197=AXIS2_PLACEMENT_3D('',#9194,#9195,#9196);
#9198=CIRCLE('',#9197,2.5);
#9199=EDGE_CURVE('',#9193,#9185,#9198,.T.);
#9200=ORIENTED_EDGE('',*,*,#9199,.F.);
#9201=CARTESIAN_POINT('',(4703.332380758,-290.9,10.9));
#9202=VERTEX_POINT('',#9201);
#9203=CARTESIAN_POINT('',(4701.,-290.,10.9));
#9204=DIRECTION('',(-0.,-0.,1.));
#9205=DIRECTION('',(1.,0.,0.));
#9206=AXIS2_PLACEMENT_3D('',#9203,#9204,#9205);
#9207=CIRCLE('',#9206,2.5);
#9208=EDGE_CURVE('',#9202,#9193,#9207,.T.);
#9209=ORIENTED_EDGE('',*,*,#9208,.F.);
#9210=CARTESIAN_POINT('',(4703.5,-290.9,10.9));
#9211=VERTEX_POINT('',#9210);
#9212=CARTESIAN_POINT('',(4703.332380758,-290.9,10.9));
#9213=DIRECTION('',(1.,0.,-0.));
#9214=VECTOR('',#9213,0.167619242);
#9215=LINE('',#9212,#9214);
#9216=EDGE_CURVE('',#9202,#9211,#9215,.T.);
#9217=ORIENTED_EDGE('',*,*,#9216,.T.);
#9218=CARTESIAN_POINT('',(4711.,-298.4,10.9));
#9219=VERTEX_POINT('',#9218);
#9220=CARTESIAN_POINT('',(4703.5,-298.4,10.9));
#9221=DIRECTION('',(0.,0.,1.));
#9222=DIRECTION('',(-1.,-0.,0.));
#9223=AXIS2_PLACEMENT_3D('',#9220,#9221,#9222);
#9224=CIRCLE('',#9223,7.5);
#9225=EDGE_CURVE('',#9219,#9211,#9224,.T.);
#9226=ORIENTED_EDGE('',*,*,#9225,.F.);
#9227=CARTESIAN_POINT('',(4711.,-299.1,10.9));
#9228=VERTEX_POINT('',#9227);
#9229=CARTESIAN_POINT('',(4711.,-298.4,10.9));
#9230=DIRECTION('',(0.,-1.,0.));
#9231=VECTOR('',#9230,0.7);
#9232=LINE('',#9229,#9231);
#9233=EDGE_CURVE('',#9219,#9228,#9232,.T.);
#9234=ORIENTED_EDGE('',*,*,#9233,.T.);
#9235=CARTESIAN_POINT('',(4715.6,-299.1,10.9));
#9236=VERTEX_POINT('',#9235);
#9237=CARTESIAN_POINT('',(4711.,-299.1,10.9));
#9238=DIRECTION('',(1.,0.,-0.));
#9239=VECTOR('',#9238,4.6);
#9240=LINE('',#9237,#9239);
#9241=EDGE_CURVE('',#9228,#9236,#9240,.T.);
#9242=ORIENTED_EDGE('',*,*,#9241,.T.);
#9243=CARTESIAN_POINT('',(4717.6,-301.1,10.9));
#9244=VERTEX_POINT('',#9243);
#9245=CARTESIAN_POINT('',(4715.6,-301.1,10.9));
#9246=DIRECTION('',(-0.,-0.,-1.));
#9247=DIRECTION('',(-1.,-0.,0.));
#9248=AXIS2_PLACEMENT_3D('',#9245,#9246,#9247);
#9249=CIRCLE('',#9248,2.);
#9250=EDGE_CURVE('',#9236,#9244,#9249,.T.);
#9251=ORIENTED_EDGE('',*,*,#9250,.T.);
#9252=CARTESIAN_POINT('',(4717.6,-306.1,10.9));
#9253=VERTEX_POINT('',#9252);
#9254=CARTESIAN_POINT('',(4717.6,-301.1,10.9));
#9255=DIRECTION('',(0.,-1.,-0.));
#9256=VECTOR('',#9255,5.);
#9257=LINE('',#9254,#9256);
#9258=EDGE_CURVE('',#9244,#9253,#9257,.T.);
#9259=ORIENTED_EDGE('',*,*,#9258,.T.);
#9260=CARTESIAN_POINT('',(4715.6,-306.1,10.9));
#9261=DIRECTION('',(-0.,-0.,-1.));
#9262=DIRECTION('',(-1.,-0.,0.));
#9263=AXIS2_PLACEMENT_3D('',#9260,#9261,#9262);
#9264=CIRCLE('',#9263,2.);
#9265=EDGE_CURVE('',#9253,#9132,#9264,.T.);
#9266=ORIENTED_EDGE('',*,*,#9265,.T.);
#9267=EDGE_LOOP('',(#9140,#9149,#9157,#9166,#9174,#9183,#9191,#9200,#9209,#9217,#9226,#9234,#9242,#9251,#9259,#9266));
#9268=FACE_BOUND('',#9267,.T.);
#9269=CARTESIAN_POINT('',(4681.3,-317.2,10.9));
#9270=VERTEX_POINT('',#9269);
#9271=CARTESIAN_POINT('',(4678.8,-317.2,10.9));
#9272=DIRECTION('',(-0.,-0.,-1.));
#9273=DIRECTION('',(1.,0.,-0.));
#9274=AXIS2_PLACEMENT_3D('',#9271,#9272,#9273);
#9275=CIRCLE('',#9274,2.5);
#9276=EDGE_CURVE('',#9270,#9270,#9275,.T.);
#9277=ORIENTED_EDGE('',*,*,#9276,.T.);
#9278=EDGE_LOOP('',(#9277));
#9279=FACE_BOUND('',#9278,.T.);
#9280=CARTESIAN_POINT('',(4726.1,-317.2,10.9));
#9281=VERTEX_POINT('',#9280);
#9282=CARTESIAN_POINT('',(4723.6,-317.2,10.9));
#9283=DIRECTION('',(-0.,-0.,-1.));
#9284=DIRECTION('',(1.,0.,-0.));
#9285=AXIS2_PLACEMENT_3D('',#9282,#9283,#9284);
#9286=CIRCLE('',#9285,2.5);
#9287=EDGE_CURVE('',#9281,#9281,#9286,.T.);
#9288=ORIENTED_EDGE('',*,*,#9287,.T.);
#9289=EDGE_LOOP('',(#9288));
#9290=FACE_BOUND('',#9289,.T.);
#9291=CARTESIAN_POINT('',(4703.5,-316.6,10.9));
#9292=VERTEX_POINT('',#9291);
#9293=CARTESIAN_POINT('',(4701.,-316.6,10.9));
#9294=DIRECTION('',(-0.,-0.,1.));
#9295=DIRECTION('',(1.,0.,0.));
#9296=AXIS2_PLACEMENT_3D('',#9293,#9294,#9295);
#9297=CIRCLE('',#9296,2.5);
#9298=EDGE_CURVE('',#9292,#9292,#9297,.T.);
#9299=ORIENTED_EDGE('',*,*,#9298,.F.);
#9300=EDGE_LOOP('',(#9299));
#9301=FACE_BOUND('',#9300,.T.);
#9302=CARTESIAN_POINT('',(4693.8,-282.2,10.9));
#9303=VERTEX_POINT('',#9302);
#9304=CARTESIAN_POINT('',(4692.3,-283.7,10.9));
#9305=VERTEX_POINT('',#9304);
#9306=CARTESIAN_POINT('',(4692.3,-282.2,10.9));
#9307=DIRECTION('',(-0.,-0.,-1.));
#9308=DIRECTION('',(1.,0.,-0.));
#9309=AXIS2_PLACEMENT_3D('',#9306,#9307,#9308);
#9310=CIRCLE('',#9309,1.5);
#9311=EDGE_CURVE('',#9303,#9305,#9310,.T.);
#9312=ORIENTED_EDGE('',*,*,#9311,.T.);
#9313=CARTESIAN_POINT('',(4692.3,-282.2,10.9));
#9314=DIRECTION('',(-0.,-0.,-1.));
#9315=DIRECTION('',(1.,0.,-0.));
#9316=AXIS2_PLACEMENT_3D('',#9313,#9314,#9315);
#9317=CIRCLE('',#9316,1.5);
#9318=EDGE_CURVE('',#9305,#9303,#9317,.T.);
#9319=ORIENTED_EDGE('',*,*,#9318,.T.);
#9320=EDGE_LOOP('',(#9312,#9319));
#9321=FACE_BOUND('',#9320,.T.);
#9322=CARTESIAN_POINT('',(4711.6,-282.2,10.9));
#9323=VERTEX_POINT('',#9322);
#9324=CARTESIAN_POINT('',(4710.1,-283.7,10.9));
#9325=VERTEX_POINT('',#9324);
#9326=CARTESIAN_POINT('',(4710.1,-282.2,10.9));
#9327=DIRECTION('',(-0.,-0.,-1.));
#9328=DIRECTION('',(1.,0.,-0.));
#9329=AXIS2_PLACEMENT_3D('',#9326,#9327,#9328);
#9330=CIRCLE('',#9329,1.5);
#9331=EDGE_CURVE('',#9323,#9325,#9330,.T.);
#9332=ORIENTED_EDGE('',*,*,#9331,.T.);
#9333=CARTESIAN_POINT('',(4710.1,-282.2,10.9));
#9334=DIRECTION('',(-0.,-0.,-1.));
#9335=DIRECTION('',(1.,0.,-0.));
#9336=AXIS2_PLACEMENT_3D('',#9333,#9334,#9335);
#9337=CIRCLE('',#9336,1.5);
#9338=EDGE_CURVE('',#9325,#9323,#9337,.T.);
#9339=ORIENTED_EDGE('',*,*,#9338,.T.);
#9340=EDGE_LOOP('',(#9332,#9339));
#9341=FACE_BOUND('',#9340,.T.);
#9342=CARTESIAN_POINT('',(4712.6,-282.2,10.9));
#9343=VERTEX_POINT('',#9342);
#9344=CARTESIAN_POINT('',(4710.1,-279.7,10.9));
#9345=VERTEX_POINT('',#9344);
#9346=CARTESIAN_POINT('',(4710.1,-282.2,10.9));
#9347=DIRECTION('',(0.,0.,1.));
#9348=DIRECTION('',(1.,0.,-0.));
#9349=AXIS2_PLACEMENT_3D('',#9346,#9347,#9348);
#9350=CIRCLE('',#9349,2.5);
#9351=EDGE_CURVE('',#9343,#9345,#9350,.T.);
#9352=ORIENTED_EDGE('',*,*,#9351,.T.);
#9353=CARTESIAN_POINT('',(4707.6,-282.2,10.9));
#9354=VERTEX_POINT('',#9353);
#9355=CARTESIAN_POINT('',(4710.1,-282.2,10.9));
#9356=DIRECTION('',(0.,0.,1.));
#9357=DIRECTION('',(1.,0.,-0.));
#9358=AXIS2_PLACEMENT_3D('',#9355,#9356,#9357);
#9359=CIRCLE('',#9358,2.5);
#9360=EDGE_CURVE('',#9345,#9354,#9359,.T.);
#9361=ORIENTED_EDGE('',*,*,#9360,.T.);
#9362=CARTESIAN_POINT('',(4705.1,-284.7,10.9));
#9363=VERTEX_POINT('',#9362);
#9364=CARTESIAN_POINT('',(4705.1,-282.2,10.9));
#9365=DIRECTION('',(-0.,-0.,-1.));
#9366=DIRECTION('',(1.,0.,-0.));
#9367=AXIS2_PLACEMENT_3D('',#9364,#9365,#9366);
#9368=CIRCLE('',#9367,2.5);
#9369=EDGE_CURVE('',#9354,#9363,#9368,.T.);
#9370=ORIENTED_EDGE('',*,*,#9369,.T.);
#9371=CARTESIAN_POINT('',(4697.3,-284.7,10.9));
#9372=VERTEX_POINT('',#9371);
#9373=CARTESIAN_POINT('',(4705.1,-284.7,10.9));
#9374=DIRECTION('',(-1.,-0.,0.));
#9375=VECTOR('',#9374,7.8);
#9376=LINE('',#9373,#9375);
#9377=EDGE_CURVE('',#9363,#9372,#9376,.T.);
#9378=ORIENTED_EDGE('',*,*,#9377,.T.);
#9379=CARTESIAN_POINT('',(4694.8,-282.2,10.9));
#9380=VERTEX_POINT('',#9379);
#9381=CARTESIAN_POINT('',(4697.3,-282.2,10.9));
#9382=DIRECTION('',(-0.,-0.,-1.));
#9383=DIRECTION('',(1.,0.,-0.));
#9384=AXIS2_PLACEMENT_3D('',#9381,#9382,#9383);
#9385=CIRCLE('',#9384,2.5);
#9386=EDGE_CURVE('',#9372,#9380,#9385,.T.);
#9387=ORIENTED_EDGE('',*,*,#9386,.T.);
#9388=CARTESIAN_POINT('',(4692.3,-279.7,10.9));
#9389=VERTEX_POINT('',#9388);
#9390=CARTESIAN_POINT('',(4692.3,-282.2,10.9));
#9391=DIRECTION('',(0.,0.,1.));
#9392=DIRECTION('',(1.,0.,-0.));
#9393=AXIS2_PLACEMENT_3D('',#9390,#9391,#9392);
#9394=CIRCLE('',#9393,2.5);
#9395=EDGE_CURVE('',#9380,#9389,#9394,.T.);
#9396=ORIENTED_EDGE('',*,*,#9395,.T.);
#9397=CARTESIAN_POINT('',(4689.8,-282.2,10.9));
#9398=VERTEX_POINT('',#9397);
#9399=CARTESIAN_POINT('',(4692.3,-282.2,10.9));
#9400=DIRECTION('',(0.,0.,1.));
#9401=DIRECTION('',(1.,0.,-0.));
#9402=AXIS2_PLACEMENT_3D('',#9399,#9400,#9401);
#9403=CIRCLE('',#9402,2.5);
#9404=EDGE_CURVE('',#9389,#9398,#9403,.T.);
#9405=ORIENTED_EDGE('',*,*,#9404,.T.);
#9406=CARTESIAN_POINT('',(4687.3,-284.7,10.9));
#9407=VERTEX_POINT('',#9406);
#9408=CARTESIAN_POINT('',(4687.3,-282.2,10.9));
#9409=DIRECTION('',(-0.,-0.,-1.));
#9410=DIRECTION('',(1.,0.,-0.));
#9411=AXIS2_PLACEMENT_3D('',#9408,#9409,#9410);
#9412=CIRCLE('',#9411,2.5);
#9413=EDGE_CURVE('',#9398,#9407,#9412,.T.);
#9414=ORIENTED_EDGE('',*,*,#9413,.T.);
#9415=CARTESIAN_POINT('',(4685.2,-284.7,10.9));
#9416=VERTEX_POINT('',#9415);
#9417=CARTESIAN_POINT('',(4685.2,-284.7,10.9));
#9418=DIRECTION('',(1.,0.,-0.));
#9419=VECTOR('',#9418,2.1);
#9420=LINE('',#9417,#9419);
#9421=EDGE_CURVE('',#9416,#9407,#9420,.T.);
#9422=ORIENTED_EDGE('',*,*,#9421,.F.);
#9423=CARTESIAN_POINT('',(4682.7,-287.2,10.9));
#9424=VERTEX_POINT('',#9423);
#9425=CARTESIAN_POINT('',(4685.2,-287.2,10.9));
#9426=DIRECTION('',(0.,0.,1.));
#9427=DIRECTION('',(1.,0.,-0.));
#9428=AXIS2_PLACEMENT_3D('',#9425,#9426,#9427);
#9429=CIRCLE('',#9428,2.5);
#9430=EDGE_CURVE('',#9416,#9424,#9429,.T.);
#9431=ORIENTED_EDGE('',*,*,#9430,.T.);
#9432=CARTESIAN_POINT('',(4682.7,-294.5,10.9));
#9433=VERTEX_POINT('',#9432);
#9434=CARTESIAN_POINT('',(4682.7,-294.5,10.9));
#9435=DIRECTION('',(-0.,1.,-0.));
#9436=VECTOR('',#9435,7.3);
#9437=LINE('',#9434,#9436);
#9438=EDGE_CURVE('',#9433,#9424,#9437,.T.);
#9439=ORIENTED_EDGE('',*,*,#9438,.F.);
#9440=CARTESIAN_POINT('',(4676.5,-294.5,10.9));
#9441=VERTEX_POINT('',#9440);
#9442=CARTESIAN_POINT('',(4676.5,-294.5,10.9));
#9443=DIRECTION('',(1.,0.,-0.));
#9444=VECTOR('',#9443,6.2);
#9445=LINE('',#9442,#9444);
#9446=EDGE_CURVE('',#9441,#9433,#9445,.T.);
#9447=ORIENTED_EDGE('',*,*,#9446,.F.);
#9448=CARTESIAN_POINT('',(4674.,-297.,10.9));
#9449=VERTEX_POINT('',#9448);
#9450=CARTESIAN_POINT('',(4676.5,-297.,10.9));
#9451=DIRECTION('',(0.,0.,1.));
#9452=DIRECTION('',(1.,0.,-0.));
#9453=AXIS2_PLACEMENT_3D('',#9450,#9451,#9452);
#9454=CIRCLE('',#9453,2.5);
#9455=EDGE_CURVE('',#9441,#9449,#9454,.T.);
#9456=ORIENTED_EDGE('',*,*,#9455,.T.);
#9457=CARTESIAN_POINT('',(4674.,-320.,10.9));
#9458=VERTEX_POINT('',#9457);
#9459=CARTESIAN_POINT('',(4674.,-320.,10.9));
#9460=DIRECTION('',(-0.,1.,0.));
#9461=VECTOR('',#9460,23.);
#9462=LINE('',#9459,#9461);
#9463=EDGE_CURVE('',#9458,#9449,#9462,.T.);
#9464=ORIENTED_EDGE('',*,*,#9463,.F.);
#9465=CARTESIAN_POINT('',(4676.5,-322.5,10.9));
#9466=VERTEX_POINT('',#9465);
#9467=CARTESIAN_POINT('',(4676.5,-320.,10.9));
#9468=DIRECTION('',(0.,0.,1.));
#9469=DIRECTION('',(1.,0.,-0.));
#9470=AXIS2_PLACEMENT_3D('',#9467,#9468,#9469);
#9471=CIRCLE('',#9470,2.5);
#9472=EDGE_CURVE('',#9458,#9466,#9471,.T.);
#9473=ORIENTED_EDGE('',*,*,#9472,.T.);
#9474=CARTESIAN_POINT('',(4725.9,-322.5,10.9));
#9475=VERTEX_POINT('',#9474);
#9476=CARTESIAN_POINT('',(4725.9,-322.5,10.9));
#9477=DIRECTION('',(-1.,-0.,0.));
#9478=VECTOR('',#9477,49.4);
#9479=LINE('',#9476,#9478);
#9480=EDGE_CURVE('',#9475,#9466,#9479,.T.);
#9481=ORIENTED_EDGE('',*,*,#9480,.F.);
#9482=CARTESIAN_POINT('',(4728.4,-320.,10.9));
#9483=VERTEX_POINT('',#9482);
#9484=CARTESIAN_POINT('',(4725.9,-320.,10.9));
#9485=DIRECTION('',(0.,0.,1.));
#9486=DIRECTION('',(1.,0.,-0.));
#9487=AXIS2_PLACEMENT_3D('',#9484,#9485,#9486);
#9488=CIRCLE('',#9487,2.5);
#9489=EDGE_CURVE('',#9475,#9483,#9488,.T.);
#9490=ORIENTED_EDGE('',*,*,#9489,.T.);
#9491=CARTESIAN_POINT('',(4728.4,-297.,10.9));
#9492=VERTEX_POINT('',#9491);
#9493=CARTESIAN_POINT('',(4728.4,-297.,10.9));
#9494=DIRECTION('',(0.,-1.,0.));
#9495=VECTOR('',#9494,23.);
#9496=LINE('',#9493,#9495);
#9497=EDGE_CURVE('',#9492,#9483,#9496,.T.);
#9498=ORIENTED_EDGE('',*,*,#9497,.F.);
#9499=CARTESIAN_POINT('',(4725.9,-294.5,10.9));
#9500=VERTEX_POINT('',#9499);
#9501=CARTESIAN_POINT('',(4725.9,-297.,10.9));
#9502=DIRECTION('',(0.,0.,1.));
#9503=DIRECTION('',(1.,0.,-0.));
#9504=AXIS2_PLACEMENT_3D('',#9501,#9502,#9503);
#9505=CIRCLE('',#9504,2.5);
#9506=EDGE_CURVE('',#9492,#9500,#9505,.T.);
#9507=ORIENTED_EDGE('',*,*,#9506,.T.);
#9508=CARTESIAN_POINT('',(4719.7,-294.5,10.9));
#9509=VERTEX_POINT('',#9508);
#9510=CARTESIAN_POINT('',(4719.7,-294.5,10.9));
#9511=DIRECTION('',(1.,0.,-0.));
#9512=VECTOR('',#9511,6.2);
#9513=LINE('',#9510,#9512);
#9514=EDGE_CURVE('',#9509,#9500,#9513,.T.);
#9515=ORIENTED_EDGE('',*,*,#9514,.F.);
#9516=CARTESIAN_POINT('',(4719.7,-287.2,10.9));
#9517=VERTEX_POINT('',#9516);
#9518=CARTESIAN_POINT('',(4719.7,-294.5,10.9));
#9519=DIRECTION('',(-0.,1.,-0.));
#9520=VECTOR('',#9519,7.3);
#9521=LINE('',#9518,#9520);
#9522=EDGE_CURVE('',#9509,#9517,#9521,.T.);
#9523=ORIENTED_EDGE('',*,*,#9522,.T.);
#9524=CARTESIAN_POINT('',(4717.2,-284.7,10.9));
#9525=VERTEX_POINT('',#9524);
#9526=CARTESIAN_POINT('',(4717.2,-287.2,10.9));
#9527=DIRECTION('',(0.,0.,1.));
#9528=DIRECTION('',(1.,0.,-0.));
#9529=AXIS2_PLACEMENT_3D('',#9526,#9527,#9528);
#9530=CIRCLE('',#9529,2.5);
#9531=EDGE_CURVE('',#9517,#9525,#9530,.T.);
#9532=ORIENTED_EDGE('',*,*,#9531,.T.);
#9533=CARTESIAN_POINT('',(4715.1,-284.7,10.9));
#9534=VERTEX_POINT('',#9533);
#9535=CARTESIAN_POINT('',(4715.1,-284.7,10.9));
#9536=DIRECTION('',(1.,0.,-0.));
#9537=VECTOR('',#9536,2.1);
#9538=LINE('',#9535,#9537);
#9539=EDGE_CURVE('',#9534,#9525,#9538,.T.);
#9540=ORIENTED_EDGE('',*,*,#9539,.F.);
#9541=CARTESIAN_POINT('',(4715.1,-282.2,10.9));
#9542=DIRECTION('',(-0.,-0.,-1.));
#9543=DIRECTION('',(1.,0.,-0.));
#9544=AXIS2_PLACEMENT_3D('',#9541,#9542,#9543);
#9545=CIRCLE('',#9544,2.5);
#9546=EDGE_CURVE('',#9534,#9343,#9545,.T.);
#9547=ORIENTED_EDGE('',*,*,#9546,.T.);
#9548=EDGE_LOOP('',(#9352,#9361,#9370,#9378,#9387,#9396,#9405,#9414,#9422,#9431,#9439,#9447,#9456,#9464,#9473,#9481,#9490,#9498,#9507,#9515,#9523,#9532,#9540,#9547));
#9549=FACE_BOUND('',#9548,.T.);
#9550=CARTESIAN_POINT('',(4707.899934676,-288.480728951,10.9));
#9551=VERTEX_POINT('',#9550);
#9552=CARTESIAN_POINT('',(4712.027164254,-293.365922891,10.9));
#9553=VERTEX_POINT('',#9552);
#9554=CARTESIAN_POINT('',(4707.899934675,-288.480728951,10.9));
#9555=DIRECTION('',(0.64535922,-0.763879229,0.));
#9556=VECTOR('',#9555,6.395243844);
#9557=LINE('',#9554,#9556);
#9558=EDGE_CURVE('',#9551,#9553,#9557,.T.);
#9559=ORIENTED_EDGE('',*,*,#9558,.F.);
#9560=CARTESIAN_POINT('',(4712.121424577,-284.914225709,10.9));
#9561=VERTEX_POINT('',#9560);
#9562=CARTESIAN_POINT('',(4712.121424577,-284.914225709,10.9));
#9563=DIRECTION('',(-0.763879192,-0.645359264,0.));
#9564=VECTOR('',#9563,5.526384203);
#9565=LINE('',#9562,#9564);
#9566=EDGE_CURVE('',#9561,#9551,#9565,.T.);
#9567=ORIENTED_EDGE('',*,*,#9566,.F.);
#9568=CARTESIAN_POINT('',(4716.248653536,-289.799418694,10.9));
#9569=VERTEX_POINT('',#9568);
#9570=CARTESIAN_POINT('',(4716.248653536,-289.799418694,10.9));
#9571=DIRECTION('',(-0.645359237,0.763879215,-0.));
#9572=VECTOR('',#9571,6.395242715);
#9573=LINE('',#9570,#9572);
#9574=EDGE_CURVE('',#9569,#9561,#9573,.T.);
#9575=ORIENTED_EDGE('',*,*,#9574,.F.);
#9576=CARTESIAN_POINT('',(4716.248653553,-289.799418715,10.9));
#9577=CARTESIAN_POINT('',(4714.841490454,-290.98825344,10.9));
#9578=CARTESIAN_POINT('',(4713.434327354,-292.177088165,10.9));
#9579=CARTESIAN_POINT('',(4712.027164254,-293.365922891,10.9));
#9580=B_SPLINE_CURVE_WITH_KNOTS('',3,(#9576,#9577,#9578,#9579),.UNSPECIFIED.,.F.,.F.,(4,4),(0.010091227,0.015617611),.UNSPECIFIED.);
#9581=EDGE_CURVE('',#9569,#9553,#9580,.T.);
#9582=ORIENTED_EDGE('',*,*,#9581,.T.);
#9583=EDGE_LOOP('',(#9559,#9567,#9575,#9582));
#9584=FACE_BOUND('',#9583,.T.);
#9585=ORIENTED_EDGE('',*,*,#9061,.F.);
#9586=ORIENTED_EDGE('',*,*,#8954,.F.);
#9587=ORIENTED_EDGE('',*,*,#9079,.F.);
#9588=ORIENTED_EDGE('',*,*,#9033,.T.);
#9589=EDGE_LOOP('',(#9585,#9586,#9587,#9588));
#9590=FACE_BOUND('',#9589,.T.);
#9591=ADVANCED_FACE('',(#9130,#9268,#9279,#9290,#9301,#9321,#9341,#9549,#9584,#9590),#9096,.T.);
#9592=CARTESIAN_POINT('',(4681.065084455,-301.943532058,16.541602543));
#9593=DIRECTION('',(-0.338858141,-0.940837478,0.));
#9594=DIRECTION('',(0.,0.,-1.));
#9595=AXIS2_PLACEMENT_3D('',#9592,#9593,#9594);
#9596=PLANE('',#9595);
#9597=CARTESIAN_POINT('',(4683.750954993,-302.910892647,19.505265246));
#9598=VERTEX_POINT('',#9597);
#9599=CARTESIAN_POINT('',(4682.388459552,-302.420167433,19.505265246));
#9600=DIRECTION('',(-0.338858141,-0.940837478,0.));
#9601=DIRECTION('',(0.940837478,-0.338858141,0.));
#9602=AXIS2_PLACEMENT_3D('',#9599,#9600,#9601);
#9603=CIRCLE('',#9602,1.448173009);
#9604=EDGE_CURVE('',#9598,#9598,#9603,.T.);
#9605=ORIENTED_EDGE('',*,*,#9604,.F.);
#9606=EDGE_LOOP('',(#9605));
#9607=FACE_BOUND('',#9606,.T.);
#9608=ADVANCED_FACE('',(#9607),#9596,.F.);
#9609=CARTESIAN_POINT('',(4684.160687629,-297.499587424,19.505265246));
#9610=DIRECTION('',(-0.338858141,-0.940837478,0.));
#9611=DIRECTION('',(0.940837478,-0.338858141,0.));
#9612=AXIS2_PLACEMENT_3D('',#9609,#9610,#9611);
#9613=CYLINDRICAL_SURFACE('',#9612,1.448173009);
#9614=CARTESIAN_POINT('',(4685.692612142,-297.519893897,19.505265246));
#9615=VERTEX_POINT('',#9614);
#9616=CARTESIAN_POINT('',(4683.750954993,-302.910892647,19.505265246));
#9617=DIRECTION('',(0.338858141,0.940837478,-0.));
#9618=VECTOR('',#9617,5.73);
#9619=LINE('',#9616,#9618);
#9620=EDGE_CURVE('',#9598,#9615,#9619,.T.);
#9621=ORIENTED_EDGE('',*,*,#9620,.F.);
#9622=ORIENTED_EDGE('',*,*,#9604,.T.);
#9623=ORIENTED_EDGE('',*,*,#9620,.T.);
#9624=CARTESIAN_POINT('',(4684.3301167,-297.029168683,19.505265246));
#9625=DIRECTION('',(0.338858141,0.940837478,-0.));
#9626=DIRECTION('',(0.940837478,-0.338858141,0.));
#9627=AXIS2_PLACEMENT_3D('',#9624,#9625,#9626);
#9628=CIRCLE('',#9627,1.448173009);
#9629=EDGE_CURVE('',#9615,#9615,#9628,.T.);
#9630=ORIENTED_EDGE('',*,*,#9629,.T.);
#9631=EDGE_LOOP('',(#9621,#9622,#9623,#9630));
#9632=FACE_BOUND('',#9631,.T.);
#9633=ADVANCED_FACE('',(#9632),#9613,.F.);
#9634=CARTESIAN_POINT('',(4684.330116699,-297.029168684,18.505265246));
#9635=DIRECTION('',(0.338858141,0.940837478,0.));
#9636=DIRECTION('',(0.,0.,1.));
#9637=AXIS2_PLACEMENT_3D('',#9634,#9635,#9636);
#9638=PLANE('',#9637);
#9639=CARTESIAN_POINT('',(4685.938948788,-297.608616105,19.505265246));
#9640=VERTEX_POINT('',#9639);
#9641=CARTESIAN_POINT('',(4684.3301167,-297.029168684,17.795265246));
#9642=VERTEX_POINT('',#9641);
#9643=CARTESIAN_POINT('',(4684.3301167,-297.029168684,19.505265246));
#9644=DIRECTION('',(0.338858141,0.940837478,-0.));
#9645=DIRECTION('',(0.940837478,-0.338858141,0.));
#9646=AXIS2_PLACEMENT_3D('',#9643,#9644,#9645);
#9647=CIRCLE('',#9646,1.71);
#9648=EDGE_CURVE('',#9640,#9642,#9647,.T.);
#9649=ORIENTED_EDGE('',*,*,#9648,.T.);
#9650=CARTESIAN_POINT('',(4684.3301167,-297.029168684,19.505265246));
#9651=DIRECTION('',(0.338858141,0.940837478,-0.));
#9652=DIRECTION('',(0.940837478,-0.338858141,0.));
#9653=AXIS2_PLACEMENT_3D('',#9650,#9651,#9652);
#9654=CIRCLE('',#9653,1.71);
#9655=EDGE_CURVE('',#9642,#9640,#9654,.T.);
#9656=ORIENTED_EDGE('',*,*,#9655,.T.);
#9657=EDGE_LOOP('',(#9649,#9656));
#9658=FACE_BOUND('',#9657,.T.);
#9659=ORIENTED_EDGE('',*,*,#9629,.F.);
#9660=EDGE_LOOP('',(#9659));
#9661=FACE_BOUND('',#9660,.T.);
#9662=ADVANCED_FACE('',(#9658,#9661),#9638,.T.);
#9663=CARTESIAN_POINT('',(4684.265733653,-297.207927805,19.505265246));
#9664=DIRECTION('',(-0.338858141,-0.940837478,-0.));
#9665=DIRECTION('',(0.,0.,-1.));
#9666=AXIS2_PLACEMENT_3D('',#9663,#9664,#9665);
#9667=CONICAL_SURFACE('',#9666,1.9,44.999999898);
#9668=CARTESIAN_POINT('',(4684.160687629,-297.499587424,17.295265247));
#9669=VERTEX_POINT('',#9668);
#9670=CARTESIAN_POINT('',(4684.160687629,-297.499587424,17.295265247));
#9671=DIRECTION('',(0.23960889,0.665272562,0.70710678));
#9672=VECTOR('',#9671,0.707106781);
#9673=LINE('',#9670,#9672);
#9674=EDGE_CURVE('',#9669,#9642,#9673,.T.);
#9675=ORIENTED_EDGE('',*,*,#9674,.T.);
#9676=ORIENTED_EDGE('',*,*,#9648,.F.);
#9677=ORIENTED_EDGE('',*,*,#9655,.F.);
#9678=ORIENTED_EDGE('',*,*,#9674,.F.);
#9679=CARTESIAN_POINT('',(4686.239938455,-298.248463915,19.505265246));
#9680=VERTEX_POINT('',#9679);
#9681=CARTESIAN_POINT('',(4684.160687629,-297.499587424,19.505265246));
#9682=DIRECTION('',(-0.338858141,-0.940837478,0.));
#9683=DIRECTION('',(0.940837478,-0.338858141,0.));
#9684=AXIS2_PLACEMENT_3D('',#9681,#9682,#9683);
#9685=CIRCLE('',#9684,2.209999999);
#9686=EDGE_CURVE('',#9680,#9669,#9685,.T.);
#9687=ORIENTED_EDGE('',*,*,#9686,.F.);
#9688=CARTESIAN_POINT('',(4684.160687629,-297.499587424,19.505265246));
#9689=DIRECTION('',(-0.338858141,-0.940837478,0.));
#9690=DIRECTION('',(0.940837478,-0.338858141,0.));
#9691=AXIS2_PLACEMENT_3D('',#9688,#9689,#9690);
#9692=CIRCLE('',#9691,2.209999999);
#9693=EDGE_CURVE('',#9669,#9680,#9692,.T.);
#9694=ORIENTED_EDGE('',*,*,#9693,.F.);
#9695=EDGE_LOOP('',(#9675,#9676,#9677,#9678,#9687,#9694));
#9696=FACE_BOUND('',#9695,.T.);
#9697=ADVANCED_FACE('',(#9696),#9667,.T.);
#9698=CARTESIAN_POINT('',(4682.659005759,-301.24214972,19.945002366));
#9699=DIRECTION('',(0.338858141,0.940837478,0.));
#9700=DIRECTION('',(-0.940837478,0.338858141,0.));
#9701=AXIS2_PLACEMENT_3D('',#9698,#9699,#9700);
#9702=CYLINDRICAL_SURFACE('',#9701,2.329225521);
#9703=CARTESIAN_POINT('',(4681.833181402,-296.661297654,19.945002366));
#9704=VERTEX_POINT('',#9703);
#9705=CARTESIAN_POINT('',(4679.789866811,-302.334547647,19.945002366));
#9706=VERTEX_POINT('',#9705);
#9707=CARTESIAN_POINT('',(4681.833181402,-296.661297654,19.945002366));
#9708=DIRECTION('',(-0.338858141,-0.940837478,-0.));
#9709=VECTOR('',#9708,6.03);
#9710=LINE('',#9707,#9709);
#9711=EDGE_CURVE('',#9704,#9706,#9710,.T.);
#9712=ORIENTED_EDGE('',*,*,#9711,.T.);
#9713=CARTESIAN_POINT('',(4681.98128947,-303.123824675,22.274227887));
#9714=VERTEX_POINT('',#9713);
#9715=CARTESIAN_POINT('',(4681.981289476,-303.123824677,19.945002366));
#9716=DIRECTION('',(-0.338858141,-0.940837478,-0.));
#9717=DIRECTION('',(-0.940837478,0.338858141,0.));
#9718=AXIS2_PLACEMENT_3D('',#9715,#9716,#9717);
#9719=CIRCLE('',#9718,2.329225521);
#9720=EDGE_CURVE('',#9714,#9706,#9719,.T.);
#9721=ORIENTED_EDGE('',*,*,#9720,.F.);
#9722=CARTESIAN_POINT('',(4684.024604061,-297.450574682,22.274227887));
#9723=VERTEX_POINT('',#9722);
#9724=CARTESIAN_POINT('',(4684.024604066,-297.450574684,22.274227887));
#9725=DIRECTION('',(-0.338858141,-0.940837478,-0.));
#9726=VECTOR('',#9725,6.03);
#9727=LINE('',#9724,#9726);
#9728=EDGE_CURVE('',#9723,#9714,#9727,.T.);
#9729=ORIENTED_EDGE('',*,*,#9728,.F.);
#9730=CARTESIAN_POINT('',(4684.024604067,-297.450574684,19.945002366));
#9731=DIRECTION('',(0.338858141,0.940837478,0.));
#9732=DIRECTION('',(-0.940837478,0.338858141,0.));
#9733=AXIS2_PLACEMENT_3D('',#9730,#9731,#9732);
#9734=CIRCLE('',#9733,2.329225521);
#9735=EDGE_CURVE('',#9704,#9723,#9734,.T.);
#9736=ORIENTED_EDGE('',*,*,#9735,.F.);
#9737=EDGE_LOOP('',(#9712,#9721,#9729,#9736));
#9738=FACE_BOUND('',#9737,.T.);
#9739=ADVANCED_FACE('',(#9738),#9702,.T.);
#9740=CARTESIAN_POINT('',(4683.911014197,-297.409663418,19.278420655));
#9741=DIRECTION('',(0.338858141,0.940837478,0.));
#9742=DIRECTION('',(-0.940837478,0.338858141,0.));
#9743=AXIS2_PLACEMENT_3D('',#9740,#9741,#9742);
#9744=CYLINDRICAL_SURFACE('',#9743,2.998239043);
#9745=CARTESIAN_POINT('',(4684.64688704,-304.083883619,19.791853435));
#9746=VERTEX_POINT('',#9745);
#9747=CARTESIAN_POINT('',(4681.867699606,-303.08291341,19.278420655));
#9748=DIRECTION('',(-0.338858141,-0.940837478,-0.));
#9749=DIRECTION('',(-0.940837478,0.338858141,0.));
#9750=AXIS2_PLACEMENT_3D('',#9747,#9748,#9749);
#9751=CIRCLE('',#9750,2.998239043);
#9752=EDGE_CURVE('',#9746,#9714,#9751,.T.);
#9753=ORIENTED_EDGE('',*,*,#9752,.F.);
#9754=CARTESIAN_POINT('',(4686.690201624,-298.410633625,19.791853463));
#9755=VERTEX_POINT('',#9754);
#9756=CARTESIAN_POINT('',(4686.690201624,-298.410633625,19.791853466));
#9757=DIRECTION('',(-0.338858141,-0.940837478,0.));
#9758=VECTOR('',#9757,6.029999999);
#9759=LINE('',#9756,#9758);
#9760=EDGE_CURVE('',#9755,#9746,#9759,.T.);
#9761=ORIENTED_EDGE('',*,*,#9760,.F.);
#9762=CARTESIAN_POINT('',(4683.911014197,-297.409663417,19.278420655));
#9763=DIRECTION('',(0.338858141,0.940837478,0.));
#9764=DIRECTION('',(-0.940837478,0.338858141,0.));
#9765=AXIS2_PLACEMENT_3D('',#9762,#9763,#9764);
#9766=CIRCLE('',#9765,2.998239043);
#9767=EDGE_CURVE('',#9723,#9755,#9766,.T.);
#9768=ORIENTED_EDGE('',*,*,#9767,.F.);
#9769=ORIENTED_EDGE('',*,*,#9728,.T.);
#9770=EDGE_LOOP('',(#9753,#9761,#9768,#9769));
#9771=FACE_BOUND('',#9770,.T.);
#9772=ADVANCED_FACE('',(#9771),#9744,.T.);
#9773=CARTESIAN_POINT('',(4680.793997942,-302.696202042,16.541602543));
#9774=DIRECTION('',(-0.338858141,-0.940837478,0.));
#9775=DIRECTION('',(0.,0.,-1.));
#9776=AXIS2_PLACEMENT_3D('',#9773,#9774,#9775);
#9777=PLANE('',#9776);
#9778=CARTESIAN_POINT('',(4679.808919645,-302.341409839,19.638525841));
#9779=VERTEX_POINT('',#9778);
#9780=CARTESIAN_POINT('',(4679.808919645,-302.341409839,19.638525841));
#9781=DIRECTION('',(0.064580451,-0.023259715,-0.997641394));
#9782=VECTOR('',#9781,8.759185308);
#9783=LINE('',#9780,#9782);
#9784=EDGE_CURVE('',#9779,#9108,#9783,.T.);
#9785=ORIENTED_EDGE('',*,*,#9784,.T.);
#9786=ORIENTED_EDGE('',*,*,#9113,.T.);
#9787=CARTESIAN_POINT('',(4684.646887041,-304.083883618,19.791853435));
#9788=DIRECTION('',(0.103633559,-0.037325336,-0.993914938));
#9789=VECTOR('',#9788,8.946292173);
#9790=LINE('',#9787,#9789);
#9791=EDGE_CURVE('',#9746,#9098,#9790,.T.);
#9792=ORIENTED_EDGE('',*,*,#9791,.F.);
#9793=ORIENTED_EDGE('',*,*,#9752,.T.);
#9794=ORIENTED_EDGE('',*,*,#9720,.T.);
#9795=CARTESIAN_POINT('',(4681.981289476,-303.123824677,19.945002366));
#9796=DIRECTION('',(-0.338858141,-0.940837478,-0.));
#9797=DIRECTION('',(-0.940837478,0.338858141,0.));
#9798=AXIS2_PLACEMENT_3D('',#9795,#9796,#9797);
#9799=CIRCLE('',#9798,2.329225521);
#9800=EDGE_CURVE('',#9706,#9779,#9799,.T.);
#9801=ORIENTED_EDGE('',*,*,#9800,.T.);
#9802=EDGE_LOOP('',(#9785,#9786,#9792,#9793,#9794,#9801));
#9803=FACE_BOUND('',#9802,.T.);
#9804=ADVANCED_FACE('',(#9803),#9777,.T.);
#9805=CARTESIAN_POINT('',(4683.176730804,-297.145199139,13.81252159));
#9806=DIRECTION('',(0.338858141,0.940837478,0.));
#9807=DIRECTION('',(0.940837478,-0.338858141,0.));
#9808=AXIS2_PLACEMENT_3D('',#9805,#9806,#9807);
#9809=PLANE('',#9808);
#9810=ORIENTED_EDGE('',*,*,#9686,.T.);
#9811=ORIENTED_EDGE('',*,*,#9693,.T.);
#9812=EDGE_LOOP('',(#9810,#9811));
#9813=FACE_BOUND('',#9812,.T.);
#9814=CARTESIAN_POINT('',(4681.85223423,-296.668159844,19.638525869));
#9815=VERTEX_POINT('',#9814);
#9816=CARTESIAN_POINT('',(4684.024604067,-297.450574684,19.945002366));
#9817=DIRECTION('',(0.338858141,0.940837478,0.));
#9818=DIRECTION('',(-0.940837478,0.338858141,0.));
#9819=AXIS2_PLACEMENT_3D('',#9816,#9817,#9818);
#9820=CIRCLE('',#9819,2.329225521);
#9821=EDGE_CURVE('',#9815,#9704,#9820,.T.);
#9822=ORIENTED_EDGE('',*,*,#9821,.T.);
#9823=ORIENTED_EDGE('',*,*,#9735,.T.);
#9824=ORIENTED_EDGE('',*,*,#9767,.T.);
#9825=CARTESIAN_POINT('',(4687.490130718,-298.698741287,12.12));
#9826=VERTEX_POINT('',#9825);
#9827=CARTESIAN_POINT('',(4686.690201624,-298.410633625,19.791853463));
#9828=DIRECTION('',(0.103633559,-0.037325336,-0.993914938));
#9829=VECTOR('',#9828,7.718822977);
#9830=LINE('',#9827,#9829);
#9831=EDGE_CURVE('',#9755,#9826,#9830,.T.);
#9832=ORIENTED_EDGE('',*,*,#9831,.T.);
#9833=CARTESIAN_POINT('',(4682.338931947,-296.843452058,12.12));
#9834=VERTEX_POINT('',#9833);
#9835=CARTESIAN_POINT('',(4687.490130718,-298.698741287,12.12));
#9836=DIRECTION('',(-0.940837478,0.338858141,-0.));
#9837=VECTOR('',#9836,5.475120721);
#9838=LINE('',#9835,#9837);
#9839=EDGE_CURVE('',#9826,#9834,#9838,.T.);
#9840=ORIENTED_EDGE('',*,*,#9839,.T.);
#9841=CARTESIAN_POINT('',(4681.85223423,-296.668159845,19.638525869));
#9842=DIRECTION('',(0.064580451,-0.023259715,-0.997641394));
#9843=VECTOR('',#9842,7.536301033);
#9844=LINE('',#9841,#9843);
#9845=EDGE_CURVE('',#9815,#9834,#9844,.T.);
#9846=ORIENTED_EDGE('',*,*,#9845,.F.);
#9847=EDGE_LOOP('',(#9822,#9823,#9824,#9832,#9840,#9846));
#9848=FACE_BOUND('',#9847,.T.);
#9849=ADVANCED_FACE('',(#9813,#9848),#9809,.T.);
#9850=CARTESIAN_POINT('',(4735.848728078,-313.75628811,12.12));
#9851=DIRECTION('',(-0.940837478,0.338858141,0.));
#9852=DIRECTION('',(0.,0.,-1.));
#9853=AXIS2_PLACEMENT_3D('',#9850,#9851,#9852);
#9854=CYLINDRICAL_SURFACE('',#9853,2.22);
#9855=ORIENTED_EDGE('',*,*,#9127,.F.);
#9856=CARTESIAN_POINT('',(4682.338931947,-296.843452058,12.12));
#9857=CARTESIAN_POINT('',(4682.381958965,-296.858948948,11.455316896));
#9858=CARTESIAN_POINT('',(4682.541683214,-296.528230364,10.900000001));
#9859=(BOUNDED_CURVE()
B_SPLINE_CURVE(2,(#9856,#9857,#9858),.UNSPECIFIED.,.F.,.F.)
B_SPLINE_CURVE_WITH_KNOTS((3,3),(89.99999998,123.228498659),.UNSPECIFIED.)
CURVE()
GEOMETRIC_REPRESENTATION_ITEM()
RATIONAL_B_SPLINE_CURVE((1.,0.943791803,0.970593117))
REPRESENTATION_ITEM(''));
#9860=EDGE_CURVE('',#9834,#9116,#9859,.T.);
#9861=ORIENTED_EDGE('',*,*,#9860,.F.);
#9862=ORIENTED_EDGE('',*,*,#9839,.F.);
#9863=CARTESIAN_POINT('',(4687.490130719,-298.698741285,12.12));
#9864=CARTESIAN_POINT('',(4687.559435922,-298.723702697,11.455316887));
#9865=CARTESIAN_POINT('',(4687.741114575,-298.400891345,10.899999988));
#9866=(BOUNDED_CURVE()
B_SPLINE_CURVE(2,(#9863,#9864,#9865),.UNSPECIFIED.,.F.,.F.)
B_SPLINE_CURVE_WITH_KNOTS((3,3),(146.096403358,179.999999988),.UNSPECIFIED.)
CURVE()
GEOMETRIC_REPRESENTATION_ITEM()
RATIONAL_B_SPLINE_CURVE((1.,0.889665183,0.86245808))
REPRESENTATION_ITEM(''));
#9867=EDGE_CURVE('',#9826,#9100,#9866,.T.);
#9868=ORIENTED_EDGE('',*,*,#9867,.T.);
#9869=EDGE_LOOP('',(#9855,#9861,#9862,#9868));
#9870=FACE_BOUND('',#9869,.T.);
#9871=ADVANCED_FACE('',(#9870),#9854,.F.);
#9872=CARTESIAN_POINT('',(4685.480053656,-302.258196664,18.300981058));
#9873=DIRECTION('',(0.935112424,-0.336796168,0.11015033));
#9874=DIRECTION('',(-0.338858141,-0.940837478,0.));
#9875=AXIS2_PLACEMENT_3D('',#9872,#9873,#9874);
#9876=PLANE('',#9875);
#9877=ORIENTED_EDGE('',*,*,#9791,.T.);
#9878=ORIENTED_EDGE('',*,*,#9105,.T.);
#9879=ORIENTED_EDGE('',*,*,#9867,.F.);
#9880=ORIENTED_EDGE('',*,*,#9831,.F.);
#9881=ORIENTED_EDGE('',*,*,#9760,.T.);
#9882=EDGE_LOOP('',(#9877,#9878,#9879,#9880,#9881));
#9883=FACE_BOUND('',#9882,.T.);
#9884=ADVANCED_FACE('',(#9883),#9876,.T.);
#9885=CARTESIAN_POINT('',(4680.583506601,-300.494624455,18.142063763));
#9886=DIRECTION('',(-0.938618413,0.338058908,-0.068641452));
#9887=DIRECTION('',(0.33885814,0.940837478,-0.));
#9888=AXIS2_PLACEMENT_3D('',#9885,#9886,#9887);
#9889=PLANE('',#9888);
#9890=ORIENTED_EDGE('',*,*,#9860,.T.);
#9891=ORIENTED_EDGE('',*,*,#9121,.T.);
#9892=ORIENTED_EDGE('',*,*,#9784,.F.);
#9893=CARTESIAN_POINT('',(4679.808919644,-302.341409839,19.638525854));
#9894=DIRECTION('',(0.33885814,0.940837478,-0.));
#9895=VECTOR('',#9894,6.03);
#9896=LINE('',#9893,#9895);
#9897=EDGE_CURVE('',#9779,#9815,#9896,.T.);
#9898=ORIENTED_EDGE('',*,*,#9897,.T.);
#9899=ORIENTED_EDGE('',*,*,#9845,.T.);
#9900=EDGE_LOOP('',(#9890,#9891,#9892,#9898,#9899));
#9901=FACE_BOUND('',#9900,.T.);
#9902=ADVANCED_FACE('',(#9901),#9889,.T.);
#9903=CARTESIAN_POINT('',(4712.297186757,-285.813016113,16.54154868));
#9904=DIRECTION('',(-0.645359264,0.763879192,-0.000000525));
#9905=DIRECTION('',(0.000000107,-0.000000597,-1.));
#9906=AXIS2_PLACEMENT_3D('',#9903,#9904,#9905);
#9907=PLANE('',#9906);
#9908=CARTESIAN_POINT('',(4710.116490342,-287.655363821,19.505212248));
#9909=VERTEX_POINT('',#9908);
#9910=CARTESIAN_POINT('',(4711.22271957,-286.720771953,19.505211809));
#9911=DIRECTION('',(-0.645359264,0.763879192,-0.000000525));
#9912=DIRECTION('',(-0.763879192,-0.645359264,0.000000303));
#9913=AXIS2_PLACEMENT_3D('',#9910,#9911,#9912);
#9914=CIRCLE('',#9913,1.448173009);
#9915=EDGE_CURVE('',#9909,#9909,#9914,.T.);
#9916=ORIENTED_EDGE('',*,*,#9915,.F.);
#9917=EDGE_LOOP('',(#9916));
#9918=FACE_BOUND('',#9917,.T.);
#9919=ADVANCED_FACE('',(#9918),#9907,.F.);
#9920=CARTESIAN_POINT('',(4714.59794852,-290.715860128,19.505214555));
#9921=DIRECTION('',(-0.645359264,0.763879192,-0.000000525));
#9922=DIRECTION('',(-0.763879192,-0.645359264,0.000000303));
#9923=AXIS2_PLACEMENT_3D('',#9920,#9921,#9922);
#9924=CYLINDRICAL_SURFACE('',#9923,1.448173009);
#9925=CARTESIAN_POINT('',(4713.814398925,-292.032391592,19.505215256));
#9926=VERTEX_POINT('',#9925);
#9927=CARTESIAN_POINT('',(4710.116490342,-287.655363821,19.505212248));
#9928=DIRECTION('',(0.645359264,-0.763879192,0.000000525));
#9929=VECTOR('',#9928,5.73);
#9930=LINE('',#9927,#9929);
#9931=EDGE_CURVE('',#9909,#9926,#9930,.T.);
#9932=ORIENTED_EDGE('',*,*,#9931,.F.);
#9933=ORIENTED_EDGE('',*,*,#9915,.T.);
#9934=ORIENTED_EDGE('',*,*,#9931,.T.);
#9935=CARTESIAN_POINT('',(4714.920628153,-291.097799725,19.505214818));
#9936=DIRECTION('',(0.645359264,-0.763879192,0.000000525));
#9937=DIRECTION('',(-0.763879192,-0.645359264,0.000000303));
#9938=AXIS2_PLACEMENT_3D('',#9935,#9936,#9937);
#9939=CIRCLE('',#9938,1.448173009);
#9940=EDGE_CURVE('',#9926,#9926,#9939,.T.);
#9941=ORIENTED_EDGE('',*,*,#9940,.T.);
#9942=EDGE_LOOP('',(#9932,#9933,#9934,#9941));
#9943=FACE_BOUND('',#9942,.T.);
#9944=ADVANCED_FACE('',(#9943),#9924,.F.);
#9945=CARTESIAN_POINT('',(4714.92062826,-291.097800321,18.505214818));
#9946=DIRECTION('',(0.645359264,-0.763879192,0.000000525));
#9947=DIRECTION('',(-0.000000107,0.000000597,1.));
#9948=AXIS2_PLACEMENT_3D('',#9945,#9946,#9947);
#9949=PLANE('',#9948);
#9950=CARTESIAN_POINT('',(4713.614394734,-292.201364066,19.505215336));
#9951=VERTEX_POINT('',#9950);
#9952=CARTESIAN_POINT('',(4714.920628336,-291.097800745,17.795214817));
#9953=VERTEX_POINT('',#9952);
#9954=CARTESIAN_POINT('',(4714.920628153,-291.097799724,19.505214818));
#9955=DIRECTION('',(0.645359264,-0.763879192,0.000000525));
#9956=DIRECTION('',(-0.763879192,-0.645359264,0.000000303));
#9957=AXIS2_PLACEMENT_3D('',#9954,#9955,#9956);
#9958=CIRCLE('',#9957,1.71);
#9959=EDGE_CURVE('',#9951,#9953,#9958,.T.);
#9960=ORIENTED_EDGE('',*,*,#9959,.T.);
#9961=CARTESIAN_POINT('',(4714.920628153,-291.097799724,19.505214818));
#9962=DIRECTION('',(0.645359264,-0.763879192,0.000000525));
#9963=DIRECTION('',(-0.763879192,-0.645359264,0.000000303));
#9964=AXIS2_PLACEMENT_3D('',#9961,#9962,#9963);
#9965=CIRCLE('',#9964,1.71);
#9966=EDGE_CURVE('',#9953,#9951,#9965,.T.);
#9967=ORIENTED_EDGE('',*,*,#9966,.T.);
#9968=EDGE_LOOP('',(#9960,#9967));
#9969=FACE_BOUND('',#9968,.T.);
#9970=ORIENTED_EDGE('',*,*,#9940,.F.);
#9971=EDGE_LOOP('',(#9970));
#9972=FACE_BOUND('',#9971,.T.);
#9973=ADVANCED_FACE('',(#9969,#9972),#9949,.T.);
#9974=CARTESIAN_POINT('',(4714.798009892,-290.952662677,19.505214718));
#9975=DIRECTION('',(-0.645359264,0.763879192,-0.000000525));
#9976=DIRECTION('',(0.000000107,-0.000000597,-1.));
#9977=AXIS2_PLACEMENT_3D('',#9974,#9975,#9976);
#9978=CONICAL_SURFACE('',#9977,1.9,44.999999898);
#9979=CARTESIAN_POINT('',(4714.597948757,-290.715861446,17.295214556));
#9980=VERTEX_POINT('',#9979);
#9981=CARTESIAN_POINT('',(4714.597948757,-290.715861446,17.295214556));
#9982=DIRECTION('',(0.456337837,-0.540143736,0.707107151));
#9983=VECTOR('',#9982,0.707106781);
#9984=LINE('',#9981,#9983);
#9985=EDGE_CURVE('',#9980,#9953,#9984,.T.);
#9986=ORIENTED_EDGE('',*,*,#9985,.T.);
#9987=ORIENTED_EDGE('',*,*,#9959,.F.);
#9988=ORIENTED_EDGE('',*,*,#9966,.F.);
#9989=ORIENTED_EDGE('',*,*,#9985,.F.);
#9990=CARTESIAN_POINT('',(4712.909775506,-292.142104101,19.505215225));
#9991=VERTEX_POINT('',#9990);
#9992=CARTESIAN_POINT('',(4714.59794852,-290.715860128,19.505214555));
#9993=DIRECTION('',(-0.645359264,0.763879192,-0.000000525));
#9994=DIRECTION('',(-0.763879192,-0.645359264,0.000000303));
#9995=AXIS2_PLACEMENT_3D('',#9992,#9993,#9994);
#9996=CIRCLE('',#9995,2.209999999);
#9997=EDGE_CURVE('',#9991,#9980,#9996,.T.);
#9998=ORIENTED_EDGE('',*,*,#9997,.F.);
#9999=CARTESIAN_POINT('',(4714.59794852,-290.715860128,19.505214555));
#10000=DIRECTION('',(-0.645359264,0.763879192,-0.000000525));
#10001=DIRECTION('',(-0.763879192,-0.645359264,0.000000303));
#10002=AXIS2_PLACEMENT_3D('',#9999,#10000,#10001);
#10003=CIRCLE('',#10002,2.209999999);
#10004=EDGE_CURVE('',#9980,#9991,#10003,.T.);
#10005=ORIENTED_EDGE('',*,*,#10004,.F.);
#10006=EDGE_LOOP('',(#9986,#9987,#9988,#9989,#9998,#10005));
#10007=FACE_BOUND('',#10006,.T.);
#10008=ADVANCED_FACE('',(#10007),#9978,.T.);
#10009=CARTESIAN_POINT('',(4712.107638799,-287.544081388,19.944949515));
#10010=DIRECTION('',(0.645359264,-0.763879192,0.000000525));
#10011=DIRECTION('',(0.763879192,0.645359264,-0.000000303));
#10012=AXIS2_PLACEMENT_3D('',#10009,#10010,#10011);
#10013=CYLINDRICAL_SURFACE('',#10012,2.329225521);
#10014=CARTESIAN_POINT('',(4716.487683542,-289.119327264,19.944950925));
#10015=VERTEX_POINT('',#10014);
#10016=CARTESIAN_POINT('',(4712.59616718,-284.513135735,19.944947759));
#10017=VERTEX_POINT('',#10016);
#10018=CARTESIAN_POINT('',(4716.487683542,-289.119327264,19.944950925));
#10019=DIRECTION('',(-0.645359264,0.763879192,-0.000000525));
#10020=VECTOR('',#10019,6.03);
#10021=LINE('',#10018,#10020);
#10022=EDGE_CURVE('',#10015,#10017,#10021,.T.);
#10023=ORIENTED_EDGE('',*,*,#10022,.T.);
#10024=CARTESIAN_POINT('',(4710.816920025,-286.016321609,22.274173986));
#10025=VERTEX_POINT('',#10024);
#10026=CARTESIAN_POINT('',(4710.816920271,-286.016323003,19.944948465));
#10027=DIRECTION('',(-0.645359264,0.763879192,-0.000000525));
#10028=DIRECTION('',(0.763879192,0.645359264,-0.000000303));
#10029=AXIS2_PLACEMENT_3D('',#10026,#10027,#10028);
#10030=CIRCLE('',#10029,2.329225521);
#10031=EDGE_CURVE('',#10025,#10017,#10030,.T.);
#10032=ORIENTED_EDGE('',*,*,#10031,.F.);
#10033=CARTESIAN_POINT('',(4714.708436387,-290.622513138,22.274177152));
#10034=VERTEX_POINT('',#10033);
#10035=CARTESIAN_POINT('',(4714.708436383,-290.622513141,22.274177152));
#10036=DIRECTION('',(-0.645359264,0.763879192,-0.000000525));
#10037=VECTOR('',#10036,6.03);
#10038=LINE('',#10035,#10037);
#10039=EDGE_CURVE('',#10034,#10025,#10038,.T.);
#10040=ORIENTED_EDGE('',*,*,#10039,.F.);
#10041=CARTESIAN_POINT('',(4714.708436633,-290.622514532,19.944951631));
#10042=DIRECTION('',(0.645359264,-0.763879192,0.000000525));
#10043=DIRECTION('',(0.763879192,0.645359264,-0.000000303));
#10044=AXIS2_PLACEMENT_3D('',#10041,#10042,#10043);
#10045=CIRCLE('',#10044,2.329225521);
#10046=EDGE_CURVE('',#10015,#10034,#10045,.T.);
#10047=ORIENTED_EDGE('',*,*,#10046,.F.);
#10048=EDGE_LOOP('',(#10023,#10032,#10040,#10047));
#10049=FACE_BOUND('',#10048,.T.);
#10050=ADVANCED_FACE('',(#10049),#10013,.T.);
#10051=CARTESIAN_POINT('',(4714.800661919,-290.544598949,19.278369884));
#10052=DIRECTION('',(0.645359264,-0.763879192,0.000000525));
#10053=DIRECTION('',(0.763879192,0.645359264,-0.000000303));
#10054=AXIS2_PLACEMENT_3D('',#10051,#10052,#10053);
#10055=CYLINDRICAL_SURFACE('',#10054,2.998239043);
#10056=CARTESIAN_POINT('',(4708.652684104,-287.8447665,19.791800393));
#10057=VERTEX_POINT('',#10056);
#10058=CARTESIAN_POINT('',(4710.909145557,-285.93840742,19.278366718));
#10059=DIRECTION('',(-0.645359264,0.763879192,-0.000000525));
#10060=DIRECTION('',(0.763879192,0.645359264,-0.000000303));
#10061=AXIS2_PLACEMENT_3D('',#10058,#10059,#10060);
#10062=CIRCLE('',#10061,2.998239043);
#10063=EDGE_CURVE('',#10057,#10025,#10062,.T.);
#10064=ORIENTED_EDGE('',*,*,#10063,.F.);
#10065=CARTESIAN_POINT('',(4712.54420047,-292.450958024,19.791803587));
#10066=VERTEX_POINT('',#10065);
#10067=CARTESIAN_POINT('',(4712.54420047,-292.450958025,19.79180359));
#10068=DIRECTION('',(-0.645359264,0.763879192,-0.000000525));
#10069=VECTOR('',#10068,6.029999999);
#10070=LINE('',#10067,#10069);
#10071=EDGE_CURVE('',#10066,#10057,#10070,.T.);
#10072=ORIENTED_EDGE('',*,*,#10071,.F.);
#10073=CARTESIAN_POINT('',(4714.800661919,-290.54459895,19.278369884));
#10074=DIRECTION('',(0.645359264,-0.763879192,0.000000525));
#10075=DIRECTION('',(0.763879192,0.645359264,-0.000000303));
#10076=AXIS2_PLACEMENT_3D('',#10073,#10074,#10075);
#10077=CIRCLE('',#10076,2.998239043);
#10078=EDGE_CURVE('',#10034,#10066,#10077,.T.);
#10079=ORIENTED_EDGE('',*,*,#10078,.F.);
#10080=ORIENTED_EDGE('',*,*,#10039,.T.);
#10081=EDGE_LOOP('',(#10064,#10072,#10079,#10080));
#10082=FACE_BOUND('',#10081,.T.);
#10083=ADVANCED_FACE('',(#10082),#10055,.T.);
#10084=CARTESIAN_POINT('',(4711.780899345,-285.201912759,16.54154826));
#10085=DIRECTION('',(-0.645359264,0.763879192,-0.000000525));
#10086=DIRECTION('',(0.000000107,-0.000000597,-1.));
#10087=AXIS2_PLACEMENT_3D('',#10084,#10085,#10086);
#10088=PLANE('',#10087);
#10089=CARTESIAN_POINT('',(4712.580697949,-284.526205043,19.638471241));
#10090=VERTEX_POINT('',#10089);
#10091=CARTESIAN_POINT('',(4712.580697949,-284.526205043,19.638471241));
#10092=DIRECTION('',(-0.05243367,-0.044298992,-0.997641373));
#10093=VECTOR('',#10092,8.759130761);
#10094=LINE('',#10091,#10093);
#10095=EDGE_CURVE('',#10090,#9561,#10094,.T.);
#10096=ORIENTED_EDGE('',*,*,#10095,.T.);
#10097=ORIENTED_EDGE('',*,*,#9566,.T.);
#10098=CARTESIAN_POINT('',(4708.652684104,-287.844766501,19.791800393));
#10099=DIRECTION('',(-0.084141438,-0.071087129,-0.993914905));
#10100=VECTOR('',#10099,8.946239107);
#10101=LINE('',#10098,#10100);
#10102=EDGE_CURVE('',#10057,#9551,#10101,.T.);
#10103=ORIENTED_EDGE('',*,*,#10102,.F.);
#10104=ORIENTED_EDGE('',*,*,#10063,.T.);
#10105=ORIENTED_EDGE('',*,*,#10031,.T.);
#10106=CARTESIAN_POINT('',(4710.816920271,-286.016323003,19.944948465));
#10107=DIRECTION('',(-0.645359264,0.763879192,-0.000000525));
#10108=DIRECTION('',(0.763879192,0.645359264,-0.000000303));
#10109=AXIS2_PLACEMENT_3D('',#10106,#10107,#10108);
#10110=CIRCLE('',#10109,2.329225521);
#10111=EDGE_CURVE('',#10017,#10090,#10110,.T.);
#10112=ORIENTED_EDGE('',*,*,#10111,.T.);
#10113=EDGE_LOOP('',(#10096,#10097,#10103,#10104,#10105,#10112));
#10114=FACE_BOUND('',#10113,.T.);
#10115=ADVANCED_FACE('',(#10114),#10088,.T.);
#10116=CARTESIAN_POINT('',(4715.396837527,-290.04092692,13.812470582));
#10117=DIRECTION('',(0.645359264,-0.763879192,0.000000525));
#10118=DIRECTION('',(-0.763879192,-0.645359264,0.000000303));
#10119=AXIS2_PLACEMENT_3D('',#10116,#10117,#10118);
#10120=PLANE('',#10119);
#10121=ORIENTED_EDGE('',*,*,#9997,.T.);
#10122=ORIENTED_EDGE('',*,*,#10004,.T.);
#10123=EDGE_LOOP('',(#10121,#10122));
#10124=FACE_BOUND('',#10123,.T.);
#10125=CARTESIAN_POINT('',(4716.472214315,-289.132396569,19.638474434));
#10126=VERTEX_POINT('',#10125);
#10127=CARTESIAN_POINT('',(4714.708436633,-290.622514532,19.944951631));
#10128=DIRECTION('',(0.645359264,-0.763879192,0.000000525));
#10129=DIRECTION('',(0.763879192,0.645359264,-0.000000303));
#10130=AXIS2_PLACEMENT_3D('',#10127,#10128,#10129);
#10131=CIRCLE('',#10130,2.329225521);
#10132=EDGE_CURVE('',#10126,#10015,#10131,.T.);
#10133=ORIENTED_EDGE('',*,*,#10132,.T.);
#10134=ORIENTED_EDGE('',*,*,#10046,.T.);
#10135=ORIENTED_EDGE('',*,*,#10078,.T.);
#10136=CARTESIAN_POINT('',(4711.894727601,-292.999666988,12.119950382));
#10137=VERTEX_POINT('',#10136);
#10138=CARTESIAN_POINT('',(4712.54420047,-292.450958024,19.791803587));
#10139=DIRECTION('',(-0.084141439,-0.071087129,-0.993914905));
#10140=VECTOR('',#10139,7.718822977);
#10141=LINE('',#10138,#10140);
#10142=EDGE_CURVE('',#10066,#10137,#10141,.T.);
#10143=ORIENTED_EDGE('',*,*,#10142,.T.);
#10144=CARTESIAN_POINT('',(4716.077058394,-289.466247109,12.119948722));
#10145=VERTEX_POINT('',#10144);
#10146=CARTESIAN_POINT('',(4711.894727601,-292.999666988,12.119950382));
#10147=DIRECTION('',(0.763879192,0.645359264,-0.000000303));
#10148=VECTOR('',#10147,5.475120721);
#10149=LINE('',#10146,#10148);
#10150=EDGE_CURVE('',#10137,#10145,#10149,.T.);
#10151=ORIENTED_EDGE('',*,*,#10150,.T.);
#10152=CARTESIAN_POINT('',(4716.472214315,-289.132396568,19.638474434));
#10153=DIRECTION('',(-0.05243367,-0.044298992,-0.997641373));
#10154=VECTOR('',#10153,7.536301033);
#10155=LINE('',#10152,#10154);
#10156=EDGE_CURVE('',#10126,#10145,#10155,.T.);
#10157=ORIENTED_EDGE('',*,*,#10156,.F.);
#10158=EDGE_LOOP('',(#10133,#10134,#10135,#10143,#10151,#10157));
#10159=FACE_BOUND('',#10158,.T.);
#10160=ADVANCED_FACE('',(#10124,#10159),#10120,.T.);
#10161=CARTESIAN_POINT('',(4674.675173875,-327.350627315,12.119966884));
#10162=DIRECTION('',(0.763879192,0.645359264,-0.000000303));
#10163=DIRECTION('',(0.000000107,-0.000000597,-1.));
#10164=AXIS2_PLACEMENT_3D('',#10161,#10162,#10163);
#10165=CYLINDRICAL_SURFACE('',#10164,2.22);
#10166=ORIENTED_EDGE('',*,*,#9581,.F.);
#10167=CARTESIAN_POINT('',(4716.077058394,-289.466247109,12.119948722));
#10168=CARTESIAN_POINT('',(4716.042125974,-289.495760035,11.455298929));
#10169=CARTESIAN_POINT('',(4716.248653536,-289.799418694,10.900000001));
#10170=(BOUNDED_CURVE()
B_SPLINE_CURVE(2,(#10167,#10168,#10169),.UNSPECIFIED.,.F.,.F.)
B_SPLINE_CURVE_WITH_KNOTS((3,3),(89.99999998,123.226927633),.UNSPECIFIED.)
CURVE()
GEOMETRIC_REPRESENTATION_ITEM()
RATIONAL_B_SPLINE_CURVE((1.,0.943794461,0.970590583))
REPRESENTATION_ITEM(''));
#10171=EDGE_CURVE('',#10145,#9569,#10170,.T.);
#10172=ORIENTED_EDGE('',*,*,#10171,.F.);
#10173=ORIENTED_EDGE('',*,*,#10150,.F.);
#10174=CARTESIAN_POINT('',(4711.894727603,-292.99966699,12.119950382));
#10175=CARTESIAN_POINT('',(4711.838460531,-293.047204383,11.455299496));
#10176=CARTESIAN_POINT('',(4712.027164242,-293.365922879,10.899999988));
#10177=(BOUNDED_CURVE()
B_SPLINE_CURVE(2,(#10174,#10175,#10176),.UNSPECIFIED.,.F.,.F.)
B_SPLINE_CURVE_WITH_KNOTS((3,3),(146.097864807,179.999999988),.UNSPECIFIED.)
CURVE()
GEOMETRIC_REPRESENTATION_ITEM()
RATIONAL_B_SPLINE_CURVE((1.,0.889669939,0.862460426))
REPRESENTATION_ITEM(''));
#10178=EDGE_CURVE('',#10137,#9553,#10177,.T.);
#10179=ORIENTED_EDGE('',*,*,#10178,.T.);
#10180=EDGE_LOOP('',(#10166,#10172,#10173,#10179));
#10181=FACE_BOUND('',#10180,.T.);
#10182=ADVANCED_FACE('',(#10181),#10165,.F.);
#10183=CARTESIAN_POINT('',(4709.817190478,-289.479155576,18.300929116));
#10184=DIRECTION('',(-0.759230952,-0.641432148,0.110150631));
#10185=DIRECTION('',(-0.645359264,0.763879192,-0.000000525));
#10186=AXIS2_PLACEMENT_3D('',#10183,#10184,#10185);
#10187=PLANE('',#10186);
#10188=ORIENTED_EDGE('',*,*,#10102,.T.);
#10189=ORIENTED_EDGE('',*,*,#9558,.T.);
#10190=ORIENTED_EDGE('',*,*,#10178,.F.);
#10191=ORIENTED_EDGE('',*,*,#10142,.F.);
#10192=ORIENTED_EDGE('',*,*,#10071,.T.);
#10193=EDGE_LOOP('',(#10188,#10189,#10190,#10191,#10192));
#10194=FACE_BOUND('',#10193,.T.);
#10195=ADVANCED_FACE('',(#10194),#10187,.T.);
#10196=CARTESIAN_POINT('',(4713.792765973,-286.120411914,18.142010244));
#10197=DIRECTION('',(0.762077509,0.643837075,-0.068641754));
#10198=DIRECTION('',(0.645359265,-0.763879192,0.000000525));
#10199=AXIS2_PLACEMENT_3D('',#10196,#10197,#10198);
#10200=PLANE('',#10199);
#10201=ORIENTED_EDGE('',*,*,#10171,.T.);
#10202=ORIENTED_EDGE('',*,*,#9574,.T.);
#10203=ORIENTED_EDGE('',*,*,#10095,.F.);
#10204=CARTESIAN_POINT('',(4712.58069795,-284.526205043,19.638471254));
#10205=DIRECTION('',(0.645359265,-0.763879192,0.000000525));
#10206=VECTOR('',#10205,6.03);
#10207=LINE('',#10204,#10206);
#10208=EDGE_CURVE('',#10090,#10126,#10207,.T.);
#10209=ORIENTED_EDGE('',*,*,#10208,.T.);
#10210=ORIENTED_EDGE('',*,*,#10156,.T.);
#10211=EDGE_LOOP('',(#10201,#10202,#10203,#10209,#10210));
#10212=FACE_BOUND('',#10211,.T.);
#10213=ADVANCED_FACE('',(#10212),#10200,.T.);
#10214=CARTESIAN_POINT('',(4723.6,-317.2,25.9));
#10215=DIRECTION('',(-0.,-0.,1.));
#10216=DIRECTION('',(-1.,-0.,-0.));
#10217=AXIS2_PLACEMENT_3D('',#10214,#10215,#10216);
#10218=CYLINDRICAL_SURFACE('',#10217,1.5);
#10219=CARTESIAN_POINT('',(4722.1,-317.2,9.9));
#10220=VERTEX_POINT('',#10219);
#10221=CARTESIAN_POINT('',(4722.1,-317.2,7.9));
#10222=VERTEX_POINT('',#10221);
#10223=CARTESIAN_POINT('',(4722.1,-317.2,9.9));
#10224=DIRECTION('',(0.,0.,-1.));
#10225=VECTOR('',#10224,2.);
#10226=LINE('',#10223,#10225);
#10227=EDGE_CURVE('',#10220,#10222,#10226,.T.);
#10228=ORIENTED_EDGE('',*,*,#10227,.F.);
#10229=CARTESIAN_POINT('',(4725.1,-317.2,9.9));
#10230=VERTEX_POINT('',#10229);
#10231=CARTESIAN_POINT('',(4723.6,-317.2,9.9));
#10232=DIRECTION('',(0.,0.,1.));
#10233=DIRECTION('',(1.,0.,-0.));
#10234=AXIS2_PLACEMENT_3D('',#10231,#10232,#10233);
#10235=CIRCLE('',#10234,1.5);
#10236=EDGE_CURVE('',#10220,#10230,#10235,.T.);
#10237=ORIENTED_EDGE('',*,*,#10236,.T.);
#10238=CARTESIAN_POINT('',(4723.6,-317.2,9.9));
#10239=DIRECTION('',(0.,0.,1.));
#10240=DIRECTION('',(1.,0.,-0.));
#10241=AXIS2_PLACEMENT_3D('',#10238,#10239,#10240);
#10242=CIRCLE('',#10241,1.5);
#10243=EDGE_CURVE('',#10230,#10220,#10242,.T.);
#10244=ORIENTED_EDGE('',*,*,#10243,.T.);
#10245=ORIENTED_EDGE('',*,*,#10227,.T.);
#10246=CARTESIAN_POINT('',(4723.6,-317.2,7.9));
#10247=DIRECTION('',(0.,0.,-1.));
#10248=DIRECTION('',(-1.,0.,-0.));
#10249=AXIS2_PLACEMENT_3D('',#10246,#10247,#10248);
#10250=CIRCLE('',#10249,1.5);
#10251=EDGE_CURVE('',#10222,#10222,#10250,.T.);
#10252=ORIENTED_EDGE('',*,*,#10251,.T.);
#10253=EDGE_LOOP('',(#10228,#10237,#10244,#10245,#10252));
#10254=FACE_BOUND('',#10253,.T.);
#10255=ADVANCED_FACE('',(#10254),#10218,.F.);
#10256=CARTESIAN_POINT('',(4719.,107.9,7.9));
#10257=DIRECTION('',(0.,0.,1.));
#10258=DIRECTION('',(-1.,-0.,0.));
#10259=AXIS2_PLACEMENT_3D('',#10256,#10257,#10258);
#10260=PLANE('',#10259);
#10261=CARTESIAN_POINT('',(4705.1,-284.7,7.9));
#10262=VERTEX_POINT('',#10261);
#10263=CARTESIAN_POINT('',(4707.6,-282.2,7.9));
#10264=VERTEX_POINT('',#10263);
#10265=CARTESIAN_POINT('',(4705.1,-282.2,7.9));
#10266=DIRECTION('',(0.,0.,1.));
#10267=DIRECTION('',(1.,0.,-0.));
#10268=AXIS2_PLACEMENT_3D('',#10265,#10266,#10267);
#10269=CIRCLE('',#10268,2.5);
#10270=EDGE_CURVE('',#10262,#10264,#10269,.T.);
#10271=ORIENTED_EDGE('',*,*,#10270,.T.);
#10272=CARTESIAN_POINT('',(4710.1,-279.7,7.9));
#10273=VERTEX_POINT('',#10272);
#10274=CARTESIAN_POINT('',(4710.1,-282.2,7.9));
#10275=DIRECTION('',(-0.,-0.,-1.));
#10276=DIRECTION('',(1.,0.,-0.));
#10277=AXIS2_PLACEMENT_3D('',#10274,#10275,#10276);
#10278=CIRCLE('',#10277,2.5);
#10279=EDGE_CURVE('',#10264,#10273,#10278,.T.);
#10280=ORIENTED_EDGE('',*,*,#10279,.T.);
#10281=CARTESIAN_POINT('',(4712.6,-282.2,7.9));
#10282=VERTEX_POINT('',#10281);
#10283=CARTESIAN_POINT('',(4710.1,-282.2,7.9));
#10284=DIRECTION('',(-0.,-0.,-1.));
#10285=DIRECTION('',(1.,0.,-0.));
#10286=AXIS2_PLACEMENT_3D('',#10283,#10284,#10285);
#10287=CIRCLE('',#10286,2.5);
#10288=EDGE_CURVE('',#10273,#10282,#10287,.T.);
#10289=ORIENTED_EDGE('',*,*,#10288,.T.);
#10290=CARTESIAN_POINT('',(4715.1,-284.7,7.9));
#10291=VERTEX_POINT('',#10290);
#10292=CARTESIAN_POINT('',(4715.1,-282.2,7.9));
#10293=DIRECTION('',(0.,0.,1.));
#10294=DIRECTION('',(1.,0.,-0.));
#10295=AXIS2_PLACEMENT_3D('',#10292,#10293,#10294);
#10296=CIRCLE('',#10295,2.5);
#10297=EDGE_CURVE('',#10282,#10291,#10296,.T.);
#10298=ORIENTED_EDGE('',*,*,#10297,.T.);
#10299=CARTESIAN_POINT('',(4717.2,-284.7,7.9));
#10300=VERTEX_POINT('',#10299);
#10301=CARTESIAN_POINT('',(4715.1,-284.7,7.9));
#10302=DIRECTION('',(1.,0.,-0.));
#10303=VECTOR('',#10302,2.1);
#10304=LINE('',#10301,#10303);
#10305=EDGE_CURVE('',#10291,#10300,#10304,.T.);
#10306=ORIENTED_EDGE('',*,*,#10305,.T.);
#10307=CARTESIAN_POINT('',(4719.7,-287.2,7.9));
#10308=VERTEX_POINT('',#10307);
#10309=CARTESIAN_POINT('',(4717.2,-287.2,7.9));
#10310=DIRECTION('',(-0.,-0.,-1.));
#10311=DIRECTION('',(1.,0.,-0.));
#10312=AXIS2_PLACEMENT_3D('',#10309,#10310,#10311);
#10313=CIRCLE('',#10312,2.5);
#10314=EDGE_CURVE('',#10300,#10308,#10313,.T.);
#10315=ORIENTED_EDGE('',*,*,#10314,.T.);
#10316=CARTESIAN_POINT('',(4719.7,-294.5,7.9));
#10317=VERTEX_POINT('',#10316);
#10318=CARTESIAN_POINT('',(4719.7,-294.5,7.9));
#10319=DIRECTION('',(-0.,1.,-0.));
#10320=VECTOR('',#10319,7.3);
#10321=LINE('',#10318,#10320);
#10322=EDGE_CURVE('',#10317,#10308,#10321,.T.);
#10323=ORIENTED_EDGE('',*,*,#10322,.F.);
#10324=CARTESIAN_POINT('',(4725.9,-294.5,7.9));
#10325=VERTEX_POINT('',#10324);
#10326=CARTESIAN_POINT('',(4719.7,-294.5,7.9));
#10327=DIRECTION('',(1.,0.,-0.));
#10328=VECTOR('',#10327,6.2);
#10329=LINE('',#10326,#10328);
#10330=EDGE_CURVE('',#10317,#10325,#10329,.T.);
#10331=ORIENTED_EDGE('',*,*,#10330,.T.);
#10332=CARTESIAN_POINT('',(4728.4,-297.,7.9));
#10333=VERTEX_POINT('',#10332);
#10334=CARTESIAN_POINT('',(4725.9,-297.,7.9));
#10335=DIRECTION('',(-0.,-0.,-1.));
#10336=DIRECTION('',(1.,0.,-0.));
#10337=AXIS2_PLACEMENT_3D('',#10334,#10335,#10336);
#10338=CIRCLE('',#10337,2.5);
#10339=EDGE_CURVE('',#10325,#10333,#10338,.T.);
#10340=ORIENTED_EDGE('',*,*,#10339,.T.);
#10341=CARTESIAN_POINT('',(4728.4,-320.,7.9));
#10342=VERTEX_POINT('',#10341);
#10343=CARTESIAN_POINT('',(4728.4,-297.,7.9));
#10344=DIRECTION('',(0.,-1.,0.));
#10345=VECTOR('',#10344,23.);
#10346=LINE('',#10343,#10345);
#10347=EDGE_CURVE('',#10333,#10342,#10346,.T.);
#10348=ORIENTED_EDGE('',*,*,#10347,.T.);
#10349=CARTESIAN_POINT('',(4725.9,-322.5,7.9));
#10350=VERTEX_POINT('',#10349);
#10351=CARTESIAN_POINT('',(4725.9,-320.,7.9));
#10352=DIRECTION('',(-0.,-0.,-1.));
#10353=DIRECTION('',(1.,0.,-0.));
#10354=AXIS2_PLACEMENT_3D('',#10351,#10352,#10353);
#10355=CIRCLE('',#10354,2.5);
#10356=EDGE_CURVE('',#10342,#10350,#10355,.T.);
#10357=ORIENTED_EDGE('',*,*,#10356,.T.);
#10358=CARTESIAN_POINT('',(4676.5,-322.5,7.9));
#10359=VERTEX_POINT('',#10358);
#10360=CARTESIAN_POINT('',(4725.9,-322.5,7.9));
#10361=DIRECTION('',(-1.,-0.,0.));
#10362=VECTOR('',#10361,49.4);
#10363=LINE('',#10360,#10362);
#10364=EDGE_CURVE('',#10350,#10359,#10363,.T.);
#10365=ORIENTED_EDGE('',*,*,#10364,.T.);
#10366=CARTESIAN_POINT('',(4674.,-320.,7.9));
#10367=VERTEX_POINT('',#10366);
#10368=CARTESIAN_POINT('',(4676.5,-320.,7.9));
#10369=DIRECTION('',(-0.,-0.,-1.));
#10370=DIRECTION('',(1.,0.,-0.));
#10371=AXIS2_PLACEMENT_3D('',#10368,#10369,#10370);
#10372=CIRCLE('',#10371,2.5);
#10373=EDGE_CURVE('',#10359,#10367,#10372,.T.);
#10374=ORIENTED_EDGE('',*,*,#10373,.T.);
#10375=CARTESIAN_POINT('',(4674.,-297.,7.9));
#10376=VERTEX_POINT('',#10375);
#10377=CARTESIAN_POINT('',(4674.,-320.,7.9));
#10378=DIRECTION('',(-0.,1.,0.));
#10379=VECTOR('',#10378,23.);
#10380=LINE('',#10377,#10379);
#10381=EDGE_CURVE('',#10367,#10376,#10380,.T.);
#10382=ORIENTED_EDGE('',*,*,#10381,.T.);
#10383=CARTESIAN_POINT('',(4676.5,-294.5,7.9));
#10384=VERTEX_POINT('',#10383);
#10385=CARTESIAN_POINT('',(4676.5,-297.,7.9));
#10386=DIRECTION('',(-0.,-0.,-1.));
#10387=DIRECTION('',(1.,0.,-0.));
#10388=AXIS2_PLACEMENT_3D('',#10385,#10386,#10387);
#10389=CIRCLE('',#10388,2.5);
#10390=EDGE_CURVE('',#10376,#10384,#10389,.T.);
#10391=ORIENTED_EDGE('',*,*,#10390,.T.);
#10392=CARTESIAN_POINT('',(4682.7,-294.5,7.9));
#10393=VERTEX_POINT('',#10392);
#10394=CARTESIAN_POINT('',(4676.5,-294.5,7.9));
#10395=DIRECTION('',(1.,0.,-0.));
#10396=VECTOR('',#10395,6.2);
#10397=LINE('',#10394,#10396);
#10398=EDGE_CURVE('',#10384,#10393,#10397,.T.);
#10399=ORIENTED_EDGE('',*,*,#10398,.T.);
#10400=CARTESIAN_POINT('',(4682.7,-287.2,7.9));
#10401=VERTEX_POINT('',#10400);
#10402=CARTESIAN_POINT('',(4682.7,-294.5,7.9));
#10403=DIRECTION('',(-0.,1.,-0.));
#10404=VECTOR('',#10403,7.3);
#10405=LINE('',#10402,#10404);
#10406=EDGE_CURVE('',#10393,#10401,#10405,.T.);
#10407=ORIENTED_EDGE('',*,*,#10406,.T.);
#10408=CARTESIAN_POINT('',(4685.2,-284.7,7.9));
#10409=VERTEX_POINT('',#10408);
#10410=CARTESIAN_POINT('',(4685.2,-287.2,7.9));
#10411=DIRECTION('',(-0.,-0.,-1.));
#10412=DIRECTION('',(1.,0.,-0.));
#10413=AXIS2_PLACEMENT_3D('',#10410,#10411,#10412);
#10414=CIRCLE('',#10413,2.5);
#10415=EDGE_CURVE('',#10401,#10409,#10414,.T.);
#10416=ORIENTED_EDGE('',*,*,#10415,.T.);
#10417=CARTESIAN_POINT('',(4687.3,-284.7,7.9));
#10418=VERTEX_POINT('',#10417);
#10419=CARTESIAN_POINT('',(4685.2,-284.7,7.9));
#10420=DIRECTION('',(1.,0.,-0.));
#10421=VECTOR('',#10420,2.1);
#10422=LINE('',#10419,#10421);
#10423=EDGE_CURVE('',#10409,#10418,#10422,.T.);
#10424=ORIENTED_EDGE('',*,*,#10423,.T.);
#10425=CARTESIAN_POINT('',(4689.8,-282.2,7.9));
#10426=VERTEX_POINT('',#10425);
#10427=CARTESIAN_POINT('',(4687.3,-282.2,7.9));
#10428=DIRECTION('',(0.,0.,1.));
#10429=DIRECTION('',(1.,0.,-0.));
#10430=AXIS2_PLACEMENT_3D('',#10427,#10428,#10429);
#10431=CIRCLE('',#10430,2.5);
#10432=EDGE_CURVE('',#10418,#10426,#10431,.T.);
#10433=ORIENTED_EDGE('',*,*,#10432,.T.);
#10434=CARTESIAN_POINT('',(4692.3,-279.7,7.9));
#10435=VERTEX_POINT('',#10434);
#10436=CARTESIAN_POINT('',(4692.3,-282.2,7.9));
#10437=DIRECTION('',(-0.,-0.,-1.));
#10438=DIRECTION('',(1.,0.,-0.));
#10439=AXIS2_PLACEMENT_3D('',#10436,#10437,#10438);
#10440=CIRCLE('',#10439,2.5);
#10441=EDGE_CURVE('',#10426,#10435,#10440,.T.);
#10442=ORIENTED_EDGE('',*,*,#10441,.T.);
#10443=CARTESIAN_POINT('',(4694.8,-282.2,7.9));
#10444=VERTEX_POINT('',#10443);
#10445=CARTESIAN_POINT('',(4692.3,-282.2,7.9));
#10446=DIRECTION('',(-0.,-0.,-1.));
#10447=DIRECTION('',(1.,0.,-0.));
#10448=AXIS2_PLACEMENT_3D('',#10445,#10446,#10447);
#10449=CIRCLE('',#10448,2.5);
#10450=EDGE_CURVE('',#10435,#10444,#10449,.T.);
#10451=ORIENTED_EDGE('',*,*,#10450,.T.);
#10452=CARTESIAN_POINT('',(4697.3,-284.7,7.9));
#10453=VERTEX_POINT('',#10452);
#10454=CARTESIAN_POINT('',(4697.3,-282.2,7.9));
#10455=DIRECTION('',(0.,0.,1.));
#10456=DIRECTION('',(1.,0.,-0.));
#10457=AXIS2_PLACEMENT_3D('',#10454,#10455,#10456);
#10458=CIRCLE('',#10457,2.5);
#10459=EDGE_CURVE('',#10444,#10453,#10458,.T.);
#10460=ORIENTED_EDGE('',*,*,#10459,.T.);
#10461=CARTESIAN_POINT('',(4705.1,-284.7,7.9));
#10462=DIRECTION('',(-1.,-0.,0.));
#10463=VECTOR('',#10462,7.8);
#10464=LINE('',#10461,#10463);
#10465=EDGE_CURVE('',#10262,#10453,#10464,.T.);
#10466=ORIENTED_EDGE('',*,*,#10465,.F.);
#10467=EDGE_LOOP('',(#10271,#10280,#10289,#10298,#10306,#10315,#10323,#10331,#10340,#10348,#10357,#10365,#10374,#10382,#10391,#10399,#10407,#10416,#10424,#10433,#10442,#10451,#10460,#10466));
#10468=FACE_BOUND('',#10467,.T.);
#10469=CARTESIAN_POINT('',(4692.3,-283.7,7.9));
#10470=VERTEX_POINT('',#10469);
#10471=CARTESIAN_POINT('',(4693.8,-282.2,7.9));
#10472=VERTEX_POINT('',#10471);
#10473=CARTESIAN_POINT('',(4692.3,-282.2,7.9));
#10474=DIRECTION('',(-0.,-0.,-1.));
#10475=DIRECTION('',(1.,0.,-0.));
#10476=AXIS2_PLACEMENT_3D('',#10473,#10474,#10475);
#10477=CIRCLE('',#10476,1.5);
#10478=EDGE_CURVE('',#10470,#10472,#10477,.T.);
#10479=ORIENTED_EDGE('',*,*,#10478,.F.);
#10480=CARTESIAN_POINT('',(4692.3,-282.2,7.9));
#10481=DIRECTION('',(-0.,-0.,-1.));
#10482=DIRECTION('',(1.,0.,-0.));
#10483=AXIS2_PLACEMENT_3D('',#10480,#10481,#10482);
#10484=CIRCLE('',#10483,1.5);
#10485=EDGE_CURVE('',#10472,#10470,#10484,.T.);
#10486=ORIENTED_EDGE('',*,*,#10485,.F.);
#10487=EDGE_LOOP('',(#10479,#10486));
#10488=FACE_BOUND('',#10487,.T.);
#10489=CARTESIAN_POINT('',(4710.1,-283.7,7.9));
#10490=VERTEX_POINT('',#10489);
#10491=CARTESIAN_POINT('',(4711.6,-282.2,7.9));
#10492=VERTEX_POINT('',#10491);
#10493=CARTESIAN_POINT('',(4710.1,-282.2,7.9));
#10494=DIRECTION('',(-0.,-0.,-1.));
#10495=DIRECTION('',(1.,0.,-0.));
#10496=AXIS2_PLACEMENT_3D('',#10493,#10494,#10495);
#10497=CIRCLE('',#10496,1.5);
#10498=EDGE_CURVE('',#10490,#10492,#10497,.T.);
#10499=ORIENTED_EDGE('',*,*,#10498,.F.);
#10500=CARTESIAN_POINT('',(4710.1,-282.2,7.9));
#10501=DIRECTION('',(-0.,-0.,-1.));
#10502=DIRECTION('',(1.,0.,-0.));
#10503=AXIS2_PLACEMENT_3D('',#10500,#10501,#10502);
#10504=CIRCLE('',#10503,1.5);
#10505=EDGE_CURVE('',#10492,#10490,#10504,.T.);
#10506=ORIENTED_EDGE('',*,*,#10505,.F.);
#10507=EDGE_LOOP('',(#10499,#10506));
#10508=FACE_BOUND('',#10507,.T.);
#10509=CARTESIAN_POINT('',(4700.,-316.6,7.9));
#10510=VERTEX_POINT('',#10509);
#10511=CARTESIAN_POINT('',(4702.,-316.6,7.9));
#10512=VERTEX_POINT('',#10511);
#10513=CARTESIAN_POINT('',(4701.,-316.6,7.9));
#10514=DIRECTION('',(-0.,-0.,-1.));
#10515=DIRECTION('',(1.,0.,-0.));
#10516=AXIS2_PLACEMENT_3D('',#10513,#10514,#10515);
#10517=CIRCLE('',#10516,1.);
#10518=EDGE_CURVE('',#10510,#10512,#10517,.T.);
#10519=ORIENTED_EDGE('',*,*,#10518,.F.);
#10520=CARTESIAN_POINT('',(4701.,-316.6,7.9));
#10521=DIRECTION('',(-0.,-0.,-1.));
#10522=DIRECTION('',(1.,0.,-0.));
#10523=AXIS2_PLACEMENT_3D('',#10520,#10521,#10522);
#10524=CIRCLE('',#10523,1.);
#10525=EDGE_CURVE('',#10512,#10510,#10524,.T.);
#10526=ORIENTED_EDGE('',*,*,#10525,.F.);
#10527=EDGE_LOOP('',(#10519,#10526));
#10528=FACE_BOUND('',#10527,.T.);
#10529=CARTESIAN_POINT('',(4700.,-290.,7.9));
#10530=VERTEX_POINT('',#10529);
#10531=CARTESIAN_POINT('',(4701.435889894,-290.9,7.9));
#10532=VERTEX_POINT('',#10531);
#10533=CARTESIAN_POINT('',(4701.,-290.,7.9));
#10534=DIRECTION('',(-0.,-0.,-1.));
#10535=DIRECTION('',(-1.,-0.,0.));
#10536=AXIS2_PLACEMENT_3D('',#10533,#10534,#10535);
#10537=CIRCLE('',#10536,1.);
#10538=EDGE_CURVE('',#10530,#10532,#10537,.T.);
#10539=ORIENTED_EDGE('',*,*,#10538,.F.);
#10540=CARTESIAN_POINT('',(4700.564110106,-290.9,7.9));
#10541=VERTEX_POINT('',#10540);
#10542=CARTESIAN_POINT('',(4701.,-290.,7.9));
#10543=DIRECTION('',(-0.,-0.,-1.));
#10544=DIRECTION('',(-1.,-0.,0.));
#10545=AXIS2_PLACEMENT_3D('',#10542,#10543,#10544);
#10546=CIRCLE('',#10545,1.);
#10547=EDGE_CURVE('',#10541,#10530,#10546,.T.);
#10548=ORIENTED_EDGE('',*,*,#10547,.F.);
#10549=CARTESIAN_POINT('',(4689.8,-290.9,7.9));
#10550=VERTEX_POINT('',#10549);
#10551=CARTESIAN_POINT('',(4689.8,-290.9,7.9));
#10552=DIRECTION('',(1.,0.,-0.));
#10553=VECTOR('',#10552,10.764110106);
#10554=LINE('',#10551,#10553);
#10555=EDGE_CURVE('',#10550,#10541,#10554,.T.);
#10556=ORIENTED_EDGE('',*,*,#10555,.F.);
#10557=CARTESIAN_POINT('',(4687.8,-292.9,7.9));
#10558=VERTEX_POINT('',#10557);
#10559=CARTESIAN_POINT('',(4689.8,-292.9,7.9));
#10560=DIRECTION('',(0.,0.,1.));
#10561=DIRECTION('',(1.,0.,-0.));
#10562=AXIS2_PLACEMENT_3D('',#10559,#10560,#10561);
#10563=CIRCLE('',#10562,2.);
#10564=EDGE_CURVE('',#10550,#10558,#10563,.T.);
#10565=ORIENTED_EDGE('',*,*,#10564,.T.);
#10566=CARTESIAN_POINT('',(4687.8,-311.3,7.9));
#10567=VERTEX_POINT('',#10566);
#10568=CARTESIAN_POINT('',(4687.8,-311.3,7.9));
#10569=DIRECTION('',(-0.,1.,-0.));
#10570=VECTOR('',#10569,18.4);
#10571=LINE('',#10568,#10570);
#10572=EDGE_CURVE('',#10567,#10558,#10571,.T.);
#10573=ORIENTED_EDGE('',*,*,#10572,.F.);
#10574=CARTESIAN_POINT('',(4689.8,-313.3,7.9));
#10575=VERTEX_POINT('',#10574);
#10576=CARTESIAN_POINT('',(4689.8,-311.3,7.9));
#10577=DIRECTION('',(0.,0.,1.));
#10578=DIRECTION('',(1.,0.,-0.));
#10579=AXIS2_PLACEMENT_3D('',#10576,#10577,#10578);
#10580=CIRCLE('',#10579,2.);
#10581=EDGE_CURVE('',#10567,#10575,#10580,.T.);
#10582=ORIENTED_EDGE('',*,*,#10581,.T.);
#10583=CARTESIAN_POINT('',(4703.5,-313.3,7.9));
#10584=VERTEX_POINT('',#10583);
#10585=CARTESIAN_POINT('',(4703.5,-313.3,7.9));
#10586=DIRECTION('',(-1.,-0.,0.));
#10587=VECTOR('',#10586,13.7);
#10588=LINE('',#10585,#10587);
#10589=EDGE_CURVE('',#10584,#10575,#10588,.T.);
#10590=ORIENTED_EDGE('',*,*,#10589,.F.);
#10591=CARTESIAN_POINT('',(4710.638627319,-308.1,7.9));
#10592=VERTEX_POINT('',#10591);
#10593=CARTESIAN_POINT('',(4703.5,-305.8,7.9));
#10594=DIRECTION('',(0.,0.,1.));
#10595=DIRECTION('',(-1.,-0.,0.));
#10596=AXIS2_PLACEMENT_3D('',#10593,#10594,#10595);
#10597=CIRCLE('',#10596,7.5);
#10598=EDGE_CURVE('',#10584,#10592,#10597,.T.);
#10599=ORIENTED_EDGE('',*,*,#10598,.T.);
#10600=CARTESIAN_POINT('',(4715.6,-308.1,7.9));
#10601=VERTEX_POINT('',#10600);
#10602=CARTESIAN_POINT('',(4715.6,-308.1,7.9));
#10603=DIRECTION('',(-1.,-0.,0.));
#10604=VECTOR('',#10603,4.961372681);
#10605=LINE('',#10602,#10604);
#10606=EDGE_CURVE('',#10601,#10592,#10605,.T.);
#10607=ORIENTED_EDGE('',*,*,#10606,.F.);
#10608=CARTESIAN_POINT('',(4717.6,-306.1,7.9));
#10609=VERTEX_POINT('',#10608);
#10610=CARTESIAN_POINT('',(4715.6,-306.1,7.9));
#10611=DIRECTION('',(0.,0.,1.));
#10612=DIRECTION('',(-1.,-0.,0.));
#10613=AXIS2_PLACEMENT_3D('',#10610,#10611,#10612);
#10614=CIRCLE('',#10613,2.);
#10615=EDGE_CURVE('',#10601,#10609,#10614,.T.);
#10616=ORIENTED_EDGE('',*,*,#10615,.T.);
#10617=CARTESIAN_POINT('',(4717.6,-301.1,7.9));
#10618=VERTEX_POINT('',#10617);
#10619=CARTESIAN_POINT('',(4717.6,-301.1,7.9));
#10620=DIRECTION('',(0.,-1.,-0.));
#10621=VECTOR('',#10620,5.);
#10622=LINE('',#10619,#10621);
#10623=EDGE_CURVE('',#10618,#10609,#10622,.T.);
#10624=ORIENTED_EDGE('',*,*,#10623,.F.);
#10625=CARTESIAN_POINT('',(4715.6,-299.1,7.9));
#10626=VERTEX_POINT('',#10625);
#10627=CARTESIAN_POINT('',(4715.6,-301.1,7.9));
#10628=DIRECTION('',(0.,0.,1.));
#10629=DIRECTION('',(-1.,-0.,0.));
#10630=AXIS2_PLACEMENT_3D('',#10627,#10628,#10629);
#10631=CIRCLE('',#10630,2.);
#10632=EDGE_CURVE('',#10618,#10626,#10631,.T.);
#10633=ORIENTED_EDGE('',*,*,#10632,.T.);
#10634=CARTESIAN_POINT('',(4711.,-299.1,7.9));
#10635=VERTEX_POINT('',#10634);
#10636=CARTESIAN_POINT('',(4711.,-299.1,7.9));
#10637=DIRECTION('',(1.,0.,-0.));
#10638=VECTOR('',#10637,4.6);
#10639=LINE('',#10636,#10638);
#10640=EDGE_CURVE('',#10635,#10626,#10639,.T.);
#10641=ORIENTED_EDGE('',*,*,#10640,.F.);
#10642=CARTESIAN_POINT('',(4711.,-298.4,7.9));
#10643=VERTEX_POINT('',#10642);
#10644=CARTESIAN_POINT('',(4711.,-298.4,7.9));
#10645=DIRECTION('',(0.,-1.,0.));
#10646=VECTOR('',#10645,0.7);
#10647=LINE('',#10644,#10646);
#10648=EDGE_CURVE('',#10643,#10635,#10647,.T.);
#10649=ORIENTED_EDGE('',*,*,#10648,.F.);
#10650=CARTESIAN_POINT('',(4703.5,-290.9,7.9));
#10651=VERTEX_POINT('',#10650);
#10652=CARTESIAN_POINT('',(4703.5,-298.4,7.9));
#10653=DIRECTION('',(0.,0.,1.));
#10654=DIRECTION('',(-1.,-0.,0.));
#10655=AXIS2_PLACEMENT_3D('',#10652,#10653,#10654);
#10656=CIRCLE('',#10655,7.5);
#10657=EDGE_CURVE('',#10643,#10651,#10656,.T.);
#10658=ORIENTED_EDGE('',*,*,#10657,.T.);
#10659=CARTESIAN_POINT('',(4701.435889894,-290.9,7.9));
#10660=DIRECTION('',(1.,0.,-0.));
#10661=VECTOR('',#10660,2.064110106);
#10662=LINE('',#10659,#10661);
#10663=EDGE_CURVE('',#10532,#10651,#10662,.T.);
#10664=ORIENTED_EDGE('',*,*,#10663,.F.);
#10665=EDGE_LOOP('',(#10539,#10548,#10556,#10565,#10573,#10582,#10590,#10599,#10607,#10616,#10624,#10633,#10641,#10649,#10658,#10664));
#10666=FACE_BOUND('',#10665,.T.);
#10667=CARTESIAN_POINT('',(4677.3,-317.2,7.9));
#10668=VERTEX_POINT('',#10667);
#10669=CARTESIAN_POINT('',(4678.8,-317.2,7.9));
#10670=DIRECTION('',(0.,0.,-1.));
#10671=DIRECTION('',(-1.,0.,-0.));
#10672=AXIS2_PLACEMENT_3D('',#10669,#10670,#10671);
#10673=CIRCLE('',#10672,1.5);
#10674=EDGE_CURVE('',#10668,#10668,#10673,.T.);
#10675=ORIENTED_EDGE('',*,*,#10674,.F.);
#10676=EDGE_LOOP('',(#10675));
#10677=FACE_BOUND('',#10676,.T.);
#10678=ORIENTED_EDGE('',*,*,#10251,.F.);
#10679=EDGE_LOOP('',(#10678));
#10680=FACE_BOUND('',#10679,.T.);
#10681=ADVANCED_FACE('',(#10468,#10488,#10508,#10528,#10666,#10677,#10680),#10260,.F.);
#10682=CARTESIAN_POINT('',(4701.,-290.,-3.7));
#10683=DIRECTION('',(-0.,-0.,-1.));
#10684=DIRECTION('',(-1.,-0.,0.));
#10685=AXIS2_PLACEMENT_3D('',#10682,#10683,#10684);
#10686=CYLINDRICAL_SURFACE('',#10685,1.);
#10687=CARTESIAN_POINT('',(4700.,-290.,12.5));
#10688=VERTEX_POINT('',#10687);
#10689=CARTESIAN_POINT('',(4700.,-290.,7.9));
#10690=DIRECTION('',(0.,0.,1.));
#10691=VECTOR('',#10690,4.6);
#10692=LINE('',#10689,#10691);
#10693=EDGE_CURVE('',#10530,#10688,#10692,.T.);
#10694=ORIENTED_EDGE('',*,*,#10693,.F.);
#10695=ORIENTED_EDGE('',*,*,#10538,.T.);
#10696=CARTESIAN_POINT('',(4701.435889894,-290.9,12.5));
#10697=VERTEX_POINT('',#10696);
#10698=CARTESIAN_POINT('',(4701.435889894,-290.9,12.5));
#10699=DIRECTION('',(-0.,-0.,-1.));
#10700=VECTOR('',#10699,4.6);
#10701=LINE('',#10698,#10700);
#10702=EDGE_CURVE('',#10697,#10532,#10701,.T.);
#10703=ORIENTED_EDGE('',*,*,#10702,.F.);
#10704=CARTESIAN_POINT('',(4701.,-290.,12.5));
#10705=DIRECTION('',(-0.,-0.,1.));
#10706=DIRECTION('',(1.,0.,0.));
#10707=AXIS2_PLACEMENT_3D('',#10704,#10705,#10706);
#10708=CIRCLE('',#10707,1.);
#10709=EDGE_CURVE('',#10697,#10688,#10708,.T.);
#10710=ORIENTED_EDGE('',*,*,#10709,.T.);
#10711=EDGE_LOOP('',(#10694,#10695,#10703,#10710));
#10712=FACE_BOUND('',#10711,.T.);
#10713=ADVANCED_FACE('',(#10712),#10686,.F.);
#10714=CARTESIAN_POINT('',(4701.,-290.,2.9));
#10715=DIRECTION('',(0.,0.,-1.));
#10716=DIRECTION('',(1.,-0.,0.));
#10717=AXIS2_PLACEMENT_3D('',#10714,#10715,#10716);
#10718=CYLINDRICAL_SURFACE('',#10717,2.5);
#10719=CARTESIAN_POINT('',(4703.5,-290.,13.5));
#10720=VERTEX_POINT('',#10719);
#10721=CARTESIAN_POINT('',(4703.5,-290.,10.9));
#10722=DIRECTION('',(-0.,-0.,1.));
#10723=VECTOR('',#10722,2.6);
#10724=LINE('',#10721,#10723);
#10725=EDGE_CURVE('',#9193,#10720,#10724,.T.);
#10726=ORIENTED_EDGE('',*,*,#10725,.T.);
#10727=CARTESIAN_POINT('',(4703.332380758,-290.9,13.5));
#10728=VERTEX_POINT('',#10727);
#10729=CARTESIAN_POINT('',(4701.,-290.,13.5));
#10730=DIRECTION('',(-0.,-0.,1.));
#10731=DIRECTION('',(1.,0.,0.));
#10732=AXIS2_PLACEMENT_3D('',#10729,#10730,#10731);
#10733=CIRCLE('',#10732,2.5);
#10734=EDGE_CURVE('',#10728,#10720,#10733,.T.);
#10735=ORIENTED_EDGE('',*,*,#10734,.F.);
#10736=CARTESIAN_POINT('',(4703.332380758,-290.9,10.9));
#10737=DIRECTION('',(-0.,-0.,1.));
#10738=VECTOR('',#10737,2.6);
#10739=LINE('',#10736,#10738);
#10740=EDGE_CURVE('',#9202,#10728,#10739,.T.);
#10741=ORIENTED_EDGE('',*,*,#10740,.F.);
#10742=ORIENTED_EDGE('',*,*,#9208,.T.);
#10743=EDGE_LOOP('',(#10726,#10735,#10741,#10742));
#10744=FACE_BOUND('',#10743,.T.);
#10745=ADVANCED_FACE('',(#10744),#10718,.T.);
#10746=CARTESIAN_POINT('',(4777.5,-606.,13.5));
#10747=DIRECTION('',(-0.,-0.,1.));
#10748=DIRECTION('',(-1.,0.,-0.));
#10749=AXIS2_PLACEMENT_3D('',#10746,#10747,#10748);
#10750=PLANE('',#10749);
#10751=ORIENTED_EDGE('',*,*,#10734,.T.);
#10752=CARTESIAN_POINT('',(4698.667619242,-290.9,13.5));
#10753=VERTEX_POINT('',#10752);
#10754=CARTESIAN_POINT('',(4701.,-290.,13.5));
#10755=DIRECTION('',(-0.,-0.,1.));
#10756=DIRECTION('',(1.,0.,0.));
#10757=AXIS2_PLACEMENT_3D('',#10754,#10755,#10756);
#10758=CIRCLE('',#10757,2.5);
#10759=EDGE_CURVE('',#10720,#10753,#10758,.T.);
#10760=ORIENTED_EDGE('',*,*,#10759,.T.);
#10761=CARTESIAN_POINT('',(4698.667619242,-290.9,13.5));
#10762=DIRECTION('',(1.,0.,0.));
#10763=VECTOR('',#10762,4.664761516);
#10764=LINE('',#10761,#10763);
#10765=EDGE_CURVE('',#10753,#10728,#10764,.T.);
#10766=ORIENTED_EDGE('',*,*,#10765,.T.);
#10767=EDGE_LOOP('',(#10751,#10760,#10766));
#10768=FACE_BOUND('',#10767,.T.);
#10769=ADVANCED_FACE('',(#10768),#10750,.T.);
#10770=CARTESIAN_POINT('',(4777.5,-606.,12.5));
#10771=DIRECTION('',(-0.,-0.,1.));
#10772=DIRECTION('',(-1.,0.,-0.));
#10773=AXIS2_PLACEMENT_3D('',#10770,#10771,#10772);
#10774=PLANE('',#10773);
#10775=CARTESIAN_POINT('',(4700.564110106,-290.9,12.5));
#10776=VERTEX_POINT('',#10775);
#10777=CARTESIAN_POINT('',(4700.564110106,-290.9,12.5));
#10778=DIRECTION('',(1.,0.,0.));
#10779=VECTOR('',#10778,0.871779789);
#10780=LINE('',#10777,#10779);
#10781=EDGE_CURVE('',#10776,#10697,#10780,.T.);
#10782=ORIENTED_EDGE('',*,*,#10781,.F.);
#10783=CARTESIAN_POINT('',(4701.,-290.,12.5));
#10784=DIRECTION('',(-0.,-0.,1.));
#10785=DIRECTION('',(1.,0.,0.));
#10786=AXIS2_PLACEMENT_3D('',#10783,#10784,#10785);
#10787=CIRCLE('',#10786,1.);
#10788=EDGE_CURVE('',#10688,#10776,#10787,.T.);
#10789=ORIENTED_EDGE('',*,*,#10788,.F.);
#10790=ORIENTED_EDGE('',*,*,#10709,.F.);
#10791=EDGE_LOOP('',(#10782,#10789,#10790));
#10792=FACE_BOUND('',#10791,.T.);
#10793=ADVANCED_FACE('',(#10792),#10774,.F.);
#10794=CARTESIAN_POINT('',(4728.4,-315.1,9.9));
#10795=DIRECTION('',(-1.,-0.,0.));
#10796=DIRECTION('',(-0.,-0.,-1.));
#10797=AXIS2_PLACEMENT_3D('',#10794,#10795,#10796);
#10798=PLANE('',#10797);
#10799=ORIENTED_EDGE('',*,*,#10347,.F.);
#10800=CARTESIAN_POINT('',(4728.4,-297.,7.9));
#10801=DIRECTION('',(0.,-0.,1.));
#10802=VECTOR('',#10801,3.);
#10803=LINE('',#10800,#10802);
#10804=EDGE_CURVE('',#10333,#9492,#10803,.T.);
#10805=ORIENTED_EDGE('',*,*,#10804,.T.);
#10806=ORIENTED_EDGE('',*,*,#9497,.T.);
#10807=CARTESIAN_POINT('',(4728.4,-320.,10.9));
#10808=DIRECTION('',(-0.,-0.,-1.));
#10809=VECTOR('',#10808,3.);
#10810=LINE('',#10807,#10809);
#10811=EDGE_CURVE('',#9483,#10342,#10810,.T.);
#10812=ORIENTED_EDGE('',*,*,#10811,.T.);
#10813=EDGE_LOOP('',(#10799,#10805,#10806,#10812));
#10814=FACE_BOUND('',#10813,.T.);
#10815=ADVANCED_FACE('',(#10814),#10798,.F.);
#10816=CARTESIAN_POINT('',(4702.0543,-290.9,8.9));
#10817=DIRECTION('',(0.,-1.,0.));
#10818=DIRECTION('',(-0.,-0.,-1.));
#10819=AXIS2_PLACEMENT_3D('',#10816,#10817,#10818);
#10820=PLANE('',#10819);
#10821=ORIENTED_EDGE('',*,*,#9190,.F.);
#10822=CARTESIAN_POINT('',(4689.8,-290.9,10.9));
#10823=DIRECTION('',(-0.,-0.,-1.));
#10824=VECTOR('',#10823,3.);
#10825=LINE('',#10822,#10824);
#10826=EDGE_CURVE('',#9176,#10550,#10825,.T.);
#10827=ORIENTED_EDGE('',*,*,#10826,.T.);
#10828=ORIENTED_EDGE('',*,*,#10555,.T.);
#10829=CARTESIAN_POINT('',(4700.564110106,-290.9,7.9));
#10830=DIRECTION('',(0.,0.,1.));
#10831=VECTOR('',#10830,4.6);
#10832=LINE('',#10829,#10831);
#10833=EDGE_CURVE('',#10541,#10776,#10832,.T.);
#10834=ORIENTED_EDGE('',*,*,#10833,.T.);
#10835=ORIENTED_EDGE('',*,*,#10781,.T.);
#10836=ORIENTED_EDGE('',*,*,#10702,.T.);
#10837=ORIENTED_EDGE('',*,*,#10663,.T.);
#10838=CARTESIAN_POINT('',(4703.5,-290.9,10.9));
#10839=DIRECTION('',(-0.,-0.,-1.));
#10840=VECTOR('',#10839,3.);
#10841=LINE('',#10838,#10840);
#10842=EDGE_CURVE('',#9211,#10651,#10841,.T.);
#10843=ORIENTED_EDGE('',*,*,#10842,.F.);
#10844=ORIENTED_EDGE('',*,*,#9216,.F.);
#10845=ORIENTED_EDGE('',*,*,#10740,.T.);
#10846=ORIENTED_EDGE('',*,*,#10765,.F.);
#10847=CARTESIAN_POINT('',(4698.667619242,-290.9,13.5));
#10848=DIRECTION('',(0.,0.,-1.));
#10849=VECTOR('',#10848,2.6);
#10850=LINE('',#10847,#10849);
#10851=EDGE_CURVE('',#10753,#9185,#10850,.T.);
#10852=ORIENTED_EDGE('',*,*,#10851,.T.);
#10853=EDGE_LOOP('',(#10821,#10827,#10828,#10834,#10835,#10836,#10837,#10843,#10844,#10845,#10846,#10852));
#10854=FACE_BOUND('',#10853,.T.);
#10855=ADVANCED_FACE('',(#10854),#10820,.T.);
#10856=CARTESIAN_POINT('',(4711.,-304.2328,8.9));
#10857=DIRECTION('',(-1.,-0.,0.));
#10858=DIRECTION('',(-0.,-0.,-1.));
#10859=AXIS2_PLACEMENT_3D('',#10856,#10857,#10858);
#10860=PLANE('',#10859);
#10861=ORIENTED_EDGE('',*,*,#10648,.T.);
#10862=CARTESIAN_POINT('',(4711.,-299.1,7.9));
#10863=DIRECTION('',(0.,0.,1.));
#10864=VECTOR('',#10863,3.);
#10865=LINE('',#10862,#10864);
#10866=EDGE_CURVE('',#10635,#9228,#10865,.T.);
#10867=ORIENTED_EDGE('',*,*,#10866,.T.);
#10868=ORIENTED_EDGE('',*,*,#9233,.F.);
#10869=CARTESIAN_POINT('',(4711.,-298.4,7.9));
#10870=DIRECTION('',(0.,0.,1.));
#10871=VECTOR('',#10870,3.);
#10872=LINE('',#10869,#10871);
#10873=EDGE_CURVE('',#10643,#9219,#10872,.T.);
#10874=ORIENTED_EDGE('',*,*,#10873,.F.);
#10875=EDGE_LOOP('',(#10861,#10867,#10868,#10874));
#10876=FACE_BOUND('',#10875,.T.);
#10877=ADVANCED_FACE('',(#10876),#10860,.T.);
#10878=CARTESIAN_POINT('',(4703.5,-305.8,8.9));
#10879=DIRECTION('',(-0.,-0.,-1.));
#10880=DIRECTION('',(1.,0.,-0.));
#10881=AXIS2_PLACEMENT_3D('',#10878,#10879,#10880);
#10882=CYLINDRICAL_SURFACE('',#10881,7.5);
#10883=CARTESIAN_POINT('',(4710.638627319,-308.1,7.9));
#10884=DIRECTION('',(0.,0.,1.));
#10885=VECTOR('',#10884,3.);
#10886=LINE('',#10883,#10885);
#10887=EDGE_CURVE('',#10592,#9134,#10886,.T.);
#10888=ORIENTED_EDGE('',*,*,#10887,.F.);
#10889=ORIENTED_EDGE('',*,*,#10598,.F.);
#10890=CARTESIAN_POINT('',(4703.5,-313.3,7.9));
#10891=DIRECTION('',(0.,0.,1.));
#10892=VECTOR('',#10891,3.);
#10893=LINE('',#10890,#10892);
#10894=EDGE_CURVE('',#10584,#9142,#10893,.T.);
#10895=ORIENTED_EDGE('',*,*,#10894,.T.);
#10896=ORIENTED_EDGE('',*,*,#9148,.T.);
#10897=EDGE_LOOP('',(#10888,#10889,#10895,#10896));
#10898=FACE_BOUND('',#10897,.T.);
#10899=ADVANCED_FACE('',(#10898),#10882,.F.);
#10900=CARTESIAN_POINT('',(4674.,-315.1,9.9));
#10901=DIRECTION('',(1.,0.,-0.));
#10902=DIRECTION('',(0.,0.,1.));
#10903=AXIS2_PLACEMENT_3D('',#10900,#10901,#10902);
#10904=PLANE('',#10903);
#10905=ORIENTED_EDGE('',*,*,#10381,.F.);
#10906=CARTESIAN_POINT('',(4674.,-320.,7.9));
#10907=DIRECTION('',(0.,0.,1.));
#10908=VECTOR('',#10907,3.);
#10909=LINE('',#10906,#10908);
#10910=EDGE_CURVE('',#10367,#9458,#10909,.T.);
#10911=ORIENTED_EDGE('',*,*,#10910,.T.);
#10912=ORIENTED_EDGE('',*,*,#9463,.T.);
#10913=CARTESIAN_POINT('',(4674.,-297.,10.9));
#10914=DIRECTION('',(-0.,0.,-1.));
#10915=VECTOR('',#10914,3.);
#10916=LINE('',#10913,#10915);
#10917=EDGE_CURVE('',#9449,#10376,#10916,.T.);
#10918=ORIENTED_EDGE('',*,*,#10917,.T.);
#10919=EDGE_LOOP('',(#10905,#10911,#10912,#10918));
#10920=FACE_BOUND('',#10919,.T.);
#10921=ADVANCED_FACE('',(#10920),#10904,.F.);
#10922=CARTESIAN_POINT('',(4712.,-322.5,9.9));
#10923=DIRECTION('',(-0.,1.,0.));
#10924=DIRECTION('',(-0.,-0.,-1.));
#10925=AXIS2_PLACEMENT_3D('',#10922,#10923,#10924);
#10926=PLANE('',#10925);
#10927=ORIENTED_EDGE('',*,*,#9480,.T.);
#10928=CARTESIAN_POINT('',(4676.5,-322.5,10.9));
#10929=DIRECTION('',(-0.,-0.,-1.));
#10930=VECTOR('',#10929,3.);
#10931=LINE('',#10928,#10930);
#10932=EDGE_CURVE('',#9466,#10359,#10931,.T.);
#10933=ORIENTED_EDGE('',*,*,#10932,.T.);
#10934=ORIENTED_EDGE('',*,*,#10364,.F.);
#10935=CARTESIAN_POINT('',(4725.9,-322.5,7.9));
#10936=DIRECTION('',(0.,0.,1.));
#10937=VECTOR('',#10936,3.);
#10938=LINE('',#10935,#10937);
#10939=EDGE_CURVE('',#10350,#9475,#10938,.T.);
#10940=ORIENTED_EDGE('',*,*,#10939,.T.);
#10941=EDGE_LOOP('',(#10927,#10933,#10934,#10940));
#10942=FACE_BOUND('',#10941,.T.);
#10943=ADVANCED_FACE('',(#10942),#10926,.F.);
#10944=CARTESIAN_POINT('',(4702.0543,-313.3,8.9));
#10945=DIRECTION('',(-0.,1.,0.));
#10946=DIRECTION('',(0.,0.,1.));
#10947=AXIS2_PLACEMENT_3D('',#10944,#10945,#10946);
#10948=PLANE('',#10947);
#10949=ORIENTED_EDGE('',*,*,#10589,.T.);
#10950=CARTESIAN_POINT('',(4689.8,-313.3,7.9));
#10951=DIRECTION('',(0.,0.,1.));
#10952=VECTOR('',#10951,3.);
#10953=LINE('',#10950,#10952);
#10954=EDGE_CURVE('',#10575,#9151,#10953,.T.);
#10955=ORIENTED_EDGE('',*,*,#10954,.T.);
#10956=ORIENTED_EDGE('',*,*,#9156,.F.);
#10957=ORIENTED_EDGE('',*,*,#10894,.F.);
#10958=EDGE_LOOP('',(#10949,#10955,#10956,#10957));
#10959=FACE_BOUND('',#10958,.T.);
#10960=ADVANCED_FACE('',(#10959),#10948,.T.);
#10961=CARTESIAN_POINT('',(4703.5,-298.4,8.9));
#10962=DIRECTION('',(-0.,-0.,-1.));
#10963=DIRECTION('',(1.,0.,-0.));
#10964=AXIS2_PLACEMENT_3D('',#10961,#10962,#10963);
#10965=CYLINDRICAL_SURFACE('',#10964,7.5);
#10966=ORIENTED_EDGE('',*,*,#10873,.T.);
#10967=ORIENTED_EDGE('',*,*,#9225,.T.);
#10968=ORIENTED_EDGE('',*,*,#10842,.T.);
#10969=ORIENTED_EDGE('',*,*,#10657,.F.);
#10970=EDGE_LOOP('',(#10966,#10967,#10968,#10969));
#10971=FACE_BOUND('',#10970,.T.);
#10972=ADVANCED_FACE('',(#10971),#10965,.F.);
#10973=CARTESIAN_POINT('',(4717.6,-286.7328,6.4));
#10974=DIRECTION('',(-1.,-0.,0.));
#10975=DIRECTION('',(-0.,-0.,-1.));
#10976=AXIS2_PLACEMENT_3D('',#10973,#10974,#10975);
#10977=PLANE('',#10976);
#10978=ORIENTED_EDGE('',*,*,#9258,.F.);
#10979=CARTESIAN_POINT('',(4717.6,-301.1,10.9));
#10980=DIRECTION('',(-0.,-0.,-1.));
#10981=VECTOR('',#10980,3.);
#10982=LINE('',#10979,#10981);
#10983=EDGE_CURVE('',#9244,#10618,#10982,.T.);
#10984=ORIENTED_EDGE('',*,*,#10983,.T.);
#10985=ORIENTED_EDGE('',*,*,#10623,.T.);
#10986=CARTESIAN_POINT('',(4717.6,-306.1,7.9));
#10987=DIRECTION('',(0.,0.,1.));
#10988=VECTOR('',#10987,3.);
#10989=LINE('',#10986,#10988);
#10990=EDGE_CURVE('',#10609,#9253,#10989,.T.);
#10991=ORIENTED_EDGE('',*,*,#10990,.T.);
#10992=EDGE_LOOP('',(#10978,#10984,#10985,#10991));
#10993=FACE_BOUND('',#10992,.T.);
#10994=ADVANCED_FACE('',(#10993),#10977,.T.);
#10995=CARTESIAN_POINT('',(4704.5457,-308.1,6.4));
#10996=DIRECTION('',(-0.,1.,0.));
#10997=DIRECTION('',(-0.,-0.,-1.));
#10998=AXIS2_PLACEMENT_3D('',#10995,#10996,#10997);
#10999=PLANE('',#10998);
#11000=ORIENTED_EDGE('',*,*,#9139,.F.);
#11001=CARTESIAN_POINT('',(4715.6,-308.1,10.9));
#11002=DIRECTION('',(-0.,-0.,-1.));
#11003=VECTOR('',#11002,3.);
#11004=LINE('',#11001,#11003);
#11005=EDGE_CURVE('',#9132,#10601,#11004,.T.);
#11006=ORIENTED_EDGE('',*,*,#11005,.T.);
#11007=ORIENTED_EDGE('',*,*,#10606,.T.);
#11008=ORIENTED_EDGE('',*,*,#10887,.T.);
#11009=EDGE_LOOP('',(#11000,#11006,#11007,#11008));
#11010=FACE_BOUND('',#11009,.T.);
#11011=ADVANCED_FACE('',(#11010),#10999,.T.);
#11012=CARTESIAN_POINT('',(4704.5457,-299.1,6.4));
#11013=DIRECTION('',(0.,-1.,0.));
#11014=DIRECTION('',(0.,0.,1.));
#11015=AXIS2_PLACEMENT_3D('',#11012,#11013,#11014);
#11016=PLANE('',#11015);
#11017=ORIENTED_EDGE('',*,*,#10640,.T.);
#11018=CARTESIAN_POINT('',(4715.6,-299.1,7.9));
#11019=DIRECTION('',(0.,0.,1.));
#11020=VECTOR('',#11019,3.);
#11021=LINE('',#11018,#11020);
#11022=EDGE_CURVE('',#10626,#9236,#11021,.T.);
#11023=ORIENTED_EDGE('',*,*,#11022,.T.);
#11024=ORIENTED_EDGE('',*,*,#9241,.F.);
#11025=ORIENTED_EDGE('',*,*,#10866,.F.);
#11026=EDGE_LOOP('',(#11017,#11023,#11024,#11025));
#11027=FACE_BOUND('',#11026,.T.);
#11028=ADVANCED_FACE('',(#11027),#11016,.T.);
#11029=CARTESIAN_POINT('',(4687.8,-290.7328,6.4));
#11030=DIRECTION('',(1.,0.,-0.));
#11031=DIRECTION('',(0.,0.,1.));
#11032=AXIS2_PLACEMENT_3D('',#11029,#11030,#11031);
#11033=PLANE('',#11032);
#11034=ORIENTED_EDGE('',*,*,#10572,.T.);
#11035=CARTESIAN_POINT('',(4687.8,-292.9,7.9));
#11036=DIRECTION('',(0.,0.,1.));
#11037=VECTOR('',#11036,3.);
#11038=LINE('',#11035,#11037);
#11039=EDGE_CURVE('',#10558,#9168,#11038,.T.);
#11040=ORIENTED_EDGE('',*,*,#11039,.T.);
#11041=ORIENTED_EDGE('',*,*,#9173,.F.);
#11042=CARTESIAN_POINT('',(4687.8,-311.3,10.9));
#11043=DIRECTION('',(-0.,-0.,-1.));
#11044=VECTOR('',#11043,3.);
#11045=LINE('',#11042,#11044);
#11046=EDGE_CURVE('',#9159,#10567,#11045,.T.);
#11047=ORIENTED_EDGE('',*,*,#11046,.T.);
#11048=EDGE_LOOP('',(#11034,#11040,#11041,#11047));
#11049=FACE_BOUND('',#11048,.T.);
#11050=ADVANCED_FACE('',(#11049),#11033,.T.);
#11051=CARTESIAN_POINT('',(4701.,-316.6,-3.7));
#11052=DIRECTION('',(-0.,-0.,-1.));
#11053=DIRECTION('',(-1.,-0.,0.));
#11054=AXIS2_PLACEMENT_3D('',#11051,#11052,#11053);
#11055=CYLINDRICAL_SURFACE('',#11054,1.);
#11056=CARTESIAN_POINT('',(4700.,-316.6,12.5));
#11057=VERTEX_POINT('',#11056);
#11058=CARTESIAN_POINT('',(4700.,-316.6,7.9));
#11059=DIRECTION('',(0.,0.,1.));
#11060=VECTOR('',#11059,4.6);
#11061=LINE('',#11058,#11060);
#11062=EDGE_CURVE('',#10510,#11057,#11061,.T.);
#11063=ORIENTED_EDGE('',*,*,#11062,.F.);
#11064=ORIENTED_EDGE('',*,*,#10518,.T.);
#11065=ORIENTED_EDGE('',*,*,#10525,.T.);
#11066=ORIENTED_EDGE('',*,*,#11062,.T.);
#11067=CARTESIAN_POINT('',(4702.,-316.6,12.5));
#11068=VERTEX_POINT('',#11067);
#11069=CARTESIAN_POINT('',(4701.,-316.6,12.5));
#11070=DIRECTION('',(-0.,-0.,1.));
#11071=DIRECTION('',(1.,0.,0.));
#11072=AXIS2_PLACEMENT_3D('',#11069,#11070,#11071);
#11073=CIRCLE('',#11072,1.);
#11074=EDGE_CURVE('',#11057,#11068,#11073,.T.);
#11075=ORIENTED_EDGE('',*,*,#11074,.T.);
#11076=CARTESIAN_POINT('',(4701.,-316.6,12.5));
#11077=DIRECTION('',(-0.,-0.,1.));
#11078=DIRECTION('',(1.,0.,0.));
#11079=AXIS2_PLACEMENT_3D('',#11076,#11077,#11078);
#11080=CIRCLE('',#11079,1.);
#11081=EDGE_CURVE('',#11068,#11057,#11080,.T.);
#11082=ORIENTED_EDGE('',*,*,#11081,.T.);
#11083=EDGE_LOOP('',(#11063,#11064,#11065,#11066,#11075,#11082));
#11084=FACE_BOUND('',#11083,.T.);
#11085=ADVANCED_FACE('',(#11084),#11055,.F.);
#11086=CARTESIAN_POINT('',(4715.6,-306.1,6.4));
#11087=DIRECTION('',(-0.,-0.,-1.));
#11088=DIRECTION('',(1.,0.,-0.));
#11089=AXIS2_PLACEMENT_3D('',#11086,#11087,#11088);
#11090=CYLINDRICAL_SURFACE('',#11089,2.);
#11091=ORIENTED_EDGE('',*,*,#10615,.F.);
#11092=ORIENTED_EDGE('',*,*,#11005,.F.);
#11093=ORIENTED_EDGE('',*,*,#9265,.F.);
#11094=ORIENTED_EDGE('',*,*,#10990,.F.);
#11095=EDGE_LOOP('',(#11091,#11092,#11093,#11094));
#11096=FACE_BOUND('',#11095,.T.);
#11097=ADVANCED_FACE('',(#11096),#11090,.F.);
#11098=CARTESIAN_POINT('',(4715.6,-301.1,6.4));
#11099=DIRECTION('',(-0.,-0.,-1.));
#11100=DIRECTION('',(1.,0.,-0.));
#11101=AXIS2_PLACEMENT_3D('',#11098,#11099,#11100);
#11102=CYLINDRICAL_SURFACE('',#11101,2.);
#11103=ORIENTED_EDGE('',*,*,#10632,.F.);
#11104=ORIENTED_EDGE('',*,*,#10983,.F.);
#11105=ORIENTED_EDGE('',*,*,#9250,.F.);
#11106=ORIENTED_EDGE('',*,*,#11022,.F.);
#11107=EDGE_LOOP('',(#11103,#11104,#11105,#11106));
#11108=FACE_BOUND('',#11107,.T.);
#11109=ADVANCED_FACE('',(#11108),#11102,.F.);
#11110=CARTESIAN_POINT('',(4682.7,-208.4,-5.5));
#11111=DIRECTION('',(1.,0.,-0.));
#11112=DIRECTION('',(-0.,0.,-1.));
#11113=AXIS2_PLACEMENT_3D('',#11110,#11111,#11112);
#11114=PLANE('',#11113);
#11115=ORIENTED_EDGE('',*,*,#9438,.T.);
#11116=CARTESIAN_POINT('',(4682.7,-287.2,10.9));
#11117=DIRECTION('',(-0.,0.,-1.));
#11118=VECTOR('',#11117,3.);
#11119=LINE('',#11116,#11118);
#11120=EDGE_CURVE('',#9424,#10401,#11119,.T.);
#11121=ORIENTED_EDGE('',*,*,#11120,.T.);
#11122=ORIENTED_EDGE('',*,*,#10406,.F.);
#11123=CARTESIAN_POINT('',(4682.7,-294.5,10.9));
#11124=DIRECTION('',(-0.,0.,-1.));
#11125=VECTOR('',#11124,3.);
#11126=LINE('',#11123,#11125);
#11127=EDGE_CURVE('',#9433,#10393,#11126,.T.);
#11128=ORIENTED_EDGE('',*,*,#11127,.F.);
#11129=EDGE_LOOP('',(#11115,#11121,#11122,#11128));
#11130=FACE_BOUND('',#11129,.T.);
#11131=ADVANCED_FACE('',(#11130),#11114,.F.);
#11132=CARTESIAN_POINT('',(4712.8,-294.5,7.));
#11133=DIRECTION('',(0.,-1.,-0.));
#11134=DIRECTION('',(-0.,-0.,1.));
#11135=AXIS2_PLACEMENT_3D('',#11132,#11133,#11134);
#11136=PLANE('',#11135);
#11137=ORIENTED_EDGE('',*,*,#9446,.T.);
#11138=ORIENTED_EDGE('',*,*,#11127,.T.);
#11139=ORIENTED_EDGE('',*,*,#10398,.F.);
#11140=CARTESIAN_POINT('',(4676.5,-294.5,7.9));
#11141=DIRECTION('',(0.,-0.,1.));
#11142=VECTOR('',#11141,3.);
#11143=LINE('',#11140,#11142);
#11144=EDGE_CURVE('',#10384,#9441,#11143,.T.);
#11145=ORIENTED_EDGE('',*,*,#11144,.T.);
#11146=EDGE_LOOP('',(#11137,#11138,#11139,#11145));
#11147=FACE_BOUND('',#11146,.T.);
#11148=ADVANCED_FACE('',(#11147),#11136,.F.);
#11149=CARTESIAN_POINT('',(4719.7,-343.9,-3.));
#11150=DIRECTION('',(1.,0.,-0.));
#11151=DIRECTION('',(0.,0.,1.));
#11152=AXIS2_PLACEMENT_3D('',#11149,#11150,#11151);
#11153=PLANE('',#11152);
#11154=ORIENTED_EDGE('',*,*,#10322,.T.);
#11155=CARTESIAN_POINT('',(4719.7,-287.2,7.9));
#11156=DIRECTION('',(0.,-0.,1.));
#11157=VECTOR('',#11156,3.);
#11158=LINE('',#11155,#11157);
#11159=EDGE_CURVE('',#10308,#9517,#11158,.T.);
#11160=ORIENTED_EDGE('',*,*,#11159,.T.);
#11161=ORIENTED_EDGE('',*,*,#9522,.F.);
#11162=CARTESIAN_POINT('',(4719.7,-294.5,10.9));
#11163=DIRECTION('',(-0.,0.,-1.));
#11164=VECTOR('',#11163,3.);
#11165=LINE('',#11162,#11164);
#11166=EDGE_CURVE('',#9509,#10317,#11165,.T.);
#11167=ORIENTED_EDGE('',*,*,#11166,.T.);
#11168=EDGE_LOOP('',(#11154,#11160,#11161,#11167));
#11169=FACE_BOUND('',#11168,.T.);
#11170=ADVANCED_FACE('',(#11169),#11153,.T.);
#11171=CARTESIAN_POINT('',(4757.6,-294.5,7.));
#11172=DIRECTION('',(0.,-1.,-0.));
#11173=DIRECTION('',(-0.,-0.,1.));
#11174=AXIS2_PLACEMENT_3D('',#11171,#11172,#11173);
#11175=PLANE('',#11174);
#11176=ORIENTED_EDGE('',*,*,#9514,.T.);
#11177=CARTESIAN_POINT('',(4725.9,-294.5,10.9));
#11178=DIRECTION('',(-0.,0.,-1.));
#11179=VECTOR('',#11178,3.);
#11180=LINE('',#11177,#11179);
#11181=EDGE_CURVE('',#9500,#10325,#11180,.T.);
#11182=ORIENTED_EDGE('',*,*,#11181,.T.);
#11183=ORIENTED_EDGE('',*,*,#10330,.F.);
#11184=ORIENTED_EDGE('',*,*,#11166,.F.);
#11185=EDGE_LOOP('',(#11176,#11182,#11183,#11184));
#11186=FACE_BOUND('',#11185,.T.);
#11187=ADVANCED_FACE('',(#11186),#11175,.F.);
#11188=CARTESIAN_POINT('',(4701.,-316.6,2.9));
#11189=DIRECTION('',(0.,0.,-1.));
#11190=DIRECTION('',(1.,-0.,0.));
#11191=AXIS2_PLACEMENT_3D('',#11188,#11189,#11190);
#11192=CYLINDRICAL_SURFACE('',#11191,2.5);
#11193=CARTESIAN_POINT('',(4703.5,-316.6,13.5));
#11194=VERTEX_POINT('',#11193);
#11195=CARTESIAN_POINT('',(4703.5,-316.6,10.9));
#11196=DIRECTION('',(-0.,-0.,1.));
#11197=VECTOR('',#11196,2.6);
#11198=LINE('',#11195,#11197);
#11199=EDGE_CURVE('',#9292,#11194,#11198,.T.);
#11200=ORIENTED_EDGE('',*,*,#11199,.T.);
#11201=CARTESIAN_POINT('',(4701.,-316.6,13.5));
#11202=DIRECTION('',(-0.,-0.,1.));
#11203=DIRECTION('',(1.,0.,0.));
#11204=AXIS2_PLACEMENT_3D('',#11201,#11202,#11203);
#11205=CIRCLE('',#11204,2.5);
#11206=EDGE_CURVE('',#11194,#11194,#11205,.T.);
#11207=ORIENTED_EDGE('',*,*,#11206,.F.);
#11208=ORIENTED_EDGE('',*,*,#11199,.F.);
#11209=ORIENTED_EDGE('',*,*,#9298,.T.);
#11210=EDGE_LOOP('',(#11200,#11207,#11208,#11209));
#11211=FACE_BOUND('',#11210,.T.);
#11212=ADVANCED_FACE('',(#11211),#11192,.T.);
#11213=CARTESIAN_POINT('',(4777.5,-632.6,13.5));
#11214=DIRECTION('',(-0.,-0.,1.));
#11215=DIRECTION('',(-1.,0.,-0.));
#11216=AXIS2_PLACEMENT_3D('',#11213,#11214,#11215);
#11217=PLANE('',#11216);
#11218=ORIENTED_EDGE('',*,*,#11206,.T.);
#11219=EDGE_LOOP('',(#11218));
#11220=FACE_BOUND('',#11219,.T.);
#11221=ADVANCED_FACE('',(#11220),#11217,.T.);
#11222=CARTESIAN_POINT('',(4777.5,-632.6,12.5));
#11223=DIRECTION('',(-0.,-0.,1.));
#11224=DIRECTION('',(-1.,0.,-0.));
#11225=AXIS2_PLACEMENT_3D('',#11222,#11223,#11224);
#11226=PLANE('',#11225);
#11227=ORIENTED_EDGE('',*,*,#11074,.F.);
#11228=ORIENTED_EDGE('',*,*,#11081,.F.);
#11229=EDGE_LOOP('',(#11227,#11228));
#11230=FACE_BOUND('',#11229,.T.);
#11231=ADVANCED_FACE('',(#11230),#11226,.F.);
#11232=CARTESIAN_POINT('',(4678.8,-317.2,25.9));
#11233=DIRECTION('',(-0.,-0.,1.));
#11234=DIRECTION('',(-1.,-0.,-0.));
#11235=AXIS2_PLACEMENT_3D('',#11232,#11233,#11234);
#11236=CYLINDRICAL_SURFACE('',#11235,1.5);
#11237=CARTESIAN_POINT('',(4677.3,-317.2,9.9));
#11238=VERTEX_POINT('',#11237);
#11239=CARTESIAN_POINT('',(4677.3,-317.2,9.9));
#11240=DIRECTION('',(0.,0.,-1.));
#11241=VECTOR('',#11240,2.);
#11242=LINE('',#11239,#11241);
#11243=EDGE_CURVE('',#11238,#10668,#11242,.T.);
#11244=ORIENTED_EDGE('',*,*,#11243,.F.);
#11245=CARTESIAN_POINT('',(4680.3,-317.2,9.9));
#11246=VERTEX_POINT('',#11245);
#11247=CARTESIAN_POINT('',(4678.8,-317.2,9.9));
#11248=DIRECTION('',(0.,0.,1.));
#11249=DIRECTION('',(1.,0.,-0.));
#11250=AXIS2_PLACEMENT_3D('',#11247,#11248,#11249);
#11251=CIRCLE('',#11250,1.5);
#11252=EDGE_CURVE('',#11238,#11246,#11251,.T.);
#11253=ORIENTED_EDGE('',*,*,#11252,.T.);
#11254=CARTESIAN_POINT('',(4678.8,-317.2,9.9));
#11255=DIRECTION('',(0.,0.,1.));
#11256=DIRECTION('',(1.,0.,-0.));
#11257=AXIS2_PLACEMENT_3D('',#11254,#11255,#11256);
#11258=CIRCLE('',#11257,1.5);
#11259=EDGE_CURVE('',#11246,#11238,#11258,.T.);
#11260=ORIENTED_EDGE('',*,*,#11259,.T.);
#11261=ORIENTED_EDGE('',*,*,#11243,.T.);
#11262=ORIENTED_EDGE('',*,*,#10674,.T.);
#11263=EDGE_LOOP('',(#11244,#11253,#11260,#11261,#11262));
#11264=FACE_BOUND('',#11263,.T.);
#11265=ADVANCED_FACE('',(#11264),#11236,.F.);
#11266=CARTESIAN_POINT('',(4676.5,-320.,9.9));
#11267=DIRECTION('',(0.,0.,1.));
#11268=DIRECTION('',(1.,0.,-0.));
#11269=AXIS2_PLACEMENT_3D('',#11266,#11267,#11268);
#11270=CYLINDRICAL_SURFACE('',#11269,2.5);
#11271=ORIENTED_EDGE('',*,*,#10373,.F.);
#11272=ORIENTED_EDGE('',*,*,#10932,.F.);
#11273=ORIENTED_EDGE('',*,*,#9472,.F.);
#11274=ORIENTED_EDGE('',*,*,#10910,.F.);
#11275=EDGE_LOOP('',(#11271,#11272,#11273,#11274));
#11276=FACE_BOUND('',#11275,.T.);
#11277=ADVANCED_FACE('',(#11276),#11270,.T.);
#11278=CARTESIAN_POINT('',(4725.9,-297.,7.));
#11279=DIRECTION('',(-0.,0.,-1.));
#11280=DIRECTION('',(-1.,0.,0.));
#11281=AXIS2_PLACEMENT_3D('',#11278,#11279,#11280);
#11282=CYLINDRICAL_SURFACE('',#11281,2.5);
#11283=ORIENTED_EDGE('',*,*,#9506,.F.);
#11284=ORIENTED_EDGE('',*,*,#10804,.F.);
#11285=ORIENTED_EDGE('',*,*,#10339,.F.);
#11286=ORIENTED_EDGE('',*,*,#11181,.F.);
#11287=EDGE_LOOP('',(#11283,#11284,#11285,#11286));
#11288=FACE_BOUND('',#11287,.T.);
#11289=ADVANCED_FACE('',(#11288),#11282,.T.);
#11290=CARTESIAN_POINT('',(4725.9,-320.,9.9));
#11291=DIRECTION('',(0.,0.,1.));
#11292=DIRECTION('',(1.,0.,-0.));
#11293=AXIS2_PLACEMENT_3D('',#11290,#11291,#11292);
#11294=CYLINDRICAL_SURFACE('',#11293,2.5);
#11295=ORIENTED_EDGE('',*,*,#10356,.F.);
#11296=ORIENTED_EDGE('',*,*,#10811,.F.);
#11297=ORIENTED_EDGE('',*,*,#9489,.F.);
#11298=ORIENTED_EDGE('',*,*,#10939,.F.);
#11299=EDGE_LOOP('',(#11295,#11296,#11297,#11298));
#11300=FACE_BOUND('',#11299,.T.);
#11301=ADVANCED_FACE('',(#11300),#11294,.T.);
#11302=CARTESIAN_POINT('',(4676.5,-297.,9.9));
#11303=DIRECTION('',(-0.,0.,-1.));
#11304=DIRECTION('',(-1.,0.,0.));
#11305=AXIS2_PLACEMENT_3D('',#11302,#11303,#11304);
#11306=CYLINDRICAL_SURFACE('',#11305,2.5);
#11307=ORIENTED_EDGE('',*,*,#9455,.F.);
#11308=ORIENTED_EDGE('',*,*,#11144,.F.);
#11309=ORIENTED_EDGE('',*,*,#10390,.F.);
#11310=ORIENTED_EDGE('',*,*,#10917,.F.);
#11311=EDGE_LOOP('',(#11307,#11308,#11309,#11310));
#11312=FACE_BOUND('',#11311,.T.);
#11313=ADVANCED_FACE('',(#11312),#11306,.T.);
#11314=CARTESIAN_POINT('',(4723.6,-317.2,9.9));
#11315=DIRECTION('',(0.,0.,1.));
#11316=DIRECTION('',(1.,0.,-0.));
#11317=AXIS2_PLACEMENT_3D('',#11314,#11315,#11316);
#11318=CONICAL_SURFACE('',#11317,1.5,45.);
#11319=CARTESIAN_POINT('',(4726.1,-317.2,10.9));
#11320=DIRECTION('',(-0.707106781,-0.,-0.707106781));
#11321=VECTOR('',#11320,1.414213562);
#11322=LINE('',#11319,#11321);
#11323=EDGE_CURVE('',#9281,#10230,#11322,.T.);
#11324=ORIENTED_EDGE('',*,*,#11323,.F.);
#11325=ORIENTED_EDGE('',*,*,#9287,.F.);
#11326=ORIENTED_EDGE('',*,*,#11323,.T.);
#11327=ORIENTED_EDGE('',*,*,#10236,.F.);
#11328=ORIENTED_EDGE('',*,*,#10243,.F.);
#11329=EDGE_LOOP('',(#11324,#11325,#11326,#11327,#11328));
#11330=FACE_BOUND('',#11329,.T.);
#11331=ADVANCED_FACE('',(#11330),#11318,.F.);
#11332=CARTESIAN_POINT('',(4678.8,-317.2,9.9));
#11333=DIRECTION('',(0.,0.,1.));
#11334=DIRECTION('',(1.,0.,-0.));
#11335=AXIS2_PLACEMENT_3D('',#11332,#11333,#11334);
#11336=CONICAL_SURFACE('',#11335,1.5,45.);
#11337=CARTESIAN_POINT('',(4681.3,-317.2,10.9));
#11338=DIRECTION('',(-0.707106781,-0.,-0.707106781));
#11339=VECTOR('',#11338,1.414213562);
#11340=LINE('',#11337,#11339);
#11341=EDGE_CURVE('',#9270,#11246,#11340,.T.);
#11342=ORIENTED_EDGE('',*,*,#11341,.F.);
#11343=ORIENTED_EDGE('',*,*,#9276,.F.);
#11344=ORIENTED_EDGE('',*,*,#11341,.T.);
#11345=ORIENTED_EDGE('',*,*,#11252,.F.);
#11346=ORIENTED_EDGE('',*,*,#11259,.F.);
#11347=EDGE_LOOP('',(#11342,#11343,#11344,#11345,#11346));
#11348=FACE_BOUND('',#11347,.T.);
#11349=ADVANCED_FACE('',(#11348),#11336,.F.);
#11350=CARTESIAN_POINT('',(4691.75,-284.7,4.4));
#11351=DIRECTION('',(0.,-1.,-0.));
#11352=DIRECTION('',(-0.,-0.,1.));
#11353=AXIS2_PLACEMENT_3D('',#11350,#11351,#11352);
#11354=PLANE('',#11353);
#11355=ORIENTED_EDGE('',*,*,#9421,.T.);
#11356=CARTESIAN_POINT('',(4687.3,-284.7,10.9));
#11357=DIRECTION('',(0.,0.,-1.));
#11358=VECTOR('',#11357,3.);
#11359=LINE('',#11356,#11358);
#11360=EDGE_CURVE('',#9407,#10418,#11359,.T.);
#11361=ORIENTED_EDGE('',*,*,#11360,.T.);
#11362=ORIENTED_EDGE('',*,*,#10423,.F.);
#11363=CARTESIAN_POINT('',(4685.2,-284.7,7.9));
#11364=DIRECTION('',(0.,-0.,1.));
#11365=VECTOR('',#11364,3.);
#11366=LINE('',#11363,#11365);
#11367=EDGE_CURVE('',#10409,#9416,#11366,.T.);
#11368=ORIENTED_EDGE('',*,*,#11367,.T.);
#11369=EDGE_LOOP('',(#11355,#11361,#11362,#11368));
#11370=FACE_BOUND('',#11369,.T.);
#11371=ADVANCED_FACE('',(#11370),#11354,.F.);
#11372=CARTESIAN_POINT('',(4720.35,-284.7,4.4));
#11373=DIRECTION('',(0.,-1.,-0.));
#11374=DIRECTION('',(-0.,-0.,1.));
#11375=AXIS2_PLACEMENT_3D('',#11372,#11373,#11374);
#11376=PLANE('',#11375);
#11377=ORIENTED_EDGE('',*,*,#10305,.F.);
#11378=CARTESIAN_POINT('',(4715.1,-284.7,7.9));
#11379=DIRECTION('',(-0.,-0.,1.));
#11380=VECTOR('',#11379,3.);
#11381=LINE('',#11378,#11380);
#11382=EDGE_CURVE('',#10291,#9534,#11381,.T.);
#11383=ORIENTED_EDGE('',*,*,#11382,.T.);
#11384=ORIENTED_EDGE('',*,*,#9539,.T.);
#11385=CARTESIAN_POINT('',(4717.2,-284.7,10.9));
#11386=DIRECTION('',(-0.,0.,-1.));
#11387=VECTOR('',#11386,3.);
#11388=LINE('',#11385,#11387);
#11389=EDGE_CURVE('',#9525,#10300,#11388,.T.);
#11390=ORIENTED_EDGE('',*,*,#11389,.T.);
#11391=EDGE_LOOP('',(#11377,#11383,#11384,#11390));
#11392=FACE_BOUND('',#11391,.T.);
#11393=ADVANCED_FACE('',(#11392),#11376,.F.);
#11394=CARTESIAN_POINT('',(4692.3,-282.2,4.4));
#11395=DIRECTION('',(0.,0.,-1.));
#11396=DIRECTION('',(-1.,0.,-0.));
#11397=AXIS2_PLACEMENT_3D('',#11394,#11395,#11396);
#11398=CYLINDRICAL_SURFACE('',#11397,2.5);
#11399=ORIENTED_EDGE('',*,*,#9404,.F.);
#11400=CARTESIAN_POINT('',(4692.3,-279.7,7.9));
#11401=DIRECTION('',(-0.,-0.,1.));
#11402=VECTOR('',#11401,3.);
#11403=LINE('',#11400,#11402);
#11404=EDGE_CURVE('',#10435,#9389,#11403,.T.);
#11405=ORIENTED_EDGE('',*,*,#11404,.F.);
#11406=ORIENTED_EDGE('',*,*,#10441,.F.);
#11407=CARTESIAN_POINT('',(4689.8,-282.2,10.9));
#11408=DIRECTION('',(0.,0.,-1.));
#11409=VECTOR('',#11408,3.);
#11410=LINE('',#11407,#11409);
#11411=EDGE_CURVE('',#9398,#10426,#11410,.T.);
#11412=ORIENTED_EDGE('',*,*,#11411,.F.);
#11413=EDGE_LOOP('',(#11399,#11405,#11406,#11412));
#11414=FACE_BOUND('',#11413,.T.);
#11415=ADVANCED_FACE('',(#11414),#11398,.T.);
#11416=CARTESIAN_POINT('',(4710.1,-282.2,9.9));
#11417=DIRECTION('',(0.,0.,-1.));
#11418=DIRECTION('',(-1.,0.,-0.));
#11419=AXIS2_PLACEMENT_3D('',#11416,#11417,#11418);
#11420=CYLINDRICAL_SURFACE('',#11419,2.5);
#11421=ORIENTED_EDGE('',*,*,#9351,.F.);
#11422=CARTESIAN_POINT('',(4712.6,-282.2,7.9));
#11423=DIRECTION('',(-0.,-0.,1.));
#11424=VECTOR('',#11423,3.);
#11425=LINE('',#11422,#11424);
#11426=EDGE_CURVE('',#10282,#9343,#11425,.T.);
#11427=ORIENTED_EDGE('',*,*,#11426,.F.);
#11428=ORIENTED_EDGE('',*,*,#10288,.F.);
#11429=CARTESIAN_POINT('',(4710.1,-279.7,10.9));
#11430=DIRECTION('',(0.,0.,-1.));
#11431=VECTOR('',#11430,3.);
#11432=LINE('',#11429,#11431);
#11433=EDGE_CURVE('',#9345,#10273,#11432,.T.);
#11434=ORIENTED_EDGE('',*,*,#11433,.F.);
#11435=EDGE_LOOP('',(#11421,#11427,#11428,#11434));
#11436=FACE_BOUND('',#11435,.T.);
#11437=ADVANCED_FACE('',(#11436),#11420,.T.);
#11438=CARTESIAN_POINT('',(4710.1,-282.2,9.5));
#11439=DIRECTION('',(-0.,0.,-1.));
#11440=DIRECTION('',(-0.,-1.,-0.));
#11441=AXIS2_PLACEMENT_3D('',#11438,#11439,#11440);
#11442=CYLINDRICAL_SURFACE('',#11441,1.5);
#11443=CARTESIAN_POINT('',(4710.1,-283.7,7.9));
#11444=DIRECTION('',(0.,-0.,1.));
#11445=VECTOR('',#11444,3.);
#11446=LINE('',#11443,#11445);
#11447=EDGE_CURVE('',#10490,#9325,#11446,.T.);
#11448=ORIENTED_EDGE('',*,*,#11447,.F.);
#11449=ORIENTED_EDGE('',*,*,#10498,.T.);
#11450=ORIENTED_EDGE('',*,*,#10505,.T.);
#11451=ORIENTED_EDGE('',*,*,#11447,.T.);
#11452=ORIENTED_EDGE('',*,*,#9331,.F.);
#11453=ORIENTED_EDGE('',*,*,#9338,.F.);
#11454=EDGE_LOOP('',(#11448,#11449,#11450,#11451,#11452,#11453));
#11455=FACE_BOUND('',#11454,.T.);
#11456=ADVANCED_FACE('',(#11455),#11442,.F.);
#11457=CARTESIAN_POINT('',(4692.3,-282.2,9.5));
#11458=DIRECTION('',(-0.,0.,-1.));
#11459=DIRECTION('',(-0.,-1.,-0.));
#11460=AXIS2_PLACEMENT_3D('',#11457,#11458,#11459);
#11461=CYLINDRICAL_SURFACE('',#11460,1.5);
#11462=CARTESIAN_POINT('',(4692.3,-283.7,7.9));
#11463=DIRECTION('',(0.,-0.,1.));
#11464=VECTOR('',#11463,3.);
#11465=LINE('',#11462,#11464);
#11466=EDGE_CURVE('',#10470,#9305,#11465,.T.);
#11467=ORIENTED_EDGE('',*,*,#11466,.F.);
#11468=ORIENTED_EDGE('',*,*,#10478,.T.);
#11469=ORIENTED_EDGE('',*,*,#10485,.T.);
#11470=ORIENTED_EDGE('',*,*,#11466,.T.);
#11471=ORIENTED_EDGE('',*,*,#9311,.F.);
#11472=ORIENTED_EDGE('',*,*,#9318,.F.);
#11473=EDGE_LOOP('',(#11467,#11468,#11469,#11470,#11471,#11472));
#11474=FACE_BOUND('',#11473,.T.);
#11475=ADVANCED_FACE('',(#11474),#11461,.F.);
#11476=CARTESIAN_POINT('',(4685.2,-287.2,-5.5));
#11477=DIRECTION('',(-0.,0.,-1.));
#11478=DIRECTION('',(0.,1.,0.));
#11479=AXIS2_PLACEMENT_3D('',#11476,#11477,#11478);
#11480=CYLINDRICAL_SURFACE('',#11479,2.5);
#11481=ORIENTED_EDGE('',*,*,#9430,.F.);
#11482=ORIENTED_EDGE('',*,*,#11367,.F.);
#11483=ORIENTED_EDGE('',*,*,#10415,.F.);
#11484=ORIENTED_EDGE('',*,*,#11120,.F.);
#11485=EDGE_LOOP('',(#11481,#11482,#11483,#11484));
#11486=FACE_BOUND('',#11485,.T.);
#11487=ADVANCED_FACE('',(#11486),#11480,.T.);
#11488=CARTESIAN_POINT('',(4717.2,-287.2,4.4));
#11489=DIRECTION('',(0.,-0.,1.));
#11490=DIRECTION('',(1.,0.,-0.));
#11491=AXIS2_PLACEMENT_3D('',#11488,#11489,#11490);
#11492=CYLINDRICAL_SURFACE('',#11491,2.5);
#11493=ORIENTED_EDGE('',*,*,#9531,.F.);
#11494=ORIENTED_EDGE('',*,*,#11159,.F.);
#11495=ORIENTED_EDGE('',*,*,#10314,.F.);
#11496=ORIENTED_EDGE('',*,*,#11389,.F.);
#11497=EDGE_LOOP('',(#11493,#11494,#11495,#11496));
#11498=FACE_BOUND('',#11497,.T.);
#11499=ADVANCED_FACE('',(#11498),#11492,.T.);
#11500=CARTESIAN_POINT('',(4689.8,-311.3,8.9));
#11501=DIRECTION('',(-0.,-0.,-1.));
#11502=DIRECTION('',(-1.,0.,0.));
#11503=AXIS2_PLACEMENT_3D('',#11500,#11501,#11502);
#11504=CYLINDRICAL_SURFACE('',#11503,2.);
#11505=ORIENTED_EDGE('',*,*,#10581,.F.);
#11506=ORIENTED_EDGE('',*,*,#11046,.F.);
#11507=ORIENTED_EDGE('',*,*,#9165,.F.);
#11508=ORIENTED_EDGE('',*,*,#10954,.F.);
#11509=EDGE_LOOP('',(#11505,#11506,#11507,#11508));
#11510=FACE_BOUND('',#11509,.T.);
#11511=ADVANCED_FACE('',(#11510),#11504,.F.);
#11512=CARTESIAN_POINT('',(4689.8,-292.9,6.4));
#11513=DIRECTION('',(-0.,-0.,-1.));
#11514=DIRECTION('',(-1.,0.,0.));
#11515=AXIS2_PLACEMENT_3D('',#11512,#11513,#11514);
#11516=CYLINDRICAL_SURFACE('',#11515,2.);
#11517=ORIENTED_EDGE('',*,*,#10564,.F.);
#11518=ORIENTED_EDGE('',*,*,#10826,.F.);
#11519=ORIENTED_EDGE('',*,*,#9182,.F.);
#11520=ORIENTED_EDGE('',*,*,#11039,.F.);
#11521=EDGE_LOOP('',(#11517,#11518,#11519,#11520));
#11522=FACE_BOUND('',#11521,.T.);
#11523=ADVANCED_FACE('',(#11522),#11516,.F.);
#11524=CARTESIAN_POINT('',(4697.1,-284.7,-527.3));
#11525=DIRECTION('',(-0.,1.,0.));
#11526=DIRECTION('',(-1.,-0.,0.));
#11527=AXIS2_PLACEMENT_3D('',#11524,#11525,#11526);
#11528=PLANE('',#11527);
#11529=ORIENTED_EDGE('',*,*,#9377,.F.);
#11530=CARTESIAN_POINT('',(4705.1,-284.7,10.9));
#11531=DIRECTION('',(-0.,0.,-1.));
#11532=VECTOR('',#11531,3.);
#11533=LINE('',#11530,#11532);
#11534=EDGE_CURVE('',#9363,#10262,#11533,.T.);
#11535=ORIENTED_EDGE('',*,*,#11534,.T.);
#11536=ORIENTED_EDGE('',*,*,#10465,.T.);
#11537=CARTESIAN_POINT('',(4697.3,-284.7,7.9));
#11538=DIRECTION('',(-0.,-0.,1.));
#11539=VECTOR('',#11538,3.);
#11540=LINE('',#11537,#11539);
#11541=EDGE_CURVE('',#10453,#9372,#11540,.T.);
#11542=ORIENTED_EDGE('',*,*,#11541,.T.);
#11543=EDGE_LOOP('',(#11529,#11535,#11536,#11542));
#11544=FACE_BOUND('',#11543,.T.);
#11545=ADVANCED_FACE('',(#11544),#11528,.T.);
#11546=CARTESIAN_POINT('',(4697.3,-282.2,9.9));
#11547=DIRECTION('',(0.,0.,-1.));
#11548=DIRECTION('',(0.,1.,0.));
#11549=AXIS2_PLACEMENT_3D('',#11546,#11547,#11548);
#11550=CYLINDRICAL_SURFACE('',#11549,2.5);
#11551=CARTESIAN_POINT('',(4694.8,-282.2,10.9));
#11552=DIRECTION('',(0.,0.,-1.));
#11553=VECTOR('',#11552,3.);
#11554=LINE('',#11551,#11553);
#11555=EDGE_CURVE('',#9380,#10444,#11554,.T.);
#11556=ORIENTED_EDGE('',*,*,#11555,.F.);
#11557=ORIENTED_EDGE('',*,*,#9386,.F.);
#11558=ORIENTED_EDGE('',*,*,#11541,.F.);
#11559=ORIENTED_EDGE('',*,*,#10459,.F.);
#11560=EDGE_LOOP('',(#11556,#11557,#11558,#11559));
#11561=FACE_BOUND('',#11560,.T.);
#11562=ADVANCED_FACE('',(#11561),#11550,.F.);
#11563=CARTESIAN_POINT('',(4692.3,-282.2,9.9));
#11564=DIRECTION('',(-0.,-0.,-1.));
#11565=DIRECTION('',(-1.,0.,0.));
#11566=AXIS2_PLACEMENT_3D('',#11563,#11564,#11565);
#11567=CYLINDRICAL_SURFACE('',#11566,2.5);
#11568=ORIENTED_EDGE('',*,*,#9395,.F.);
#11569=ORIENTED_EDGE('',*,*,#11555,.T.);
#11570=ORIENTED_EDGE('',*,*,#10450,.F.);
#11571=ORIENTED_EDGE('',*,*,#11404,.T.);
#11572=EDGE_LOOP('',(#11568,#11569,#11570,#11571));
#11573=FACE_BOUND('',#11572,.T.);
#11574=ADVANCED_FACE('',(#11573),#11567,.T.);
#11575=CARTESIAN_POINT('',(4687.3,-282.2,4.4));
#11576=DIRECTION('',(-0.,-0.,1.));
#11577=DIRECTION('',(1.,0.,0.));
#11578=AXIS2_PLACEMENT_3D('',#11575,#11576,#11577);
#11579=CYLINDRICAL_SURFACE('',#11578,2.5);
#11580=ORIENTED_EDGE('',*,*,#9413,.F.);
#11581=ORIENTED_EDGE('',*,*,#11411,.T.);
#11582=ORIENTED_EDGE('',*,*,#10432,.F.);
#11583=ORIENTED_EDGE('',*,*,#11360,.F.);
#11584=EDGE_LOOP('',(#11580,#11581,#11582,#11583));
#11585=FACE_BOUND('',#11584,.T.);
#11586=ADVANCED_FACE('',(#11585),#11579,.F.);
#11587=CARTESIAN_POINT('',(4705.1,-282.2,9.9));
#11588=DIRECTION('',(0.,-0.,1.));
#11589=DIRECTION('',(0.,-1.,-0.));
#11590=AXIS2_PLACEMENT_3D('',#11587,#11588,#11589);
#11591=CYLINDRICAL_SURFACE('',#11590,2.5);
#11592=ORIENTED_EDGE('',*,*,#10270,.F.);
#11593=ORIENTED_EDGE('',*,*,#11534,.F.);
#11594=ORIENTED_EDGE('',*,*,#9369,.F.);
#11595=CARTESIAN_POINT('',(4707.6,-282.2,7.9));
#11596=DIRECTION('',(0.,-0.,1.));
#11597=VECTOR('',#11596,3.);
#11598=LINE('',#11595,#11597);
#11599=EDGE_CURVE('',#10264,#9354,#11598,.T.);
#11600=ORIENTED_EDGE('',*,*,#11599,.F.);
#11601=EDGE_LOOP('',(#11592,#11593,#11594,#11600));
#11602=FACE_BOUND('',#11601,.T.);
#11603=ADVANCED_FACE('',(#11602),#11591,.F.);
#11604=CARTESIAN_POINT('',(4710.1,-282.2,9.9));
#11605=DIRECTION('',(0.,0.,1.));
#11606=DIRECTION('',(1.,0.,-0.));
#11607=AXIS2_PLACEMENT_3D('',#11604,#11605,#11606);
#11608=CYLINDRICAL_SURFACE('',#11607,2.5);
#11609=ORIENTED_EDGE('',*,*,#10279,.F.);
#11610=ORIENTED_EDGE('',*,*,#11599,.T.);
#11611=ORIENTED_EDGE('',*,*,#9360,.F.);
#11612=ORIENTED_EDGE('',*,*,#11433,.T.);
#11613=EDGE_LOOP('',(#11609,#11610,#11611,#11612));
#11614=FACE_BOUND('',#11613,.T.);
#11615=ADVANCED_FACE('',(#11614),#11608,.T.);
#11616=CARTESIAN_POINT('',(4715.1,-282.2,4.4));
#11617=DIRECTION('',(-0.,-0.,1.));
#11618=DIRECTION('',(1.,0.,0.));
#11619=AXIS2_PLACEMENT_3D('',#11616,#11617,#11618);
#11620=CYLINDRICAL_SURFACE('',#11619,2.5);
#11621=ORIENTED_EDGE('',*,*,#9546,.F.);
#11622=ORIENTED_EDGE('',*,*,#11382,.F.);
#11623=ORIENTED_EDGE('',*,*,#10297,.F.);
#11624=ORIENTED_EDGE('',*,*,#11426,.T.);
#11625=EDGE_LOOP('',(#11621,#11622,#11623,#11624));
#11626=FACE_BOUND('',#11625,.T.);
#11627=ADVANCED_FACE('',(#11626),#11620,.F.);
#11628=CARTESIAN_POINT('',(4710.483381816,-318.782618084,19.944959665));
#11629=DIRECTION('',(-0.984218216,-0.176959042,0.000000011));
#11630=DIRECTION('',(0.176959042,-0.984218216,-0.000000006));
#11631=AXIS2_PLACEMENT_3D('',#11628,#11629,#11630);
#11632=CYLINDRICAL_SURFACE('',#11631,2.329225521);
#11633=ORIENTED_EDGE('',*,*,#8871,.F.);
#11634=ORIENTED_EDGE('',*,*,#8990,.F.);
#11635=ORIENTED_EDGE('',*,*,#9086,.F.);
#11636=ORIENTED_EDGE('',*,*,#8969,.F.);
#11637=EDGE_LOOP('',(#11633,#11634,#11635,#11636));
#11638=FACE_BOUND('',#11637,.T.);
#11639=ADVANCED_FACE('',(#11638),#11632,.T.);
#11640=CARTESIAN_POINT('',(4682.659005759,-301.24214972,19.945002366));
#11641=DIRECTION('',(0.338858141,0.940837478,0.));
#11642=DIRECTION('',(-0.940837478,0.338858141,0.));
#11643=AXIS2_PLACEMENT_3D('',#11640,#11641,#11642);
#11644=CYLINDRICAL_SURFACE('',#11643,2.329225521);
#11645=ORIENTED_EDGE('',*,*,#9711,.F.);
#11646=ORIENTED_EDGE('',*,*,#9821,.F.);
#11647=ORIENTED_EDGE('',*,*,#9897,.F.);
#11648=ORIENTED_EDGE('',*,*,#9800,.F.);
#11649=EDGE_LOOP('',(#11645,#11646,#11647,#11648));
#11650=FACE_BOUND('',#11649,.T.);
#11651=ADVANCED_FACE('',(#11650),#11644,.T.);
#11652=CARTESIAN_POINT('',(4712.107638799,-287.544081388,19.944949515));
#11653=DIRECTION('',(0.645359264,-0.763879192,0.000000525));
#11654=DIRECTION('',(0.763879192,0.645359264,-0.000000303));
#11655=AXIS2_PLACEMENT_3D('',#11652,#11653,#11654);
#11656=CYLINDRICAL_SURFACE('',#11655,2.329225521);
#11657=ORIENTED_EDGE('',*,*,#10022,.F.);
#11658=ORIENTED_EDGE('',*,*,#10132,.F.);
#11659=ORIENTED_EDGE('',*,*,#10208,.F.);
#11660=ORIENTED_EDGE('',*,*,#10111,.F.);
#11661=EDGE_LOOP('',(#11657,#11658,#11659,#11660));
#11662=FACE_BOUND('',#11661,.T.);
#11663=ADVANCED_FACE('',(#11662),#11656,.T.);
#11664=CARTESIAN_POINT('',(4701.,-290.,-3.7));
#11665=DIRECTION('',(-0.,-0.,-1.));
#11666=DIRECTION('',(-1.,-0.,0.));
#11667=AXIS2_PLACEMENT_3D('',#11664,#11665,#11666);
#11668=CYLINDRICAL_SURFACE('',#11667,1.);
#11669=ORIENTED_EDGE('',*,*,#10693,.T.);
#11670=ORIENTED_EDGE('',*,*,#10788,.T.);
#11671=ORIENTED_EDGE('',*,*,#10833,.F.);
#11672=ORIENTED_EDGE('',*,*,#10547,.T.);
#11673=EDGE_LOOP('',(#11669,#11670,#11671,#11672));
#11674=FACE_BOUND('',#11673,.T.);
#11675=ADVANCED_FACE('',(#11674),#11668,.F.);
#11676=CARTESIAN_POINT('',(4701.,-290.,2.9));
#11677=DIRECTION('',(0.,0.,-1.));
#11678=DIRECTION('',(1.,-0.,0.));
#11679=AXIS2_PLACEMENT_3D('',#11676,#11677,#11678);
#11680=CYLINDRICAL_SURFACE('',#11679,2.5);
#11681=ORIENTED_EDGE('',*,*,#10725,.F.);
#11682=ORIENTED_EDGE('',*,*,#9199,.T.);
#11683=ORIENTED_EDGE('',*,*,#10851,.F.);
#11684=ORIENTED_EDGE('',*,*,#10759,.F.);
#11685=EDGE_LOOP('',(#11681,#11682,#11683,#11684));
#11686=FACE_BOUND('',#11685,.T.);
#11687=ADVANCED_FACE('',(#11686),#11680,.T.);
#11688=CLOSED_SHELL('',(#8768,#8793,#8822,#8857,#8899,#8932,#8973,#9018,#9050,#9068,#9091,#9591,#9608,#9633,#9662,#9697,#9739,#9772,#9804,#9849,#9871,#9884,#9902,#9919,#9944,#9973,
#10008,#10050,#10083,#10115,#10160,#10182,#10195,#10213,#10255,#10681,#10713,#10745,#10769,#10793,#10815,#10855,#10877,#10899,#10921,#10943,#10960,#10972,#10994,#11011,#11028,
#11050,#11085,#11097,#11109,#11131,#11148,#11170,#11187,#11212,#11221,#11231,#11265,#11277,#11289,#11301,#11313,#11331,#11349,#11371,#11393,#11415,#11437,#11456,#11475,#11487,
#11499,#11511,#11523,#11545,#11562,#11574,#11586,#11603,#11615,#11627,#11639,#11651,#11663,#11675,#11687));
#11689=MANIFOLD_SOLID_BREP('sensor-mount',#11688);
#8751=STYLED_ITEM('',(#619),#11689);
#8732=SHAPE_REPRESENTATION('usb',(#15),#8730);
#8733=ADVANCED_BREP_SHAPE_REPRESENTATION('usb',(#11689),#8730);
#11697=SHAPE_REPRESENTATION_RELATIONSHIP('','',#8732,#8733);
#11698=CARTESIAN_POINT('',(0.,0.,0.));
#11699=DIRECTION('',(0.,0.,1.));
#11700=DIRECTION('',(1.,0.,0.));
#11701=AXIS2_PLACEMENT_3D('',#11698,#11699,#11700);
#11703=MAPPED_ITEM('',#11702,#11701);
#11702=REPRESENTATION_MAP(#11701,#8732);
#8740=PRODUCT('usb','usb','',(#4698));
#11704=PRODUCT_RELATED_PRODUCT_CATEGORY('part','',(#8740));
#11705=PRODUCT_DEFINITION_FORMATION_WITH_SPECIFIED_SOURCE('','',#8740,.NOT_KNOWN.);
#8741=PRODUCT_DEFINITION('design','',#11705,#4699);
#8739=PRODUCT_DEFINITION_SHAPE('','',#8741);
#11706=SHAPE_DEFINITION_REPRESENTATION(#8739,#8732);
#8731=DRAUGHTING_MODEL('',(#11703),#8730);
#8704=SHAPE_REPRESENTATION('bottom',(#15,#8745),#8702);
#11707=CARTESIAN_POINT('',(0.,0.,0.));
#11708=DIRECTION('',(0.,0.,1.));
#11709=DIRECTION('',(1.,0.,0.));
#11710=AXIS2_PLACEMENT_3D('',#11707,#11708,#11709);
#11712=MAPPED_ITEM('',#11711,#11710);
#11711=REPRESENTATION_MAP(#11710,#8704);
#8712=PRODUCT('bottom','bottom','',(#4698));
#11713=PRODUCT_RELATED_PRODUCT_CATEGORY('part','',(#8712));
#11714=PRODUCT_DEFINITION_FORMATION_WITH_SPECIFIED_SOURCE('','',#8712,.NOT_KNOWN.);
#8713=PRODUCT_DEFINITION('design','',#11714,#4699);
#8711=PRODUCT_DEFINITION_SHAPE('','',#8713);
#11715=SHAPE_DEFINITION_REPRESENTATION(#8711,#8704);
#8703=DRAUGHTING_MODEL('',(#11712),#8702);
#8676=SHAPE_REPRESENTATION('usb.x_t',(#15,#8717),#8674);
#11716=CARTESIAN_POINT('',(0.,0.,0.));
#11717=DIRECTION('',(0.,0.,1.));
#11718=DIRECTION('',(1.,0.,0.));
#11719=AXIS2_PLACEMENT_3D('',#11716,#11717,#11718);
#11721=MAPPED_ITEM('',#11720,#11719);
#11720=REPRESENTATION_MAP(#11719,#8676);
#8684=PRODUCT('usb.x_t','usb.x_t','',(#4698));
#11722=PRODUCT_RELATED_PRODUCT_CATEGORY('part','',(#8684));
#11723=PRODUCT_DEFINITION_FORMATION_WITH_SPECIFIED_SOURCE('','',#8684,.NOT_KNOWN.);
#8685=PRODUCT_DEFINITION('design','',#11723,#4699);
#8683=PRODUCT_DEFINITION_SHAPE('','',#8685);
#11724=SHAPE_DEFINITION_REPRESENTATION(#8683,#8676);
#8675=DRAUGHTING_MODEL('',(#11721),#8674);
#16=SHAPE_REPRESENTATION('root',(#15,#48,#4786,#8689),#10);
#11725=CARTESIAN_POINT('',(0.,0.,0.));
#11726=DIRECTION('',(0.,0.,1.));
#11727=DIRECTION('',(1.,0.,0.));
#11728=AXIS2_PLACEMENT_3D('',#11725,#11726,#11727);
#11730=MAPPED_ITEM('',#11729,#11728);
#11729=REPRESENTATION_MAP(#11728,#16);
#24=PRODUCT('root','root','',(#4698));
#11731=PRODUCT_RELATED_PRODUCT_CATEGORY('part','',(#24));
#11732=PRODUCT_DEFINITION_FORMATION_WITH_SPECIFIED_SOURCE('','',#24,.NOT_KNOWN.);
#25=PRODUCT_DEFINITION('design','',#11732,#4699);
#23=PRODUCT_DEFINITION_SHAPE('','',#25);
#11733=SHAPE_DEFINITION_REPRESENTATION(#23,#16);
#11=DRAUGHTING_MODEL('',(#11730),#10);
#11734=DESCRIPTIVE_REPRESENTATION_ITEM('KEY','/Users/slvt/Library/Containers/com.shapr3d.shapr/Data/tmp/39060DC7-927E-464C-B994-C2F425F037DD.tmp');
#11735=PROPERTY_DEFINITION('KEY','',#25);
#11736=REPRESENTATION('',(#11734),#10);
#11737=PROPERTY_DEFINITION_REPRESENTATION(#11735,#11736);
#11738=GENERAL_PROPERTY('','KEY','');
#11739=GENERAL_PROPERTY_ASSOCIATION('','',#11738,#11735);
#1=MECHANICAL_DESIGN_GEOMETRIC_PRESENTATION_REPRESENTATION('',(#110,#676,#3462,#4820,#8751),#10);
ENDSEC;
END-ISO-10303-21;
